stage,ablation_type,features_used,roc_auc,pr_auc,balanced_acc,brier_score
Stage 1 (2->4),Full Provisional Set (14),14,0.5212,0.2466,0.5398,0.2604
Stage 1 (2->4),Only query_complexity,3,0.4073,0.2037,0.4136,0.2524
Stage 1 (2->4),Only bm25_retrieval,2,0.5362,0.2756,0.5409,0.2488
Stage 1 (2->4),Only semantic_similarity,2,0.5309,0.2611,0.5392,0.2482
Stage 1 (2->4),Only lexical_coverage,4,0.4284,0.2093,0.4528,0.2556
Stage 1 (2->4),Only passage_diversity,2,0.4041,0.199,0.4426,0.2589
Stage 1 (2->4),Only evidence_structure,2,0.553,0.2642,0.5392,0.25
Stage 1 (2->4),LOFO (Drop query_complexity),11,0.5339,0.2685,0.5273,0.2567
Stage 1 (2->4),LOFO (Drop bm25_retrieval),12,0.4979,0.2361,0.4773,0.2621
Stage 1 (2->4),LOFO (Drop semantic_similarity),12,0.4885,0.2382,0.4585,0.2636
Stage 1 (2->4),LOFO (Drop lexical_coverage),11,0.5496,0.2548,0.5312,0.2561
Stage 1 (2->4),LOFO (Drop passage_diversity),12,0.5272,0.2464,0.5267,0.254
Stage 1 (2->4),LOFO (Drop evidence_structure),12,0.4682,0.2162,0.4869,0.2652
Stage 2 (4->6),Full Provisional Set (14),14,0.6471,0.3089,0.6172,0.2314
Stage 2 (4->6),Only query_complexity,3,0.535,0.2228,0.5072,0.2492
Stage 2 (4->6),Only bm25_retrieval,2,0.6501,0.3093,0.5919,0.2331
Stage 2 (4->6),Only semantic_similarity,2,0.5947,0.2412,0.5876,0.2416
Stage 2 (4->6),Only lexical_coverage,4,0.6228,0.2638,0.5819,0.2364
Stage 2 (4->6),Only passage_diversity,2,0.6033,0.2994,0.578,0.2425
Stage 2 (4->6),Only evidence_structure,2,0.5597,0.2292,0.5631,0.246
Stage 2 (4->6),LOFO (Drop query_complexity),11,0.6446,0.3018,0.5835,0.23
Stage 2 (4->6),LOFO (Drop bm25_retrieval),12,0.6464,0.2866,0.6203,0.2308
Stage 2 (4->6),LOFO (Drop semantic_similarity),12,0.6545,0.3239,0.631,0.231
Stage 2 (4->6),LOFO (Drop lexical_coverage),11,0.6548,0.3118,0.6367,0.233
Stage 2 (4->6),LOFO (Drop passage_diversity),12,0.6339,0.3047,0.603,0.2343
Stage 2 (4->6),LOFO (Drop evidence_structure),12,0.6548,0.3184,0.6283,0.229
Stage 3 (6->8),Full Provisional Set (14),14,0.6056,0.2635,0.5596,0.2328
Stage 3 (6->8),Only query_complexity,3,0.5436,0.1895,0.5871,0.2461
Stage 3 (6->8),Only bm25_retrieval,2,0.5652,0.2282,0.6143,0.2419
Stage 3 (6->8),Only semantic_similarity,2,0.5375,0.201,0.5029,0.2472
Stage 3 (6->8),Only lexical_coverage,4,0.5687,0.2299,0.492,0.2385
Stage 3 (6->8),Only passage_diversity,2,0.5294,0.2181,0.4972,0.244
Stage 3 (6->8),Only evidence_structure,2,0.5711,0.2052,0.5673,0.2468
Stage 3 (6->8),LOFO (Drop query_complexity),11,0.563,0.2272,0.5738,0.2351
Stage 3 (6->8),LOFO (Drop bm25_retrieval),12,0.6141,0.2382,0.5293,0.2333
Stage 3 (6->8),LOFO (Drop semantic_similarity),12,0.6099,0.2629,0.568,0.2321
Stage 3 (6->8),LOFO (Drop lexical_coverage),11,0.6149,0.2601,0.5815,0.235
Stage 3 (6->8),LOFO (Drop passage_diversity),12,0.6332,0.2706,0.5712,0.2278
Stage 3 (6->8),LOFO (Drop evidence_structure),12,0.5985,0.2588,0.5442,0.2355
