policy,mean_f1,mean_k,mean_context_tokens,context_reduction_pct_vs_k8,f1_per_1k_tokens,mean_regret,median_regret,fraction_zero_regret,pct_k2,pct_k4,pct_k6,pct_k8
Policy A (2->4->6->8),0.3318,3.5,842.6,52.08,0.3937,0.1577,0.0,61.9,55.0,19.0,22.1,3.9
Policy B (Start k=4->6->8),0.3845,5.0,1152.3,34.47,0.3337,0.105,0.0,70.56,0.0,58.9,32.0,9.1
"Policy C1 (Start k=4, stop k=6)",0.3842,4.82,1115.9,36.54,0.3443,0.1053,0.0,69.7,0.0,58.9,41.1,0.0
"Policy C2 (Start k=4, expand k=8)",0.3797,5.65,1280.2,27.2,0.2966,0.1098,0.0,69.26,0.0,58.9,0.0,41.1
"Policy D1 (Conservative S1, t=0.60)",0.3088,2.22,579.0,67.07,0.5333,0.1806,0.0,57.58,93.5,2.6,3.5,0.4
"Policy D2 (High-Recall S1, t=0.30)",0.3853,4.88,1127.3,35.89,0.3418,0.1042,0.0,70.56,3.5,57.6,30.3,8.7
Ridge Regression (delta=0.01),0.3675,5.45,1241.6,29.39,0.296,0.122,0.0,69.26,12.6,26.4,37.2,23.8
Nested_Tuned_OOF_utility,0.305,2.54,645.1,63.32,0.4729,0.1844,0.0,,83.1,7.4,9.1,0.4
Static k=2,0.30383506493506496,2.0,534.5,69.6,,0.18555584415584417,,,100.0,0.0,0.0,0.0
Static k=4,0.3596008658008658,4.0,946.1,46.2,,0.12982034632034634,,,0.0,100.0,0.0,0.0
Static k=6,0.38569913419913415,6.0,1359.1,22.71,,0.10377748917748918,,,0.0,0.0,100.0,0.0
Static k=8,0.3949948051948052,8.0,1758.5,0.0,,0.09445887445887445,,,0.0,0.0,0.0,100.0
Oracle Sequential (delta=0.01),0.4069,2.56,650.3,63.02,,0.0825,,,76.2,19.9,3.5,0.4
Epsilon Oracle (epsilon=0.01),0.48939090909090904,3.4935064935064934,841.3,52.16,,0.0,,,57.1,17.3,8.2,10.0
