policy,mean_f1,mean_k,mean_context_tokens,context_reduction_pct_vs_k8,f1_per_1k_tokens,mean_regret,median_regret,fraction_zero_regret,pct_k2,pct_k4,pct_k6,pct_k8,threshold
Threshold_t=0.10,0.395,7.84,1725.0,1.91,0.229,0.0945,0.0,70.56,2.2,0.9,0.0,97.0,0.1
Threshold_t=0.15,0.3916,7.7,1696.8,3.51,0.2308,0.0979,0.0,69.7,2.2,4.3,0.0,93.5,0.15
Threshold_t=0.20,0.3863,7.54,1665.2,5.31,0.232,0.1032,0.0,69.7,2.2,8.2,0.0,89.6,0.2
Threshold_t=0.25,0.3915,7.38,1631.9,7.2,0.2399,0.098,0.0,71.86,2.2,11.7,1.3,84.8,0.25
Threshold_t=0.30,0.3846,7.03,1561.7,11.19,0.2463,0.1048,0.0,70.56,3.5,16.9,4.3,75.3,0.3
Threshold_t=0.35,0.3767,6.55,1463.3,16.78,0.2575,0.1127,0.0,68.4,6.1,22.9,8.7,62.3,0.35
Threshold_t=0.40,0.3629,5.97,1345.9,23.46,0.2696,0.1266,0.0,66.67,7.8,31.6,15.2,45.5,0.4
Threshold_t=0.45,0.3554,5.12,1173.6,33.26,0.3028,0.1341,0.0,63.2,18.6,32.0,24.2,25.1,0.45
Threshold_t=0.50,0.3318,3.5,842.6,52.08,0.3937,0.1577,0.0,61.9,55.0,19.0,22.1,3.9,0.5
Threshold_t=0.55,0.318,2.56,650.4,63.02,0.489,0.1714,0.0,60.17,83.1,6.5,9.5,0.9,0.55
Threshold_t=0.60,0.3068,2.19,573.7,67.37,0.5348,0.1825,0.0,57.14,93.5,3.5,3.0,0.0,0.6
Threshold_t=0.65,0.3033,2.09,552.3,68.59,0.5491,0.1861,0.0,57.14,97.0,1.7,1.3,0.0,0.65
Threshold_t=0.70,0.3038,2.0,534.5,69.6,0.5684,0.1856,0.0,57.14,100.0,0.0,0.0,0.0,0.7
Threshold_t=0.75,0.3038,2.0,534.5,69.6,0.5684,0.1856,0.0,57.14,100.0,0.0,0.0,0.0,0.75
Threshold_t=0.80,0.3038,2.0,534.5,69.6,0.5684,0.1856,0.0,57.14,100.0,0.0,0.0,0.0,0.8
Threshold_t=0.85,0.3038,2.0,534.5,69.6,0.5684,0.1856,0.0,57.14,100.0,0.0,0.0,0.0,0.85
Threshold_t=0.90,0.3038,2.0,534.5,69.6,0.5684,0.1856,0.0,57.14,100.0,0.0,0.0,0.0,0.9
