system,mean_f1,mean_k,mean_context_tokens,context_reduction_pct_vs_k8,mean_epsilon_regret,mean_oracle_regret,target_accuracy,oracle_headroom_recovered_pct
Static k=5,0.3629,5.0,1157.0,34.21,0.1266,0.1266,0.0736,-34.0
Static k=8,0.395,8.0,1758.5,0.0,0.0945,0.0945,0.0996,0.0
Best Static SARA (k=8),0.395,8.0,1758.5,0.0,0.0945,0.0945,0.0996,0.0
Random Allocation,0.3709,4.9,1131.0,35.68,0.1185,0.1186,0.2035,-25.45
QCCA-Rule,0.3286,3.56,854.4,51.41,0.1608,0.1609,0.3247,-70.26
QCCA-LogReg,0.3034,2.03,539.8,69.3,0.186,0.1862,0.5671,-96.96
QCCA-Tree,0.3282,2.66,671.0,61.84,0.1612,0.1613,0.4892,-70.7
Epsilon Oracle (ε=0.01),0.4894,3.49,841.3,52.16,0.0,0.0001,1.0,99.88
Quality Oracle,0.4895,3.53,848.4,51.75,0.0,0.0,0.9827,100.0
