question_id,paper_id,fold,target_k,pred_k_rule,pred_k_logreg,pred_k_tree,f1_pred_rule,context_tokens_pred_rule,f1_pred_logreg,context_tokens_pred_logreg,f1_pred_tree,context_tokens_pred_tree,f1_static_best,f1_oracle,f1_target
90.0,24.0,4,2,4,2,4,0.0,946.1,0.1176,534.5,0.0,946.1,0.0,0.1176,0.1176
91.0,24.0,4,2,8,2,2,0.0,1758.5,0.0,534.5,0.0,534.5,0.0,0.0,0.0
92.0,24.0,4,2,8,2,2,0.6667,1758.5,1.0,534.5,1.0,534.5,0.6667,1.0,1.0
93.0,24.0,4,2,8,2,2,0.0,1758.5,0.0,534.5,0.0,534.5,0.0,0.0,0.0
94.0,24.0,4,2,5,2,2,0.0,1157.0,0.0,534.5,0.0,534.5,0.0,0.0,0.0
95.0,24.0,4,2,4,2,2,0.0,946.1,0.0,534.5,0.0,534.5,0.0,0.0,0.0
104.0,28.0,0,2,2,2,4,0.0,534.5,0.0,534.5,0.0,946.1,0.0,0.0,0.0
105.0,28.0,0,4,2,2,4,0.1538,534.5,0.1538,534.5,0.4444,946.1,0.4444,0.4444,0.4444
116.0,33.0,1,6,2,2,2,0.0,534.5,0.0,534.5,0.0,534.5,0.5,0.5,0.5
117.0,33.0,1,8,2,2,2,0.16,534.5,0.16,534.5,0.16,534.5,0.4762,0.4762,0.4762
118.0,33.0,1,2,2,2,2,0.0,534.5,0.0,534.5,0.0,534.5,0.0,0.0,0.0
125.0,36.0,3,2,2,2,4,0.5306,534.5,0.5306,534.5,0.5306,946.1,0.5306,0.5306,0.5306
126.0,36.0,3,5,2,2,4,0.127,534.5,0.127,534.5,0.16,946.1,0.1923,0.3438,0.3385
127.0,36.0,3,6,2,2,4,0.4286,534.5,0.4286,534.5,0.5,946.1,0.5,0.8571,0.8571
153.0,45.0,0,2,5,2,2,1.0,1157.0,1.0,534.5,1.0,534.5,1.0,1.0,1.0
154.0,45.0,0,6,5,2,2,0.0,1157.0,0.0,534.5,0.0,534.5,0.0,0.2857,0.2857
155.0,45.0,0,2,6,2,2,0.129,1359.1,0.1667,534.5,0.1667,534.5,0.129,0.1667,0.1667
156.0,45.0,0,8,2,2,2,0.0,534.5,0.0,534.5,0.0,534.5,0.5333,0.5333,0.5333
171.0,49.0,1,8,2,2,2,0.0741,534.5,0.0741,534.5,0.0741,534.5,0.6087,0.6087,0.6087
172.0,49.0,1,2,4,2,2,1.0,946.1,1.0,534.5,1.0,534.5,0.0,1.0,1.0
173.0,49.0,1,2,2,2,2,0.75,534.5,0.75,534.5,0.75,534.5,0.75,0.75,0.75
174.0,49.0,1,8,2,2,2,0.0,534.5,0.0,534.5,0.0,534.5,0.1429,0.1429,0.1429
283.0,78.0,2,8,2,2,2,0.9412,534.5,0.9412,534.5,0.9412,534.5,1.0,1.0,1.0
284.0,78.0,2,2,2,2,2,0.1905,534.5,0.1905,534.5,0.1905,534.5,0.1905,0.1905,0.1905
285.0,78.0,2,2,2,2,4,1.0,534.5,1.0,534.5,1.0,946.1,1.0,1.0,1.0
340.0,92.0,1,2,2,2,2,0.0,534.5,0.0,534.5,0.0,534.5,0.0,0.0,0.0
341.0,92.0,1,2,4,2,2,0.0,946.1,0.0,534.5,0.0,534.5,0.0,0.0,0.0
342.0,92.0,1,2,2,2,2,0.5,534.5,0.5,534.5,0.5,534.5,0.5,0.5,0.5
343.0,92.0,1,5,2,2,2,0.1702,534.5,0.1702,534.5,0.1702,534.5,0.2759,0.3636,0.3636
344.0,92.0,1,4,2,2,2,0.0,534.5,0.0,534.5,0.0,534.5,1.0,1.0,1.0
345.0,92.0,1,2,2,2,2,0.0,534.5,0.0,534.5,0.0,534.5,0.0,0.0,0.0
346.0,92.0,1,2,2,2,2,0.0,534.5,0.0,534.5,0.0,534.5,0.0,0.0,0.0
347.0,92.0,1,2,2,2,2,0.0,534.5,0.0,534.5,0.0,534.5,0.0,0.0,0.0
348.0,92.0,1,2,6,2,2,1.0,1359.1,1.0,534.5,1.0,534.5,1.0,1.0,1.0
398.0,105.0,0,2,4,2,2,0.1224,946.1,0.4615,534.5,0.4615,534.5,0.0392,0.4615,0.4615
399.0,105.0,0,2,4,2,2,0.0,946.1,0.0,534.5,0.0,534.5,0.0,0.0,0.0
400.0,105.0,0,2,5,2,2,0.0,1157.0,0.0,534.5,0.0,534.5,0.0,0.0,0.0
401.0,105.0,0,2,8,2,2,0.2051,1758.5,0.2778,534.5,0.2778,534.5,0.2051,0.2778,0.2778
402.0,105.0,0,2,2,2,4,0.3333,534.5,0.3333,534.5,0.0,946.1,0.3333,0.3333,0.3333
403.0,105.0,0,5,2,2,2,0.0,534.5,0.0,534.5,0.0,534.5,0.4,0.6667,0.6667
404.0,105.0,0,2,8,2,2,0.5,1758.5,0.5,534.5,0.5,534.5,0.5,0.5,0.5
405.0,105.0,0,2,4,2,2,0.0,946.1,0.0,534.5,0.0,534.5,0.0,0.0,0.0
406.0,105.0,0,8,4,2,2,0.0,946.1,0.0,534.5,0.0,534.5,0.3333,0.3333,0.3333
418.0,110.0,0,2,8,2,4,0.0,1758.5,0.0,534.5,0.0,946.1,0.0,0.0,0.0
419.0,110.0,0,4,8,2,4,0.3,1758.5,0.3529,534.5,0.6,946.1,0.3,0.6,0.6
420.0,110.0,0,8,4,2,2,0.1754,946.1,0.0308,534.5,0.0308,534.5,0.6154,0.6154,0.6154
421.0,110.0,0,2,8,2,2,0.0,1758.5,0.16,534.5,0.16,534.5,0.0,0.16,0.16
422.0,110.0,0,8,8,2,2,0.6,1758.5,0.4211,534.5,0.4211,534.5,0.6,0.6,0.6
478.0,129.0,3,2,2,2,5,1.0,534.5,1.0,534.5,1.0,1157.0,1.0,1.0,1.0
479.0,129.0,3,2,6,2,2,0.0,1359.1,0.0,534.5,0.0,534.5,0.0,0.0,0.0
480.0,129.0,3,6,6,2,2,0.125,1359.1,0.0,534.5,0.0,534.5,0.0,0.125,0.125
481.0,129.0,3,2,6,2,2,1.0,1359.1,1.0,534.5,1.0,534.5,1.0,1.0,1.0
545.0,150.0,3,4,2,2,2,0.087,534.5,0.087,534.5,0.087,534.5,0.0,0.1667,0.1667
546.0,150.0,3,2,2,2,2,0.0,534.5,0.0,534.5,0.0,534.5,0.0,0.0,0.0
547.0,150.0,3,2,4,2,2,0.0,946.1,0.0,534.5,0.0,534.5,0.0,0.0,0.0
548.0,150.0,3,2,2,2,2,0.75,534.5,0.75,534.5,0.75,534.5,0.75,0.75,0.75
549.0,150.0,3,2,2,2,4,0.6667,534.5,0.6667,534.5,0.6667,946.1,0.6667,0.6667,0.6667
550.0,150.0,3,4,2,2,4,0.8,534.5,0.8,534.5,1.0,946.1,1.0,1.0,1.0
551.0,150.0,3,2,2,2,4,0.0526,534.5,0.0526,534.5,0.0,946.1,0.0526,0.0526,0.0526
556.0,152.0,2,4,2,2,4,0.0909,534.5,0.0909,534.5,0.24,946.1,0.2162,0.24,0.24
557.0,152.0,2,2,4,2,2,0.0,946.1,0.0,534.5,0.0,534.5,0.0,0.0,0.0
558.0,152.0,2,2,5,2,2,0.0,1157.0,0.0,534.5,0.0,534.5,0.0,0.0,0.0
559.0,152.0,2,8,2,2,2,0.0,534.5,0.0,534.5,0.0,534.5,0.087,0.087,0.087
631.0,173.0,3,2,2,2,4,1.0,534.5,1.0,534.5,1.0,946.1,1.0,1.0,1.0
632.0,173.0,3,8,4,2,4,0.0,946.1,0.0,534.5,0.0,946.1,1.0,1.0,1.0
636.0,175.0,4,2,2,2,2,0.6667,534.5,0.6667,534.5,0.6667,534.5,0.6667,0.6667,0.6667
637.0,175.0,4,2,2,2,2,1.0,534.5,1.0,534.5,1.0,534.5,1.0,1.0,1.0
638.0,175.0,4,8,2,2,4,0.0,534.5,0.0,534.5,0.0,946.1,0.2353,0.2353,0.2353
639.0,175.0,4,5,2,2,4,0.3333,534.5,0.3333,534.5,0.3333,946.1,0.3333,0.75,0.75
677.0,186.0,0,2,2,2,2,0.0,534.5,0.0,534.5,0.0,534.5,0.0,0.0,0.0
721.0,199.0,4,4,2,2,4,0.75,534.5,0.75,534.5,0.8,946.1,0.3636,0.8,0.8
722.0,199.0,4,2,2,2,2,0.0,534.5,0.0,534.5,0.0,534.5,0.0,0.0,0.0
723.0,199.0,4,5,2,2,2,0.0,534.5,0.0,534.5,0.0,534.5,0.0,0.1176,0.1176
732.0,203.0,2,2,2,2,2,1.0,534.5,1.0,534.5,1.0,534.5,1.0,1.0,1.0
733.0,203.0,2,4,2,2,4,0.2143,534.5,0.2143,534.5,0.3333,946.1,0.3333,0.3333,0.3333
734.0,203.0,2,2,4,2,2,0.0741,946.1,0.1111,534.5,0.1111,534.5,0.1053,0.1111,0.1111
735.0,203.0,2,2,2,2,2,0.1818,534.5,0.1818,534.5,0.1818,534.5,0.087,0.1818,0.1818
736.0,203.0,2,4,2,2,4,0.0,534.5,0.0,534.5,0.5714,946.1,0.0,0.5714,0.5714
737.0,203.0,2,4,4,2,2,0.3333,946.1,0.2143,534.5,0.2143,534.5,0.3333,0.3333,0.3333
738.0,203.0,2,2,8,2,2,1.0,1758.5,1.0,534.5,1.0,534.5,1.0,1.0,1.0
818.0,234.0,2,4,2,2,2,0.2727,534.5,0.2727,534.5,0.2727,534.5,0.2353,0.6364,0.6364
819.0,234.0,2,6,2,2,2,0.1818,534.5,0.1818,534.5,0.1818,534.5,0.25,0.2857,0.2857
877.0,252.0,0,5,4,2,4,0.0,946.1,0.0,534.5,0.0,946.1,0.2143,0.4444,0.4444
878.0,252.0,0,5,2,2,4,0.0,534.5,0.0,534.5,0.0,946.1,0.0,0.381,0.381
879.0,252.0,0,4,2,2,2,0.0,534.5,0.0,534.5,0.0,534.5,0.2581,0.2581,0.2581
880.0,252.0,0,2,8,2,2,1.0,1758.5,1.0,534.5,1.0,534.5,1.0,1.0,1.0
883.0,254.0,4,6,2,2,2,0.6667,534.5,0.6667,534.5,0.6667,534.5,0.6667,1.0,1.0
884.0,254.0,4,2,2,8,2,1.0,534.5,0.8889,1758.5,1.0,534.5,0.8889,1.0,1.0
897.0,259.0,4,6,2,2,4,0.0,534.5,0.0,534.5,0.0,946.1,0.3077,0.6316,0.6316
916.0,266.0,3,4,2,2,4,0.0,534.5,0.0,534.5,0.5,946.1,0.5,0.5,0.5
917.0,266.0,3,8,6,2,2,0.6667,1359.1,0.6667,534.5,0.6667,534.5,1.0,1.0,1.0
918.0,266.0,3,2,2,2,4,0.4878,534.5,0.4878,534.5,0.0526,946.1,0.0526,0.4878,0.4878
919.0,266.0,3,2,4,2,2,0.0,946.1,0.0,534.5,0.0,534.5,0.0,0.0,0.0
920.0,266.0,3,2,8,2,2,0.0,1758.5,1.0,534.5,1.0,534.5,0.0,1.0,1.0
951.0,276.0,3,4,2,2,4,0.0833,534.5,0.0833,534.5,0.1905,946.1,0.2,0.2,0.1905
964.0,282.0,0,5,8,2,2,0.2,1758.5,0.0678,534.5,0.0678,534.5,0.2,0.2,0.2
965.0,282.0,0,2,2,2,4,0.5,534.5,0.5,534.5,0.5,946.1,0.5,0.5,0.5
966.0,282.0,0,2,2,2,4,0.0,534.5,0.0,534.5,0.0,946.1,0.0,0.0,0.0
1000.0,293.0,1,4,6,2,2,1.0,1359.1,0.4,534.5,0.4,534.5,1.0,1.0,1.0
1001.0,293.0,1,6,2,2,2,0.1429,534.5,0.1429,534.5,0.1429,534.5,0.4167,0.6,0.6
1002.0,293.0,1,5,2,2,2,0.2,534.5,0.2,534.5,0.2,534.5,0.2105,0.2105,0.2105
1003.0,293.0,1,2,4,2,2,0.0,946.1,0.0,534.5,0.0,534.5,0.0,0.0,0.0
1004.0,294.0,1,5,5,2,8,0.8889,1157.0,0.0,534.5,0.0,1758.5,0.0,0.8889,0.8889
1005.0,294.0,1,8,5,2,2,0.75,1157.0,0.6667,534.5,0.6667,534.5,1.0,1.0,1.0
1013.0,298.0,2,2,4,2,2,0.0,946.1,0.0,534.5,0.0,534.5,0.0,0.0,0.0
1028.0,304.0,1,4,5,2,2,0.0,1157.0,0.0,534.5,0.0,534.5,1.0,1.0,1.0
1029.0,304.0,1,2,2,2,2,0.0,534.5,0.0,534.5,0.0,534.5,0.0,0.0,0.0
1030.0,304.0,1,4,2,2,2,0.3333,534.5,0.3333,534.5,0.3333,534.5,0.4,0.4,0.4
1065.0,317.0,3,2,2,2,4,0.5,534.5,0.5,534.5,0.4444,946.1,0.4444,0.5,0.5
1066.0,317.0,3,4,2,2,2,0.0,534.5,0.0,534.5,0.0,534.5,0.0667,0.125,0.125
1067.0,317.0,3,4,2,2,2,0.0,534.5,0.0,534.5,0.0,534.5,1.0,1.0,1.0
1107.0,332.0,3,4,5,2,2,1.0,1157.0,0.0,534.5,0.0,534.5,1.0,1.0,1.0
1108.0,332.0,3,4,2,2,4,0.1667,534.5,0.1667,534.5,0.3333,946.1,0.3333,0.3333,0.3333
1109.0,332.0,3,2,2,2,2,0.0,534.5,0.0,534.5,0.0,534.5,0.0,0.0,0.0
1110.0,332.0,3,2,2,2,2,1.0,534.5,1.0,534.5,1.0,534.5,1.0,1.0,1.0
1132.0,340.0,2,8,4,2,5,0.0,946.1,0.0,534.5,0.0,1157.0,0.6047,0.6047,0.6047
1133.0,340.0,2,2,5,2,2,0.0,1157.0,0.0,534.5,0.0,534.5,0.0,0.0,0.0
1134.0,340.0,2,2,6,2,2,1.0,1359.1,1.0,534.5,1.0,534.5,0.6667,1.0,1.0
1135.0,340.0,2,2,4,2,2,0.0,946.1,0.0,534.5,0.0,534.5,0.0,0.0,0.0
1158.0,351.0,4,2,2,2,4,1.0,534.5,1.0,534.5,1.0,946.1,0.4,1.0,1.0
1159.0,351.0,4,2,2,2,2,1.0,534.5,1.0,534.5,1.0,534.5,1.0,1.0,1.0
1160.0,351.0,4,2,2,2,2,0.0,534.5,0.0,534.5,0.0,534.5,0.0,0.0,0.0
1161.0,351.0,4,2,8,2,2,0.75,1758.5,0.75,534.5,0.75,534.5,0.75,0.75,0.75
1187.0,361.0,0,2,5,2,2,1.0,1157.0,1.0,534.5,1.0,534.5,1.0,1.0,1.0
1188.0,361.0,0,2,4,2,2,1.0,946.1,1.0,534.5,1.0,534.5,1.0,1.0,1.0
1213.0,372.0,2,2,4,2,2,1.0,946.1,1.0,534.5,1.0,534.5,1.0,1.0,1.0
1214.0,372.0,2,2,6,2,2,0.0,1359.1,0.0,534.5,0.0,534.5,0.0,0.0,0.0
1215.0,372.0,2,8,2,2,2,0.2963,534.5,0.2963,534.5,0.2963,534.5,0.8387,0.8387,0.8387
1233.0,379.0,4,2,2,2,2,0.4444,534.5,0.4444,534.5,0.4444,534.5,0.0,0.4444,0.4444
1234.0,379.0,4,4,2,2,2,0.2222,534.5,0.2222,534.5,0.2222,534.5,0.4,0.5,0.5
1235.0,379.0,4,2,5,2,2,0.4286,1157.0,0.5333,534.5,0.5333,534.5,0.4286,0.5333,0.5333
1264.0,388.0,0,2,2,2,4,1.0,534.5,1.0,534.5,1.0,946.1,1.0,1.0,1.0
1265.0,388.0,0,2,2,2,4,0.5714,534.5,0.5714,534.5,0.5714,946.1,0.5714,0.5714,0.5714
1266.0,388.0,0,5,2,2,2,0.0,534.5,0.0,534.5,0.0,534.5,0.4,0.4,0.4
1267.0,388.0,0,2,6,2,4,1.0,1359.1,1.0,534.5,1.0,946.1,1.0,1.0,1.0
1282.0,394.0,3,6,4,2,5,0.1765,946.1,0.0556,534.5,0.1765,1157.0,0.1765,0.88,0.88
1283.0,394.0,3,2,2,2,2,0.0,534.5,0.0,534.5,0.0,534.5,0.0,0.0,0.0
1313.0,404.0,2,4,8,2,2,0.8,1758.5,0.0,534.5,0.0,534.5,0.8,0.8,0.8
1314.0,404.0,2,2,5,2,2,0.0,1157.0,0.0,534.5,0.0,534.5,0.0,0.0,0.0
1315.0,404.0,2,4,4,2,2,0.2609,946.1,0.0,534.5,0.0,534.5,0.2609,0.2609,0.2609
1316.0,404.0,2,2,4,2,2,0.0645,946.1,0.1667,534.5,0.1667,534.5,0.0,0.1667,0.1667
1317.0,404.0,2,4,2,2,4,0.2857,534.5,0.2857,534.5,0.3429,946.1,0.1633,0.3429,0.3429
1364.0,419.0,1,4,4,2,2,0.8852,946.1,0.1111,534.5,0.1111,534.5,0.8852,0.8852,0.8852
1365.0,419.0,1,6,5,2,2,0.0,1157.0,0.069,534.5,0.069,534.5,0.8261,1.0,1.0
1366.0,419.0,1,4,2,2,2,0.1053,534.5,0.1053,534.5,0.1053,534.5,0.1111,0.3,0.3
1367.0,419.0,1,6,2,2,2,0.0909,534.5,0.0909,534.5,0.0909,534.5,0.3158,0.3158,0.3158
1377.0,423.0,0,5,6,2,4,0.4242,1359.1,0.2286,534.5,0.2286,946.1,0.4242,0.4242,0.4242
1378.0,423.0,0,2,2,2,4,0.0,534.5,0.0,534.5,0.0,946.1,0.0,0.0,0.0
1379.0,423.0,0,8,8,2,2,0.1481,1758.5,0.0779,534.5,0.0779,534.5,0.1481,0.1481,0.1481
1400.0,431.0,3,2,2,2,4,0.2069,534.5,0.2069,534.5,0.0,946.1,0.0,0.2069,0.2069
1401.0,431.0,3,2,2,2,4,0.1739,534.5,0.1739,534.5,0.1176,946.1,0.1176,0.1739,0.1739
1402.0,431.0,3,8,2,2,4,0.1905,534.5,0.1905,534.5,0.16,946.1,0.2105,0.2105,0.2105
1403.0,431.0,3,5,2,2,2,0.6364,534.5,0.6364,534.5,0.6364,534.5,0.8182,0.8182,0.8182
1419.0,438.0,2,2,2,2,4,0.3636,534.5,0.3636,534.5,0.3636,946.1,0.3636,0.3636,0.3636
1420.0,438.0,2,8,2,2,2,0.3,534.5,0.3,534.5,0.3,534.5,0.9091,0.9091,0.9091
1459.0,454.0,4,2,2,2,2,1.0,534.5,1.0,534.5,1.0,534.5,0.0,1.0,1.0
1460.0,454.0,4,2,5,2,2,0.6667,1157.0,0.6667,534.5,0.6667,534.5,0.6667,0.6667,0.6667
1493.0,467.0,4,6,2,2,2,0.0,534.5,0.0,534.5,0.0,534.5,0.9091,0.9091,0.9091
1494.0,467.0,4,2,2,2,2,1.0,534.5,1.0,534.5,1.0,534.5,1.0,1.0,1.0
1495.0,467.0,4,2,2,2,2,1.0,534.5,1.0,534.5,1.0,534.5,1.0,1.0,1.0
1496.0,467.0,4,2,2,2,2,1.0,534.5,1.0,534.5,1.0,534.5,1.0,1.0,1.0
1497.0,467.0,4,4,2,2,2,0.4,534.5,0.4,534.5,0.4,534.5,0.5,0.5,0.5
1502.0,469.0,1,2,4,2,2,0.0,946.1,0.0,534.5,0.0,534.5,0.0,0.0,0.0
1503.0,469.0,1,2,4,2,2,1.0,946.1,1.0,534.5,1.0,534.5,1.0,1.0,1.0
1504.0,470.0,0,2,8,2,2,0.0,1758.5,0.0,534.5,0.0,534.5,0.0,0.0,0.0
1505.0,470.0,0,2,8,2,4,0.0,1758.5,0.0,534.5,0.0,946.1,0.0,0.0,0.0
1586.0,505.0,3,2,5,2,5,0.0,1157.0,0.0,534.5,0.0,1157.0,0.0,0.0,0.0
1587.0,505.0,3,2,4,2,4,0.0,946.1,0.0,534.5,0.0,946.1,0.0,0.0,0.0
1632.0,520.0,1,6,4,2,2,0.0,946.1,0.0,534.5,0.0,534.5,0.2222,0.2222,0.2222
1663.0,535.0,0,4,2,2,4,0.0,534.5,0.0,534.5,1.0,946.1,1.0,1.0,1.0
1670.0,538.0,4,8,2,2,4,0.0,534.5,0.0,534.5,0.0,946.1,0.2667,0.2667,0.2667
1682.0,542.0,2,6,5,2,5,0.0,1157.0,0.0,534.5,0.0,1157.0,0.8889,0.8889,0.8889
1683.0,542.0,2,6,8,2,5,0.0645,1758.5,0.0,534.5,0.4348,1157.0,0.0645,0.5263,0.5263
1704.0,549.0,4,2,4,2,2,0.0,946.1,0.0,534.5,0.0,534.5,0.0,0.0,0.0
1705.0,549.0,4,2,8,2,2,1.0,1758.5,1.0,534.5,1.0,534.5,1.0,1.0,1.0
1757.0,572.0,3,2,4,2,2,1.0,946.1,1.0,534.5,1.0,534.5,1.0,1.0,1.0
1763.0,575.0,2,2,8,2,2,0.0,1758.5,0.0,534.5,0.0,534.5,0.0,0.0,0.0
1779.0,583.0,1,2,2,2,2,0.4444,534.5,0.4444,534.5,0.4444,534.5,0.2857,0.4444,0.4444
1799.0,590.0,0,2,4,2,4,0.0,946.1,0.0,534.5,0.0,946.1,0.0,0.0,0.0
1800.0,591.0,1,2,4,2,2,0.0,946.1,0.0,534.5,0.0,534.5,0.0,0.0,0.0
1801.0,591.0,1,6,2,2,2,0.0,534.5,0.0,534.5,0.0,534.5,0.0,0.2857,0.2857
1807.0,594.0,4,2,2,2,2,0.1818,534.5,0.1818,534.5,0.1818,534.5,0.1818,0.1818,0.1818
1808.0,595.0,1,2,4,2,2,1.0,946.1,1.0,534.5,1.0,534.5,1.0,1.0,1.0
1809.0,595.0,1,6,2,2,5,0.0,534.5,0.0,534.5,0.0,1157.0,0.2,0.2,0.2
1810.0,595.0,1,5,2,2,2,0.0,534.5,0.0,534.5,0.0,534.5,0.069,0.8837,0.8837
1828.0,604.0,3,2,2,2,2,0.0,534.5,0.0,534.5,0.0,534.5,0.0,0.0,0.0
1829.0,604.0,3,2,2,2,2,0.0,534.5,0.0,534.5,0.0,534.5,0.0,0.0,0.0
1830.0,604.0,3,4,2,2,2,0.3333,534.5,0.3333,534.5,0.3333,534.5,0.5714,0.5714,0.5714
1871.0,621.0,3,2,2,2,2,0.0625,534.5,0.0625,534.5,0.0625,534.5,0.0,0.0625,0.0625
1909.0,637.0,2,5,2,2,4,0.0,534.5,0.0,534.5,0.0,946.1,0.16,0.16,0.16
1910.0,637.0,2,4,2,2,2,0.0851,534.5,0.0851,534.5,0.0851,534.5,0.0,0.1395,0.1395
1911.0,637.0,2,2,6,2,2,0.0,1359.1,0.2,534.5,0.2,534.5,0.0,0.2,0.2
1912.0,638.0,2,8,2,2,2,0.0,534.5,0.0,534.5,0.0,534.5,0.5,0.5,0.5
1917.0,640.0,2,2,2,2,6,0.0,534.5,0.0,534.5,0.0,1359.1,0.0,0.0,0.0
1918.0,640.0,2,2,2,2,6,0.0,534.5,0.0,534.5,0.0,1359.1,0.0,0.0,0.0
1919.0,640.0,2,2,8,2,5,0.3333,1758.5,0.75,534.5,0.25,1157.0,0.3333,0.75,0.75
1920.0,640.0,2,2,4,2,4,1.0,946.1,1.0,534.5,1.0,946.1,1.0,1.0,1.0
1926.0,643.0,1,4,2,2,2,0.3077,534.5,0.3077,534.5,0.3077,534.5,0.5,0.5,0.5
1934.0,647.0,0,4,8,2,4,1.0,1758.5,0.0,534.5,1.0,946.1,1.0,1.0,1.0
1958.0,660.0,4,4,5,2,5,1.0,1157.0,0.0,534.5,1.0,1157.0,1.0,1.0,1.0
1964.0,665.0,0,2,8,2,2,1.0,1758.5,1.0,534.5,1.0,534.5,1.0,1.0,1.0
1965.0,665.0,0,4,8,2,2,0.0,1758.5,0.0,534.5,0.0,534.5,0.0,1.0,1.0
1984.0,676.0,3,6,8,2,2,0.9286,1758.5,0.1818,534.5,0.1818,534.5,0.9286,0.9286,0.9286
2014.0,687.0,3,2,2,2,2,0.2632,534.5,0.2632,534.5,0.2632,534.5,0.2162,0.2632,0.2632
2015.0,687.0,3,2,2,2,2,0.0,534.5,0.0,534.5,0.0,534.5,0.0,0.0,0.0
2023.0,692.0,2,6,6,2,2,0.6154,1359.1,0.381,534.5,0.381,534.5,0.4545,0.6154,0.6154
2027.0,695.0,4,2,4,2,2,0.0,946.1,0.0,534.5,0.0,534.5,0.0,0.0,0.0
2028.0,695.0,4,2,2,2,2,1.0,534.5,1.0,534.5,1.0,534.5,1.0,1.0,1.0
2029.0,695.0,4,4,2,2,2,0.0,534.5,0.0,534.5,0.0,534.5,0.0,0.6957,0.6957
2030.0,695.0,4,4,2,2,4,0.0,534.5,0.0,534.5,1.0,946.1,0.0,1.0,1.0
2031.0,696.0,2,2,8,2,2,0.0488,1758.5,0.0488,534.5,0.0488,534.5,0.0488,0.0488,0.0488
2032.0,696.0,2,2,2,2,2,0.5079,534.5,0.5079,534.5,0.5079,534.5,0.4063,0.5079,0.5079
2059.0,715.0,1,4,2,2,2,0.5,534.5,0.5,534.5,0.5,534.5,0.6667,0.6667,0.6667
2069.0,720.0,0,5,5,2,2,0.2222,1157.0,0.0,534.5,0.0,534.5,0.0,0.2222,0.2222
2100.0,735.0,4,4,5,2,2,0.0,1157.0,0.0,534.5,0.0,534.5,0.0,1.0,1.0
2101.0,735.0,4,2,8,2,2,1.0,1758.5,1.0,534.5,1.0,534.5,1.0,1.0,1.0
2102.0,735.0,4,2,6,2,2,0.0,1359.1,0.0,534.5,0.0,534.5,0.0,0.0,0.0
2158.0,772.0,1,5,2,2,2,0.0,534.5,0.0,534.5,0.0,534.5,0.8889,0.8889,0.8889
2159.0,772.0,1,2,2,2,2,0.0,534.5,0.0,534.5,0.0,534.5,0.0,0.0,0.0
2160.0,772.0,1,4,2,2,2,0.625,534.5,0.625,534.5,0.625,534.5,0.5882,0.7692,0.7692
2161.0,772.0,1,2,4,2,2,0.1379,946.1,0.1379,534.5,0.1379,534.5,0.1429,0.1429,0.1379
2190.0,790.0,4,8,2,2,6,0.0,534.5,0.0,534.5,0.4615,1359.1,0.8889,0.8889,0.8889
2191.0,791.0,4,2,2,2,2,0.8,534.5,0.8,534.5,0.8,534.5,0.3636,0.8,0.8
2192.0,791.0,4,8,2,2,2,0.0,534.5,0.0,534.5,0.0,534.5,0.8,0.8,0.8
2196.0,794.0,3,2,2,2,2,1.0,534.5,1.0,534.5,1.0,534.5,1.0,1.0,1.0
2201.0,798.0,2,2,2,2,4,0.8,534.5,0.8,534.5,0.6316,946.1,0.6316,0.8,0.8
2202.0,799.0,1,2,2,2,2,1.0,534.5,1.0,534.5,1.0,534.5,1.0,1.0,1.0
2239.0,821.0,0,2,2,2,4,1.0,534.5,1.0,534.5,1.0,946.1,1.0,1.0,1.0
2240.0,821.0,0,2,2,2,4,1.0,534.5,1.0,534.5,1.0,946.1,1.0,1.0,1.0
2262.0,837.0,4,8,2,2,2,0.0,534.5,0.0,534.5,0.0,534.5,0.6667,0.6667,0.6667
2293.0,867.0,1,2,2,2,2,0.5263,534.5,0.5263,534.5,0.5263,534.5,0.5,0.5333,0.5263
