question_id,paper_id,true_k_epsilon,predicted_k,f1_predicted,f1_target,f1_oracle,epsilon_regret,oracle_regret,error_type
2030.0,695.0,4,2,0.0,1.0,1.0,1.0,1.0,over_compression
1934.0,647.0,4,2,0.0,1.0,1.0,1.0,1.0,over_compression
1958.0,660.0,4,2,0.0,1.0,1.0,1.0,1.0,over_compression
344.0,92.0,4,2,0.0,1.0,1.0,1.0,1.0,over_compression
1107.0,332.0,4,2,0.0,1.0,1.0,1.0,1.0,over_compression
1663.0,535.0,4,2,0.0,1.0,1.0,1.0,1.0,over_compression
1028.0,304.0,4,2,0.0,1.0,1.0,1.0,1.0,over_compression
632.0,173.0,8,2,0.0,1.0,1.0,1.0,1.0,over_compression
1965.0,665.0,4,2,0.0,1.0,1.0,1.0,1.0,over_compression
2100.0,735.0,4,2,0.0,1.0,1.0,1.0,1.0,over_compression
1067.0,317.0,4,2,0.0,1.0,1.0,1.0,1.0,over_compression
1365.0,419.0,6,2,0.069,1.0,1.0,0.931,0.931,over_compression
1493.0,467.0,6,2,0.0,0.9091,0.9091,0.9091,0.9091,over_compression
1004.0,294.0,5,2,0.0,0.8889,0.8889,0.8889,0.8889,over_compression
2158.0,772.0,5,2,0.0,0.8889,0.8889,0.8889,0.8889,over_compression
2190.0,790.0,8,2,0.0,0.8889,0.8889,0.8889,0.8889,over_compression
1682.0,542.0,6,2,0.0,0.8889,0.8889,0.8889,0.8889,over_compression
1810.0,595.0,5,2,0.0,0.8837,0.8837,0.8837,0.8837,over_compression
1282.0,394.0,6,2,0.0556,0.88,0.88,0.8244,0.8244,over_compression
2192.0,791.0,8,2,0.0,0.8,0.8,0.8,0.8,over_compression
1313.0,404.0,4,2,0.0,0.8,0.8,0.8,0.8,over_compression
1364.0,419.0,4,2,0.1111,0.8852,0.8852,0.7741,0.7741,over_compression
1984.0,676.0,6,2,0.1818,0.9286,0.9286,0.7468,0.7468,over_compression
2029.0,695.0,4,2,0.0,0.6957,0.6957,0.6957,0.6957,over_compression
403.0,105.0,5,2,0.0,0.6667,0.6667,0.6667,0.6667,over_compression
2262.0,837.0,8,2,0.0,0.6667,0.6667,0.6667,0.6667,over_compression
897.0,259.0,6,2,0.0,0.6316,0.6316,0.6316,0.6316,over_compression
1420.0,438.0,8,2,0.3,0.9091,0.9091,0.6091,0.6091,over_compression
1132.0,340.0,8,2,0.0,0.6047,0.6047,0.6047,0.6047,over_compression
1000.0,293.0,4,2,0.4,1.0,1.0,0.6,0.6,over_compression
420.0,110.0,8,2,0.0308,0.6154,0.6154,0.5846,0.5846,over_compression
736.0,203.0,4,2,0.0,0.5714,0.5714,0.5714,0.5714,over_compression
1215.0,372.0,8,2,0.2963,0.8387,0.8387,0.5424,0.5424,over_compression
171.0,49.0,8,2,0.0741,0.6087,0.6087,0.5346,0.5346,over_compression
156.0,45.0,8,2,0.0,0.5333,0.5333,0.5333,0.5333,over_compression
1683.0,542.0,6,2,0.0,0.5263,0.5263,0.5263,0.5263,over_compression
116.0,33.0,6,2,0.0,0.5,0.5,0.5,0.5,over_compression
1912.0,638.0,8,2,0.0,0.5,0.5,0.5,0.5,over_compression
916.0,266.0,4,2,0.0,0.5,0.5,0.5,0.5,over_compression
1001.0,293.0,6,2,0.1429,0.6,0.6,0.4571,0.4571,over_compression
877.0,252.0,5,2,0.0,0.4444,0.4444,0.4444,0.4444,over_compression
127.0,36.0,6,2,0.4286,0.8571,0.8571,0.4285,0.4285,over_compression
639.0,175.0,5,2,0.3333,0.75,0.75,0.4167,0.4167,over_compression
1266.0,388.0,5,2,0.0,0.4,0.4,0.4,0.4,over_compression
878.0,252.0,5,2,0.0,0.381,0.381,0.381,0.381,over_compression
818.0,234.0,4,2,0.2727,0.6364,0.6364,0.3637,0.3637,over_compression
1005.0,294.0,8,2,0.6667,1.0,1.0,0.3333,0.3333,over_compression
917.0,266.0,8,2,0.6667,1.0,1.0,0.3333,0.3333,over_compression
883.0,254.0,6,2,0.6667,1.0,1.0,0.3333,0.3333,over_compression
406.0,105.0,8,2,0.0,0.3333,0.3333,0.3333,0.3333,over_compression
117.0,33.0,8,2,0.16,0.4762,0.4762,0.3162,0.3162,over_compression
105.0,28.0,4,2,0.1538,0.4444,0.4444,0.2906,0.2906,over_compression
1801.0,591.0,6,2,0.0,0.2857,0.2857,0.2857,0.2857,over_compression
154.0,45.0,6,2,0.0,0.2857,0.2857,0.2857,0.2857,over_compression
1234.0,379.0,4,2,0.2222,0.5,0.5,0.2778,0.2778,over_compression
1670.0,538.0,8,2,0.0,0.2667,0.2667,0.2667,0.2667,over_compression
1315.0,404.0,4,2,0.0,0.2609,0.2609,0.2609,0.2609,over_compression
879.0,252.0,4,2,0.0,0.2581,0.2581,0.2581,0.2581,over_compression
419.0,110.0,4,2,0.3529,0.6,0.6,0.2471,0.2471,over_compression
1830.0,604.0,4,2,0.3333,0.5714,0.5714,0.2381,0.2381,over_compression
638.0,175.0,8,2,0.0,0.2353,0.2353,0.2353,0.2353,over_compression
2023.0,692.0,6,2,0.381,0.6154,0.6154,0.2344,0.2344,over_compression
1367.0,419.0,6,2,0.0909,0.3158,0.3158,0.2249,0.2249,over_compression
2069.0,720.0,5,2,0.0,0.2222,0.2222,0.2222,0.2222,over_compression
1632.0,520.0,6,2,0.0,0.2222,0.2222,0.2222,0.2222,over_compression
126.0,36.0,5,2,0.127,0.3385,0.3438,0.2115,0.2168,over_compression
1809.0,595.0,6,2,0.0,0.2,0.2,0.2,0.2,over_compression
550.0,150.0,4,2,0.8,1.0,1.0,0.2,0.2,over_compression
1377.0,423.0,5,2,0.2286,0.4242,0.4242,0.1956,0.1956,over_compression
1366.0,419.0,4,2,0.1053,0.3,0.3,0.1947,0.1947,over_compression
343.0,92.0,5,2,0.1702,0.3636,0.3636,0.1934,0.1934,over_compression
1926.0,643.0,4,2,0.3077,0.5,0.5,0.1923,0.1923,over_compression
1403.0,431.0,5,2,0.6364,0.8182,0.8182,0.1818,0.1818,over_compression
422.0,110.0,8,2,0.4211,0.6,0.6,0.1789,0.1789,over_compression
2059.0,715.0,4,2,0.5,0.6667,0.6667,0.1667,0.1667,over_compression
1108.0,332.0,4,2,0.1667,0.3333,0.3333,0.1666,0.1666,over_compression
1909.0,637.0,5,2,0.0,0.16,0.16,0.16,0.16,over_compression
556.0,152.0,4,2,0.0909,0.24,0.24,0.1491,0.1491,over_compression
2160.0,772.0,4,2,0.625,0.7692,0.7692,0.1442,0.1442,over_compression
174.0,49.0,8,2,0.0,0.1429,0.1429,0.1429,0.1429,over_compression
964.0,282.0,5,2,0.0678,0.2,0.2,0.1322,0.1322,over_compression
1066.0,317.0,4,2,0.0,0.125,0.125,0.125,0.125,over_compression
480.0,129.0,6,2,0.0,0.125,0.125,0.125,0.125,over_compression
733.0,203.0,4,2,0.2143,0.3333,0.3333,0.119,0.119,over_compression
737.0,203.0,4,2,0.2143,0.3333,0.3333,0.119,0.119,over_compression
723.0,199.0,5,2,0.0,0.1176,0.1176,0.1176,0.1176,over_compression
951.0,276.0,4,2,0.0833,0.1905,0.2,0.1072,0.1167,over_compression
884.0,254.0,2,8,0.8889,1.0,1.0,0.1111,0.1111,under_compression
819.0,234.0,6,2,0.1818,0.2857,0.2857,0.1039,0.1039,over_compression
1497.0,467.0,4,2,0.4,0.5,0.5,0.1,0.1,over_compression
559.0,152.0,8,2,0.0,0.087,0.087,0.087,0.087,over_compression
545.0,150.0,4,2,0.087,0.1667,0.1667,0.0797,0.0797,over_compression
1379.0,423.0,8,2,0.0779,0.1481,0.1481,0.0702,0.0702,over_compression
1030.0,304.0,4,2,0.3333,0.4,0.4,0.0667,0.0667,over_compression
283.0,78.0,8,2,0.9412,1.0,1.0,0.0588,0.0588,over_compression
1317.0,404.0,4,2,0.2857,0.3429,0.3429,0.0572,0.0572,over_compression
1910.0,637.0,4,2,0.0851,0.1395,0.1395,0.0544,0.0544,over_compression
721.0,199.0,4,2,0.75,0.8,0.8,0.05,0.05,over_compression
1402.0,431.0,8,2,0.1905,0.2105,0.2105,0.02,0.02,over_compression
1002.0,293.0,5,2,0.2,0.2105,0.2105,0.0105,0.0105,over_compression
2293.0,867.0,2,2,0.5263,0.5263,0.5333,0.0,0.007,exact_match
2161.0,772.0,2,2,0.1379,0.1379,0.1429,0.0,0.005,exact_match
1496.0,467.0,2,2,1.0,1.0,1.0,0.0,0.0,exact_match
399.0,105.0,2,2,0.0,0.0,0.0,0.0,0.0,exact_match
400.0,105.0,2,2,0.0,0.0,0.0,0.0,0.0,exact_match
401.0,105.0,2,2,0.2778,0.2778,0.2778,0.0,0.0,exact_match
402.0,105.0,2,2,0.3333,0.3333,0.3333,0.0,0.0,exact_match
404.0,105.0,2,2,0.5,0.5,0.5,0.0,0.0,exact_match
1779.0,583.0,2,2,0.4444,0.4444,0.4444,0.0,0.0,exact_match
1799.0,590.0,2,2,0.0,0.0,0.0,0.0,0.0,exact_match
1800.0,591.0,2,2,0.0,0.0,0.0,0.0,0.0,exact_match
1807.0,594.0,2,2,0.1818,0.1818,0.1818,0.0,0.0,exact_match
1808.0,595.0,2,2,1.0,1.0,1.0,0.0,0.0,exact_match
1828.0,604.0,2,2,0.0,0.0,0.0,0.0,0.0,exact_match
398.0,105.0,2,2,0.4615,0.4615,0.4615,0.0,0.0,exact_match
348.0,92.0,2,2,1.0,1.0,1.0,0.0,0.0,exact_match
1763.0,575.0,2,2,0.0,0.0,0.0,0.0,0.0,exact_match
405.0,105.0,2,2,0.0,0.0,0.0,0.0,0.0,exact_match
1757.0,572.0,2,2,1.0,1.0,1.0,0.0,0.0,exact_match
418.0,110.0,2,2,0.0,0.0,0.0,0.0,0.0,exact_match
1705.0,549.0,2,2,1.0,1.0,1.0,0.0,0.0,exact_match
1704.0,549.0,2,2,0.0,0.0,0.0,0.0,0.0,exact_match
1587.0,505.0,2,2,0.0,0.0,0.0,0.0,0.0,exact_match
1586.0,505.0,2,2,0.0,0.0,0.0,0.0,0.0,exact_match
1505.0,470.0,2,2,0.0,0.0,0.0,0.0,0.0,exact_match
1504.0,470.0,2,2,0.0,0.0,0.0,0.0,0.0,exact_match
1503.0,469.0,2,2,1.0,1.0,1.0,0.0,0.0,exact_match
421.0,110.0,2,2,0.16,0.16,0.16,0.0,0.0,exact_match
1502.0,469.0,2,2,0.0,0.0,0.0,0.0,0.0,exact_match
478.0,129.0,2,2,1.0,1.0,1.0,0.0,0.0,exact_match
1829.0,604.0,2,2,0.0,0.0,0.0,0.0,0.0,exact_match
2014.0,687.0,2,2,0.2632,0.2632,0.2632,0.0,0.0,exact_match
2015.0,687.0,2,2,0.0,0.0,0.0,0.0,0.0,exact_match
2101.0,735.0,2,2,1.0,1.0,1.0,0.0,0.0,exact_match
2102.0,735.0,2,2,0.0,0.0,0.0,0.0,0.0,exact_match
2201.0,798.0,2,2,0.8,0.8,0.8,0.0,0.0,exact_match
2202.0,799.0,2,2,1.0,1.0,1.0,0.0,0.0,exact_match
2239.0,821.0,2,2,1.0,1.0,1.0,0.0,0.0,exact_match
340.0,92.0,2,2,0.0,0.0,0.0,0.0,0.0,exact_match
90.0,24.0,2,2,0.1176,0.1176,0.1176,0.0,0.0,exact_match
919.0,266.0,2,2,0.0,0.0,0.0,0.0,0.0,exact_match
95.0,24.0,2,2,0.0,0.0,0.0,0.0,0.0,exact_match
104.0,28.0,2,2,0.0,0.0,0.0,0.0,0.0,exact_match
2159.0,772.0,2,2,0.0,0.0,0.0,0.0,0.0,exact_match
2191.0,791.0,2,2,0.8,0.8,0.8,0.0,0.0,exact_match
2196.0,794.0,2,2,1.0,1.0,1.0,0.0,0.0,exact_match
918.0,266.0,2,2,0.4878,0.4878,0.4878,0.0,0.0,exact_match
2240.0,821.0,2,2,1.0,1.0,1.0,0.0,0.0,exact_match
1871.0,621.0,2,2,0.0625,0.0625,0.0625,0.0,0.0,exact_match
1911.0,637.0,2,2,0.2,0.2,0.2,0.0,0.0,exact_match
1495.0,467.0,2,2,1.0,1.0,1.0,0.0,0.0,exact_match
341.0,92.0,2,2,0.0,0.0,0.0,0.0,0.0,exact_match
342.0,92.0,2,2,0.5,0.5,0.5,0.0,0.0,exact_match
345.0,92.0,2,2,0.0,0.0,0.0,0.0,0.0,exact_match
346.0,92.0,2,2,0.0,0.0,0.0,0.0,0.0,exact_match
285.0,78.0,2,2,1.0,1.0,1.0,0.0,0.0,exact_match
1917.0,640.0,2,2,0.0,0.0,0.0,0.0,0.0,exact_match
1918.0,640.0,2,2,0.0,0.0,0.0,0.0,0.0,exact_match
1919.0,640.0,2,2,0.75,0.75,0.75,0.0,0.0,exact_match
1920.0,640.0,2,2,1.0,1.0,1.0,0.0,0.0,exact_match
1964.0,665.0,2,2,1.0,1.0,1.0,0.0,0.0,exact_match
172.0,49.0,2,2,1.0,1.0,1.0,0.0,0.0,exact_match
173.0,49.0,2,2,0.75,0.75,0.75,0.0,0.0,exact_match
284.0,78.0,2,2,0.1905,0.1905,0.1905,0.0,0.0,exact_match
347.0,92.0,2,2,0.0,0.0,0.0,0.0,0.0,exact_match
1135.0,340.0,2,2,0.0,0.0,0.0,0.0,0.0,exact_match
1134.0,340.0,2,2,1.0,1.0,1.0,0.0,0.0,exact_match
1133.0,340.0,2,2,0.0,0.0,0.0,0.0,0.0,exact_match
1110.0,332.0,2,2,1.0,1.0,1.0,0.0,0.0,exact_match
1109.0,332.0,2,2,0.0,0.0,0.0,0.0,0.0,exact_match
722.0,199.0,2,2,0.0,0.0,0.0,0.0,0.0,exact_match
677.0,186.0,2,2,0.0,0.0,0.0,0.0,0.0,exact_match
637.0,175.0,2,2,1.0,1.0,1.0,0.0,0.0,exact_match
636.0,175.0,2,2,0.6667,0.6667,0.6667,0.0,0.0,exact_match
1065.0,317.0,2,2,0.5,0.5,0.5,0.0,0.0,exact_match
1029.0,304.0,2,2,0.0,0.0,0.0,0.0,0.0,exact_match
738.0,203.0,2,2,1.0,1.0,1.0,0.0,0.0,exact_match
735.0,203.0,2,2,0.1818,0.1818,0.1818,0.0,0.0,exact_match
734.0,203.0,2,2,0.1111,0.1111,0.1111,0.0,0.0,exact_match
732.0,203.0,2,2,1.0,1.0,1.0,0.0,0.0,exact_match
1419.0,438.0,2,2,0.3636,0.3636,0.3636,0.0,0.0,exact_match
92.0,24.0,2,2,1.0,1.0,1.0,0.0,0.0,exact_match
93.0,24.0,2,2,0.0,0.0,0.0,0.0,0.0,exact_match
94.0,24.0,2,2,0.0,0.0,0.0,0.0,0.0,exact_match
2032.0,696.0,2,2,0.5079,0.5079,0.5079,0.0,0.0,exact_match
2027.0,695.0,2,2,0.0,0.0,0.0,0.0,0.0,exact_match
2028.0,695.0,2,2,1.0,1.0,1.0,0.0,0.0,exact_match
118.0,33.0,2,2,0.0,0.0,0.0,0.0,0.0,exact_match
1013.0,298.0,2,2,0.0,0.0,0.0,0.0,0.0,exact_match
153.0,45.0,2,2,1.0,1.0,1.0,0.0,0.0,exact_match
155.0,45.0,2,2,0.1667,0.1667,0.1667,0.0,0.0,exact_match
2031.0,696.0,2,2,0.0488,0.0488,0.0488,0.0,0.0,exact_match
920.0,266.0,2,2,1.0,1.0,1.0,0.0,0.0,exact_match
965.0,282.0,2,2,0.5,0.5,0.5,0.0,0.0,exact_match
880.0,252.0,2,2,1.0,1.0,1.0,0.0,0.0,exact_match
966.0,282.0,2,2,0.0,0.0,0.0,0.0,0.0,exact_match
1003.0,293.0,2,2,0.0,0.0,0.0,0.0,0.0,exact_match
125.0,36.0,2,2,0.5306,0.5306,0.5306,0.0,0.0,exact_match
1494.0,467.0,2,2,1.0,1.0,1.0,0.0,0.0,exact_match
1460.0,454.0,2,2,0.6667,0.6667,0.6667,0.0,0.0,exact_match
1459.0,454.0,2,2,1.0,1.0,1.0,0.0,0.0,exact_match
91.0,24.0,2,2,0.0,0.0,0.0,0.0,0.0,exact_match
1401.0,431.0,2,2,0.1739,0.1739,0.1739,0.0,0.0,exact_match
1400.0,431.0,2,2,0.2069,0.2069,0.2069,0.0,0.0,exact_match
1378.0,423.0,2,2,0.0,0.0,0.0,0.0,0.0,exact_match
549.0,150.0,2,2,0.6667,0.6667,0.6667,0.0,0.0,exact_match
548.0,150.0,2,2,0.75,0.75,0.75,0.0,0.0,exact_match
547.0,150.0,2,2,0.0,0.0,0.0,0.0,0.0,exact_match
546.0,150.0,2,2,0.0,0.0,0.0,0.0,0.0,exact_match
481.0,129.0,2,2,1.0,1.0,1.0,0.0,0.0,exact_match
479.0,129.0,2,2,0.0,0.0,0.0,0.0,0.0,exact_match
1316.0,404.0,2,2,0.1667,0.1667,0.1667,0.0,0.0,exact_match
1314.0,404.0,2,2,0.0,0.0,0.0,0.0,0.0,exact_match
1158.0,351.0,2,2,1.0,1.0,1.0,0.0,0.0,exact_match
1159.0,351.0,2,2,1.0,1.0,1.0,0.0,0.0,exact_match
1160.0,351.0,2,2,0.0,0.0,0.0,0.0,0.0,exact_match
1161.0,351.0,2,2,0.75,0.75,0.75,0.0,0.0,exact_match
1187.0,361.0,2,2,1.0,1.0,1.0,0.0,0.0,exact_match
1188.0,361.0,2,2,1.0,1.0,1.0,0.0,0.0,exact_match
1213.0,372.0,2,2,1.0,1.0,1.0,0.0,0.0,exact_match
1214.0,372.0,2,2,0.0,0.0,0.0,0.0,0.0,exact_match
1283.0,394.0,2,2,0.0,0.0,0.0,0.0,0.0,exact_match
551.0,150.0,2,2,0.0526,0.0526,0.0526,0.0,0.0,exact_match
557.0,152.0,2,2,0.0,0.0,0.0,0.0,0.0,exact_match
558.0,152.0,2,2,0.0,0.0,0.0,0.0,0.0,exact_match
631.0,173.0,2,2,1.0,1.0,1.0,0.0,0.0,exact_match
1235.0,379.0,2,2,0.5333,0.5333,0.5333,0.0,0.0,exact_match
1264.0,388.0,2,2,1.0,1.0,1.0,0.0,0.0,exact_match
1265.0,388.0,2,2,0.5714,0.5714,0.5714,0.0,0.0,exact_match
1267.0,388.0,2,2,1.0,1.0,1.0,0.0,0.0,exact_match
1233.0,379.0,2,2,0.4444,0.4444,0.4444,0.0,0.0,exact_match
