question_id,rho_1,delta_12,entropy,entropy_normalized,query_token_length,n_high,selected_k_epsilon,selected_f1,reference_f1_alloc,f1_regret,paper_id,target_k
1912,1.0,1.0,0.0,0.0,8,1,8,0.5,0.5,0.0,638,8
2201,0.199186,0.371415,2.235207,0.970738,13,1,2,0.8,0.8,0.0,798,2
883,0.34472,0.325243,1.820532,0.790647,4,1,6,1.0,1.0,0.0,254,6
884,1.0,1.0,0.0,0.0,4,1,2,1.0,1.0,0.0,254,2
104,0.21895599999999998,0.179344,2.145187,0.931643,5,2,2,0.0,0.0,0.0,28,2
105,0.22192299999999998,0.21151499999999998,2.15911,0.937689,6,1,4,0.4444,0.4444,0.0,28,4
2100,0.16003799999999999,0.139069,2.25978,0.9814100000000001,8,3,4,1.0,1.0,0.0,735,4
2101,0.147391,0.004768,2.237397,0.9716889999999999,7,5,2,1.0,1.0,0.0,735,2
2102,0.148012,0.097107,2.264268,0.983359,6,3,2,0.0,0.0,0.0,735,2
732,0.21631699999999998,0.22786,2.094362,0.9095700000000001,6,1,2,1.0,1.0,0.0,203,2
733,0.194263,0.307849,2.23312,0.9698319999999999,7,1,4,0.3333,0.3333,0.0,203,4
734,0.165647,0.10813,2.248681,0.9765900000000001,10,2,2,0.1111,0.1111,0.0,203,2
735,0.174671,0.24731899999999998,2.250962,0.9775800000000001,11,1,2,0.1818,0.1818,0.0,203,2
736,0.18012899999999998,0.173585,2.227599,0.9674339999999999,6,2,4,0.5714,0.5714,0.0,203,4
737,0.22061000000000003,0.008017999999999999,2.080793,0.903677,5,3,4,0.3333,0.3333,0.0,203,4
738,0.129587,0.061772999999999995,2.282938,0.991467,7,5,2,1.0,1.0,0.0,203,2
1187,0.176708,0.029134999999999998,2.039659,0.885813,6,3,2,1.0,1.0,0.0,361,2
1188,0.16608099999999998,0.022253,2.166066,0.940711,7,2,2,1.0,1.0,0.0,361,2
2069,0.136459,0.06819,2.285496,0.992578,8,2,5,0.2222,0.2222,0.0,720,5
116,0.256284,0.402211,2.114163,0.918169,9,1,6,0.5,0.5,0.0,33,6
117,0.249488,0.452381,2.008907,0.8724569999999999,8,1,8,0.4762,0.4762,0.0,33,8
118,0.654431,0.47195499999999996,0.64466,0.279972,4,1,2,0.0,0.0,0.0,33,2
1670,0.19200199999999998,0.339457,2.237456,0.971715,19,1,8,0.2667,0.2667,0.0,538,8
1377,0.13194699999999998,0.048146999999999995,2.290644,0.994814,9,2,5,0.4242,0.4242,0.0,423,5
1378,0.253021,0.556453,2.17885,0.9462619999999999,6,1,2,0.0,0.0,0.0,423,2
1379,0.140838,0.037031999999999995,2.279877,0.990138,7,3,8,0.1481,0.1481,0.0,423,8
1632,0.175516,0.156838,2.225096,0.966347,10,3,6,0.2222,0.2222,0.0,520,6
1504,0.125406,0.093082,2.295557,0.996948,8,5,2,0.0,0.0,0.0,470,2
1505,0.13165000000000002,0.167851,2.284466,0.992131,5,5,2,0.0,0.0,0.0,470,2
1807,0.41374000000000005,0.470501,1.316794,0.571877,5,1,2,0.1818,0.1818,0.0,594,2
2190,0.15004,0.207486,2.284549,0.9921669999999999,7,1,8,0.8889,0.8889,0.0,790,8
877,0.15823299999999998,0.176195,2.253557,0.9787079999999999,6,2,5,0.4444,0.4444,0.0,252,5
878,0.241249,0.278399,2.156043,0.936357,8,1,5,0.381,0.381,0.0,252,5
879,0.22858399999999998,0.527199,2.225526,0.966534,13,1,4,0.2581,0.2581,0.0,252,4
880,0.145098,0.136239,2.2695119999999998,0.985636,14,4,2,1.0,1.0,0.0,252,2
2239,0.169198,0.216442,2.24896,0.976711,4,1,2,1.0,1.0,0.0,821,2
2240,0.20926699999999998,0.211087,1.914899,0.8316300000000001,7,1,2,1.0,1.0,0.0,821,2
2293,0.229265,0.42974599999999996,2.209195,0.959441,9,1,2,0.5263,0.5333,0.007,867,2
1282,0.14549,0.199152,2.285457,0.9925609999999999,10,2,6,0.88,0.88,0.0,394,6
1283,0.186158,0.08592799999999999,2.180227,0.946861,9,2,2,0.0,0.0,0.0,394,2
1926,0.221517,0.161819,2.132313,0.926052,6,2,4,0.5,0.5,0.0,643,4
1132,0.12876,0.15043499999999999,2.296525,0.9973679999999999,7,2,8,0.6047,0.6047,0.0,340,8
1133,0.162293,0.014162,2.250304,0.9772949999999999,8,2,2,0.0,0.0,0.0,340,2
1134,0.1463,0.073331,2.264715,0.983553,6,3,2,1.0,1.0,0.0,340,2
1135,0.163608,0.11336399999999999,2.245032,0.975005,6,2,2,0.0,0.0,0.0,340,2
2196,0.221833,0.391704,2.172086,0.943325,12,1,2,1.0,1.0,0.0,794,2
1400,0.177316,0.367095,2.257676,0.9804959999999999,12,1,2,0.2069,0.2069,0.0,431,2
1401,0.20002899999999998,0.38978599999999997,2.243277,0.974243,6,1,2,0.1739,0.1739,0.0,431,2
1402,0.20465799999999998,0.34586,2.235913,0.9710449999999999,8,1,8,0.2105,0.2105,0.0,431,8
1403,0.262832,0.5582400000000001,2.180677,0.947056,7,1,5,0.8182,0.8182,0.0,431,5
2158,0.20685099999999998,0.253822,2.210289,0.9599169999999999,12,1,5,0.8889,0.8889,0.0,772,5
2159,0.22291799999999998,0.317312,2.01955,0.8770800000000001,7,1,2,0.0,0.0,0.0,772,2
2160,0.192467,0.255563,2.199081,0.9550489999999999,6,1,4,0.7692,0.7692,0.0,772,4
2161,0.16935,0.073418,2.23396,0.970196,8,2,2,0.1379,0.1429,0.005,772,2
1213,0.15811699999999998,0.19836199999999998,2.274595,0.9878439999999999,14,2,2,1.0,1.0,0.0,372,2
1214,0.155882,0.03368,2.188307,0.95037,8,3,2,0.0,0.0,0.0,372,2
1215,0.263123,0.321237,2.117548,0.919639,11,1,8,0.8387,0.8387,0.0,372,8
2023,0.136301,0.056836,2.2711040000000002,0.986328,9,3,6,0.6154,0.6154,0.0,692,6
1964,0.143927,0.006350000000000001,2.257271,0.980321,9,3,2,1.0,1.0,0.0,665,2
1965,0.15073599999999998,0.0068000000000000005,2.253572,0.978714,10,3,4,1.0,1.0,0.0,665,4
545,0.219853,0.19375299999999998,2.182116,0.947681,11,2,4,0.1667,0.1667,0.0,150,4
546,0.241836,0.306002,2.045238,0.8882359999999999,10,1,2,0.0,0.0,0.0,150,2
547,0.163609,0.11988299999999999,2.256381,0.979934,8,2,2,0.0,0.0,0.0,150,2
548,0.184173,0.098741,2.179846,0.946695,5,2,2,0.75,0.75,0.0,150,2
549,0.217107,0.280285,2.184913,0.9488949999999999,7,1,2,0.6667,0.6667,0.0,150,2
550,0.209301,0.300881,2.193613,0.9526739999999999,7,1,4,1.0,1.0,0.0,150,4
551,0.20499599999999998,0.384943,2.23672,0.971395,10,1,2,0.0526,0.0526,0.0,150,2
1704,0.193515,0.046343999999999996,2.177097,0.9455009999999999,6,2,2,0.0,0.0,0.0,549,2
1705,0.127328,0.056173999999999995,2.285375,0.9925259999999999,7,5,2,1.0,1.0,0.0,549,2
125,0.22594799999999998,0.543756,2.231704,0.969217,6,1,2,0.5306,0.5306,0.0,36,2
126,0.179505,0.319059,2.261464,0.9821409999999999,7,1,5,0.3385,0.3438,0.0053,36,5
127,0.24157499999999998,0.467369,2.187853,0.9501719999999999,6,1,6,0.8571,0.8571,0.0,36,6
1757,0.163298,0.084672,2.241141,0.9733149999999999,6,2,2,1.0,1.0,0.0,572,2
1000,0.139342,0.049062999999999996,2.274264,0.9877,9,3,4,1.0,1.0,0.0,293,4
1001,0.19797099999999998,0.141398,2.190152,0.951171,8,2,6,0.6,0.6,0.0,293,6
1002,0.241664,0.403263,2.161372,0.938672,17,1,5,0.2105,0.2105,0.0,293,5
1003,0.169538,0.043081999999999995,2.227425,0.9673579999999999,19,2,2,0.0,0.0,0.0,293,2
1917,0.167322,0.341146,2.276701,0.9887589999999999,11,1,2,0.0,0.0,0.0,640,2
1918,0.159901,0.21293499999999999,2.27713,0.988945,9,1,2,0.0,0.0,0.0,640,2
1919,0.12224499999999999,0.022815,2.293882,0.9962200000000001,8,4,2,0.75,0.75,0.0,640,2
1920,0.181409,0.12603599999999998,2.233081,0.969815,10,2,2,1.0,1.0,0.0,640,2
418,0.136938,0.019860000000000003,2.269521,0.9856400000000001,14,4,2,0.0,0.0,0.0,110,2
419,0.13872,0.015695999999999998,2.247674,0.9761519999999999,7,5,4,0.6,0.6,0.0,110,4
420,0.194773,0.091375,2.189801,0.9510179999999999,6,2,8,0.6154,0.6154,0.0,110,8
421,0.162766,0.109258,2.216377,0.9625600000000001,6,4,2,0.16,0.16,0.0,110,2
422,0.12664899999999998,0.061355999999999994,2.275988,0.9884489999999999,8,6,8,0.6,0.6,0.0,110,8
1984,0.13180799999999998,0.040379,2.242355,0.9738429999999999,7,7,6,0.9286,0.9286,0.0,676,6
1028,0.174753,0.002022,2.193246,0.952515,13,3,4,1.0,1.0,0.0,304,4
1029,0.25673399999999996,0.5982689999999999,2.192311,0.952108,7,1,2,0.0,0.0,0.0,304,2
1030,0.17789000000000002,0.26458000000000004,2.24684,0.97579,8,1,4,0.4,0.4,0.0,304,4
1419,0.186351,0.198623,2.226797,0.967086,8,2,2,0.3636,0.3636,0.0,438,2
1420,0.235393,0.349356,2.183756,0.9483929999999999,6,1,8,0.9091,0.9091,0.0,438,8
1493,0.47492599999999996,0.601036,1.475418,0.640766,8,1,6,0.9091,0.9091,0.0,467,6
1494,0.199897,0.033791999999999996,1.7825959999999998,0.7741709999999999,7,3,2,1.0,1.0,0.0,467,2
1495,0.232984,0.23377799999999999,1.936767,0.841127,9,1,2,1.0,1.0,0.0,467,2
1496,0.5267000000000001,0.7162379999999999,1.326206,0.5759639999999999,4,1,2,1.0,1.0,0.0,467,2
1497,0.3347,0.050910000000000004,1.577675,0.685176,5,2,4,0.5,0.5,0.0,467,4
1828,0.23203000000000001,0.451895,2.136271,0.927771,11,1,2,0.0,0.0,0.0,604,2
1829,0.22655699999999998,0.031966999999999995,2.018556,0.876648,8,2,2,0.0,0.0,0.0,604,2
1830,0.220267,0.258961,2.1725849999999998,0.943542,7,1,4,0.5714,0.5714,0.0,604,4
90,0.204916,0.021256,2.183502,0.948283,10,2,2,0.1176,0.1176,0.0,24,2
91,0.13955299999999998,0.028838,2.274475,0.987792,10,3,2,0.0,0.0,0.0,24,2
92,0.14488499999999999,0.050993,2.24236,0.9738439999999999,7,5,2,1.0,1.0,0.0,24,2
93,0.149523,0.034932,2.215066,0.9619909999999999,5,5,2,0.0,0.0,0.0,24,2
94,0.173766,0.057115,2.180487,0.946973,6,3,2,0.0,0.0,0.0,24,2
95,0.154463,0.09229799999999999,2.235615,0.970915,6,2,2,0.0,0.0,0.0,24,2
636,0.395941,0.572306,1.8891149999999999,0.8204319999999999,5,1,2,0.6667,0.6667,0.0,175,2
637,0.17341299999999998,0.201628,2.235204,0.970737,4,1,2,1.0,1.0,0.0,175,2
638,0.177928,0.233782,2.2594279999999998,0.9812569999999999,7,1,8,0.2353,0.2353,0.0,175,8
639,0.21942899999999999,0.38392899999999996,2.186308,0.9495009999999999,8,1,5,0.75,0.75,0.0,175,5
897,0.198686,0.364097,2.2276569999999998,0.967459,9,1,6,0.6316,0.6316,0.0,259,6
1909,0.191222,0.318946,2.237591,0.971773,6,1,5,0.16,0.16,0.0,637,5
1910,0.23940699999999998,0.312942,1.997474,0.8674919999999999,4,1,4,0.1395,0.1395,0.0,637,4
1911,0.143847,0.055576999999999994,2.228044,0.9676269999999999,5,3,2,0.2,0.2,0.0,637,2
2014,0.624026,0.670171,0.9209700000000001,0.399972,9,1,2,0.2632,0.2632,0.0,687,2
2015,0.47919599999999996,0.385882,1.352881,0.587549,9,1,2,0.0,0.0,0.0,687,2
818,0.21154399999999998,0.30907,2.1855919999999998,0.949191,14,1,4,0.6364,0.6364,0.0,234,4
819,0.244603,0.43359499999999995,2.15547,0.936109,10,1,6,0.2857,0.2857,0.0,234,6
1958,0.137016,0.00127,2.2829829999999998,0.991487,8,2,4,1.0,1.0,0.0,660,4
964,0.13615000000000002,0.086489,2.280822,0.990548,17,3,5,0.2,0.2,0.0,282,5
965,0.28576799999999997,0.569608,2.147915,0.932828,8,1,2,0.5,0.5,0.0,282,2
966,0.22000399999999998,0.274465,2.176415,0.945205,8,1,2,0.0,0.0,0.0,282,2
1107,0.163984,0.110958,2.241107,0.973301,7,3,4,1.0,1.0,0.0,332,4
1108,0.21961599999999998,0.44560299999999997,2.218764,0.9635969999999999,12,1,4,0.3333,0.3333,0.0,332,4
1109,0.29381199999999996,0.54286,2.123558,0.9222500000000001,6,1,2,0.0,0.0,0.0,332,2
1110,0.23471299999999998,0.300873,2.168992,0.941981,9,1,2,1.0,1.0,0.0,332,2
1264,0.226376,0.299378,2.133983,0.926777,6,1,2,1.0,1.0,0.0,388,2
1265,0.23726000000000003,0.23224699999999998,2.057252,0.8934529999999999,8,1,2,0.5714,0.5714,0.0,388,2
1266,0.21054599999999998,0.082374,1.8781219999999998,0.815658,7,2,5,0.4,0.4,0.0,388,5
1267,0.178901,0.14457699999999998,2.147999,0.9328639999999999,5,4,2,1.0,1.0,0.0,388,2
1364,0.180172,0.063647,2.218888,0.9636509999999999,7,2,4,0.8852,0.8852,0.0,419,4
1365,0.189226,0.074012,1.788068,0.776548,5,5,6,1.0,1.0,0.0,419,6
1366,0.233453,0.402742,2.174823,0.9445129999999999,7,1,4,0.3,0.3,0.0,419,4
1367,0.223661,0.369565,2.198892,0.954967,7,1,6,0.3158,0.3158,0.0,419,6
1065,0.188254,0.342119,2.240161,0.97289,11,1,2,0.5,0.5,0.0,317,2
1066,0.253343,0.402186,2.149289,0.9334239999999999,7,1,4,0.125,0.125,0.0,317,4
1067,0.269021,0.47086599999999995,2.121722,0.9214519999999999,8,1,4,1.0,1.0,0.0,317,4
1586,0.141043,0.129738,2.281516,0.9908500000000001,10,3,2,0.0,0.0,0.0,505,2
1587,0.174918,0.07521699999999999,2.241681,0.97355,9,2,2,0.0,0.0,0.0,505,2
171,0.321521,0.674153,2.105829,0.9145500000000001,18,1,8,0.6087,0.6087,0.0,49,8
172,0.191637,0.01132,2.168054,0.9415739999999999,6,2,2,1.0,1.0,0.0,49,2
173,0.22344899999999998,0.325084,2.172502,0.943506,17,1,2,0.75,0.75,0.0,49,2
174,0.36138899999999996,0.7231000000000001,2.030319,0.881756,14,1,8,0.1429,0.1429,0.0,49,8
340,0.27382,0.342317,2.119454,0.9204669999999999,13,1,2,0.0,0.0,0.0,92,2
341,0.185776,0.058185999999999995,2.196342,0.9538589999999999,7,2,2,0.0,0.0,0.0,92,2
342,0.212339,0.27038,2.157914,0.9371700000000001,11,1,2,0.5,0.5,0.0,92,2
343,0.22084199999999998,0.171897,2.155799,0.936252,11,2,5,0.3636,0.3636,0.0,92,5
344,0.21301499999999998,0.084752,1.89219,0.8217669999999999,5,2,4,1.0,1.0,0.0,92,4
345,0.23452199999999998,0.114771,2.037292,0.8847849999999999,8,2,2,0.0,0.0,0.0,92,2
346,0.161997,0.168984,2.246906,0.975819,16,2,2,0.0,0.0,0.0,92,2
347,0.206973,0.17951399999999998,2.14755,0.932669,6,2,2,0.0,0.0,0.0,92,2
348,0.163465,0.001857,2.213306,0.9612269999999999,10,3,2,1.0,1.0,0.0,92,2
1233,0.196099,0.074683,2.178191,0.9459759999999999,4,2,2,0.4444,0.4444,0.0,379,2
1234,0.156079,0.22178299999999998,2.258542,0.980872,4,1,4,0.5,0.5,0.0,379,4
1235,0.18528599999999998,0.031824,1.906228,0.8278639999999999,7,4,2,0.5333,0.5333,0.0,379,2
1313,0.122773,0.004408,2.293284,0.995961,4,5,4,0.8,0.8,0.0,404,4
1314,0.166163,0.103549,2.234069,0.970244,10,3,2,0.0,0.0,0.0,404,2
1315,0.158847,0.089492,2.248979,0.976719,10,2,4,0.2609,0.2609,0.0,404,4
1316,0.161794,0.119794,2.262438,0.982564,11,2,2,0.1667,0.1667,0.0,404,2
1317,0.18414899999999998,0.23646899999999998,2.233307,0.9699129999999999,6,1,4,0.3429,0.3429,0.0,404,4
1158,0.19222,0.33336299999999996,2.230039,0.968494,12,1,2,1.0,1.0,0.0,351,2
1159,0.28976399999999997,0.6941149999999999,2.157487,0.936985,7,1,2,1.0,1.0,0.0,351,2
1160,0.296564,0.695884,2.1511839999999998,0.9342469999999999,8,1,2,0.0,0.0,0.0,351,2
1161,0.136203,0.070875,2.274749,0.987911,9,4,2,0.75,0.75,0.0,351,2
1004,0.137161,0.123454,2.286493,0.993011,4,3,5,0.8889,0.8889,0.0,294,5
1005,0.155684,0.052433,2.258511,0.9808589999999999,5,3,8,1.0,1.0,0.0,294,8
2202,0.31931699999999996,0.418112,1.692234,0.7349279999999999,6,1,2,1.0,1.0,0.0,799,2
1763,0.162432,0.056006,2.176942,0.945434,9,5,2,0.0,0.0,0.0,575,2
2191,0.219437,0.28540299999999996,2.018097,0.876448,6,1,2,0.8,0.8,0.0,791,2
2192,0.293389,0.223911,2.040749,0.8862859999999999,5,1,8,0.8,0.8,0.0,791,8
1808,0.154973,0.115727,2.27271,0.9870249999999999,8,2,2,1.0,1.0,0.0,595,2
1809,0.151648,0.296002,2.278695,0.989625,10,1,6,0.2,0.2,0.0,595,6
1810,0.214724,0.400344,2.224771,0.966206,6,1,5,0.8837,0.8837,0.0,595,5
677,0.173029,0.30142599999999997,2.260773,0.981841,10,1,2,0.0,0.0,0.0,186,2
478,0.156833,0.215019,2.279307,0.98989,13,1,2,1.0,1.0,0.0,129,2
479,0.15209499999999998,0.075335,2.26368,0.983104,8,3,2,0.0,0.0,0.0,129,2
480,0.15093399999999998,0.040577999999999996,2.257496,0.9804179999999999,8,3,6,0.125,0.125,0.0,129,6
481,0.17285799999999998,0.0033759999999999997,2.187942,0.9502109999999999,10,3,2,1.0,1.0,0.0,129,2
1799,0.172699,0.122261,2.22969,0.9683419999999999,7,2,2,0.0,0.0,0.0,590,2
721,0.19675299999999998,0.29092,2.210862,0.9601649999999999,5,1,4,0.8,0.8,0.0,199,4
722,0.27839,0.273393,1.998468,0.8679239999999999,6,1,2,0.0,0.0,0.0,199,2
723,0.186967,0.210176,2.148136,0.932924,6,1,5,0.1176,0.1176,0.0,199,5
2031,0.15971000000000002,0.011330000000000002,2.163264,0.9394939999999999,7,5,2,0.0488,0.0488,0.0,696,2
2032,0.31985399999999997,0.369232,2.003191,0.8699749999999999,7,1,2,0.5079,0.5079,0.0,696,2
1682,0.132594,0.07169199999999999,2.291399,0.995142,5,2,6,0.8889,0.8889,0.0,542,6
1683,0.130821,0.004482,2.281889,0.991012,9,4,6,0.5263,0.5263,0.0,542,6
1871,0.160902,0.267115,2.271514,0.986506,10,1,2,0.0625,0.0625,0.0,621,2
2059,0.18101899999999999,0.126798,2.233619,0.9700479999999999,8,2,4,0.6667,0.6667,0.0,715,4
1663,0.218663,0.20185399999999998,2.134881,0.927167,5,1,4,1.0,1.0,0.0,535,4
153,0.164164,0.024482,2.2565,0.9799859999999999,16,2,2,1.0,1.0,0.0,45,2
154,0.141896,0.07105399999999999,2.279302,0.989888,8,2,6,0.2857,0.2857,0.0,45,6
155,0.175613,0.078904,2.215774,0.962298,8,3,2,0.1667,0.1667,0.0,45,2
156,0.194212,0.353518,2.229739,0.968363,12,1,8,0.5333,0.5333,0.0,45,8
1800,0.20765699999999998,0.02526,2.033548,0.883158,6,3,2,0.0,0.0,0.0,591,2
1801,0.192302,0.214185,2.215845,0.962329,6,1,6,0.2857,0.2857,0.0,591,6
556,0.195996,0.1033,2.18803,0.950249,15,2,4,0.24,0.24,0.0,152,4
557,0.197233,0.11089199999999999,2.072263,0.899972,12,3,2,0.0,0.0,0.0,152,2
558,0.195453,0.065179,2.160237,0.938179,17,3,2,0.0,0.0,0.0,152,2
559,0.251104,0.339063,1.942567,0.843646,13,1,8,0.087,0.087,0.0,152,8
1502,0.146813,0.039848,2.27362,0.987421,7,2,2,0.0,0.0,0.0,469,2
1503,0.160307,0.023295,2.257362,0.9803600000000001,5,2,2,1.0,1.0,0.0,469,2
1934,0.126891,0.043556,2.283548,0.991732,15,5,4,1.0,1.0,0.0,647,4
2027,0.15762299999999999,0.152352,2.261178,0.9820169999999999,11,2,2,0.0,0.0,0.0,695,2
2028,0.224155,0.120734,2.097519,0.910941,4,2,2,1.0,1.0,0.0,695,2
2029,0.28853799999999996,0.133219,1.7018550000000001,0.7391059999999999,7,2,4,0.6957,0.6957,0.0,695,4
2030,0.215362,0.45264000000000004,2.233046,0.969799,6,1,4,1.0,1.0,0.0,695,4
2262,0.244215,0.08169799999999999,1.5985200000000002,0.694229,5,2,8,0.6667,0.6667,0.0,837,8
283,0.228907,0.209385,2.078273,0.9025829999999999,5,1,8,1.0,1.0,0.0,78,8
284,0.23068000000000002,0.26218199999999997,2.172224,0.9433849999999999,6,1,2,0.1905,0.1905,0.0,78,2
285,0.18797799999999998,0.14858000000000002,2.212403,0.960835,6,2,2,1.0,1.0,0.0,78,2
1013,0.17515799999999998,0.058704,2.228895,0.967997,13,2,2,0.0,0.0,0.0,298,2
916,0.20768399999999998,0.289371,2.208514,0.9591459999999999,8,1,4,0.5,0.5,0.0,266,4
917,0.148861,0.042574999999999995,2.255858,0.979707,10,3,8,1.0,1.0,0.0,266,8
918,0.19761499999999999,0.34851899999999997,2.24621,0.975517,12,1,2,0.4878,0.4878,0.0,266,2
919,0.167434,0.115746,2.255493,0.979548,8,2,2,0.0,0.0,0.0,266,2
920,0.13245,0.040055,2.272152,0.986783,5,4,2,1.0,1.0,0.0,266,2
1779,0.366002,0.458316,1.925495,0.836232,10,1,2,0.4444,0.4444,0.0,583,2
951,0.208419,0.397704,2.23654,0.971317,17,1,4,0.1905,0.2,0.0095,276,4
398,0.20579899999999998,0.006749,2.174821,0.9445129999999999,12,2,2,0.4615,0.4615,0.0,105,2
399,0.18731399999999998,0.11857799999999999,2.222729,0.9653189999999999,16,2,2,0.0,0.0,0.0,105,2
400,0.170788,0.012367999999999999,2.236802,0.9714309999999999,10,2,2,0.0,0.0,0.0,105,2
401,0.148413,0.046986,2.272283,0.98684,10,3,2,0.2778,0.2778,0.0,105,2
402,0.285593,0.493836,2.10047,0.912223,5,1,2,0.3333,0.3333,0.0,105,2
403,0.15429199999999998,0.26308000000000004,2.2806480000000002,0.9904729999999999,9,1,5,0.6667,0.6667,0.0,105,5
404,0.170353,0.084964,2.180777,0.9471,9,4,2,0.5,0.5,0.0,105,2
405,0.191386,0.101118,2.180293,0.946889,8,2,2,0.0,0.0,0.0,105,2
406,0.219029,0.073623,2.138496,0.9287369999999999,8,2,8,0.3333,0.3333,0.0,105,8
631,0.175917,0.206534,2.248586,0.976549,9,1,2,1.0,1.0,0.0,173,2
632,0.179692,0.079695,2.198365,0.954738,6,2,8,1.0,1.0,0.0,173,8
1459,0.303653,0.10531599999999999,1.373621,0.596556,7,2,2,1.0,1.0,0.0,454,2
1460,0.166855,0.15553799999999998,2.23055,0.9687159999999999,6,3,2,0.6667,0.6667,0.0,454,2
