question_id,paper_id,selected_k,policy_f1,context_tokens,oracle_f1,regret
1912,638,2,0.0,534.5,0.5,0.5
2201,798,2,0.8,534.5,0.8,0.0
883,254,2,0.6667,534.5,1.0,0.33330000000000004
884,254,2,1.0,534.5,1.0,0.0
104,28,2,0.0,534.5,0.0,0.0
105,28,2,0.1538,534.5,0.4444,0.2906
2100,735,2,0.0,534.5,1.0,1.0
2101,735,2,1.0,534.5,1.0,0.0
2102,735,2,0.0,534.5,0.0,0.0
732,203,2,1.0,534.5,1.0,0.0
733,203,2,0.2143,534.5,0.3333,0.119
734,203,2,0.1111,534.5,0.1111,0.0
735,203,2,0.1818,534.5,0.1818,0.0
736,203,2,0.0,534.5,0.5714,0.5714
737,203,2,0.2143,534.5,0.3333,0.119
738,203,2,1.0,534.5,1.0,0.0
1187,361,2,1.0,534.5,1.0,0.0
1188,361,2,1.0,534.5,1.0,0.0
2069,720,2,0.0,534.5,0.2222,0.2222
116,33,2,0.0,534.5,0.5,0.5
117,33,2,0.16,534.5,0.4762,0.31620000000000004
118,33,2,0.0,534.5,0.0,0.0
1670,538,2,0.0,534.5,0.2667,0.2667
1377,423,2,0.2286,534.5,0.4242,0.19560000000000002
1378,423,2,0.0,534.5,0.0,0.0
1379,423,2,0.0779,534.5,0.1481,0.07020000000000001
1632,520,2,0.0,534.5,0.2222,0.2222
1504,470,2,0.0,534.5,0.0,0.0
1505,470,2,0.0,534.5,0.0,0.0
1807,594,2,0.1818,534.5,0.1818,0.0
2190,790,2,0.0,534.5,0.8889,0.8889
877,252,2,0.0,534.5,0.4444,0.4444
878,252,2,0.0,534.5,0.381,0.381
879,252,2,0.0,534.5,0.2581,0.2581
880,252,2,1.0,534.5,1.0,0.0
2239,821,2,1.0,534.5,1.0,0.0
2240,821,2,1.0,534.5,1.0,0.0
2293,867,2,0.5263,534.5,0.5263,0.0
1282,394,2,0.0556,534.5,0.88,0.8244
1283,394,2,0.0,534.5,0.0,0.0
1926,643,2,0.3077,534.5,0.5,0.19230000000000003
1132,340,2,0.0,534.5,0.6047,0.6047
1133,340,2,0.0,534.5,0.0,0.0
1134,340,2,1.0,534.5,1.0,0.0
1135,340,2,0.0,534.5,0.0,0.0
2196,794,2,1.0,534.5,1.0,0.0
1400,431,2,0.2069,534.5,0.2069,0.0
1401,431,2,0.1739,534.5,0.1739,0.0
1402,431,2,0.1905,534.5,0.2105,0.01999999999999999
1403,431,2,0.6364,534.5,0.8182,0.18180000000000007
2158,772,2,0.0,534.5,0.8889,0.8889
2159,772,2,0.0,534.5,0.0,0.0
2160,772,2,0.625,534.5,0.7692,0.1442
2161,772,2,0.1379,534.5,0.1379,0.0
1213,372,2,1.0,534.5,1.0,0.0
1214,372,2,0.0,534.5,0.0,0.0
1215,372,2,0.2963,534.5,0.8387,0.5424
2023,692,2,0.381,534.5,0.6154,0.23439999999999994
1964,665,2,1.0,534.5,1.0,0.0
1965,665,2,0.0,534.5,1.0,1.0
545,150,2,0.087,534.5,0.1667,0.0797
546,150,2,0.0,534.5,0.0,0.0
547,150,2,0.0,534.5,0.0,0.0
548,150,2,0.75,534.5,0.75,0.0
549,150,2,0.6667,534.5,0.6667,0.0
550,150,2,0.8,534.5,1.0,0.19999999999999996
551,150,2,0.0526,534.5,0.0526,0.0
1704,549,2,0.0,534.5,0.0,0.0
1705,549,2,1.0,534.5,1.0,0.0
125,36,2,0.5306,534.5,0.5306,0.0
126,36,2,0.127,534.5,0.3385,0.21150000000000002
127,36,2,0.4286,534.5,0.8571,0.4285
1757,572,2,1.0,534.5,1.0,0.0
1000,293,2,0.4,534.5,1.0,0.6
1001,293,2,0.1429,534.5,0.6,0.45709999999999995
1002,293,2,0.2,534.5,0.2105,0.010499999999999982
1003,293,2,0.0,534.5,0.0,0.0
1917,640,2,0.0,534.5,0.0,0.0
1918,640,2,0.0,534.5,0.0,0.0
1919,640,2,0.75,534.5,0.75,0.0
1920,640,2,1.0,534.5,1.0,0.0
418,110,2,0.0,534.5,0.0,0.0
419,110,2,0.3529,534.5,0.6,0.2471
420,110,2,0.0308,534.5,0.6154,0.5845999999999999
421,110,2,0.16,534.5,0.16,0.0
422,110,2,0.4211,534.5,0.6,0.1789
1984,676,2,0.1818,534.5,0.9286,0.7468
1028,304,2,0.0,534.5,1.0,1.0
1029,304,2,0.0,534.5,0.0,0.0
1030,304,2,0.3333,534.5,0.4,0.06670000000000004
1419,438,2,0.3636,534.5,0.3636,0.0
1420,438,2,0.3,534.5,0.9091,0.6091
1493,467,2,0.0,534.5,0.9091,0.9091
1494,467,2,1.0,534.5,1.0,0.0
1495,467,2,1.0,534.5,1.0,0.0
1496,467,2,1.0,534.5,1.0,0.0
1497,467,2,0.4,534.5,0.5,0.09999999999999998
1828,604,2,0.0,534.5,0.0,0.0
1829,604,2,0.0,534.5,0.0,0.0
1830,604,2,0.3333,534.5,0.5714,0.23810000000000003
90,24,2,0.1176,534.5,0.1176,0.0
91,24,2,0.0,534.5,0.0,0.0
92,24,2,1.0,534.5,1.0,0.0
93,24,2,0.0,534.5,0.0,0.0
94,24,2,0.0,534.5,0.0,0.0
95,24,2,0.0,534.5,0.0,0.0
636,175,2,0.6667,534.5,0.6667,0.0
637,175,2,1.0,534.5,1.0,0.0
638,175,2,0.0,534.5,0.2353,0.2353
639,175,2,0.3333,534.5,0.75,0.4167
897,259,2,0.0,534.5,0.6316,0.6316
1909,637,2,0.0,534.5,0.16,0.16
1910,637,2,0.0851,534.5,0.1395,0.05440000000000002
1911,637,2,0.2,534.5,0.2,0.0
2014,687,2,0.2632,534.5,0.2632,0.0
2015,687,2,0.0,534.5,0.0,0.0
818,234,2,0.2727,534.5,0.6364,0.36369999999999997
819,234,2,0.1818,534.5,0.2857,0.10390000000000002
1958,660,2,0.0,534.5,1.0,1.0
964,282,2,0.0678,534.5,0.2,0.1322
965,282,2,0.5,534.5,0.5,0.0
966,282,2,0.0,534.5,0.0,0.0
1107,332,2,0.0,534.5,1.0,1.0
1108,332,2,0.1667,534.5,0.3333,0.1666
1109,332,2,0.0,534.5,0.0,0.0
1110,332,2,1.0,534.5,1.0,0.0
1264,388,2,1.0,534.5,1.0,0.0
1265,388,2,0.5714,534.5,0.5714,0.0
1266,388,2,0.0,534.5,0.4,0.4
1267,388,2,1.0,534.5,1.0,0.0
1364,419,2,0.1111,534.5,0.8852,0.7741
1365,419,2,0.069,534.5,1.0,0.931
1366,419,2,0.1053,534.5,0.3,0.19469999999999998
1367,419,2,0.0909,534.5,0.3158,0.22490000000000004
1065,317,2,0.5,534.5,0.5,0.0
1066,317,2,0.0,534.5,0.125,0.125
1067,317,2,0.0,534.5,1.0,1.0
1586,505,2,0.0,534.5,0.0,0.0
1587,505,2,0.0,534.5,0.0,0.0
171,49,2,0.0741,534.5,0.6087,0.5346
172,49,2,1.0,534.5,1.0,0.0
173,49,2,0.75,534.5,0.75,0.0
174,49,2,0.0,534.5,0.1429,0.1429
340,92,2,0.0,534.5,0.0,0.0
341,92,2,0.0,534.5,0.0,0.0
342,92,2,0.5,534.5,0.5,0.0
343,92,2,0.1702,534.5,0.3636,0.1934
344,92,2,0.0,534.5,1.0,1.0
345,92,2,0.0,534.5,0.0,0.0
346,92,2,0.0,534.5,0.0,0.0
347,92,2,0.0,534.5,0.0,0.0
348,92,2,1.0,534.5,1.0,0.0
1233,379,2,0.4444,534.5,0.4444,0.0
1234,379,2,0.2222,534.5,0.5,0.2778
1235,379,2,0.5333,534.5,0.5333,0.0
1313,404,2,0.0,534.5,0.8,0.8
1314,404,2,0.0,534.5,0.0,0.0
1315,404,2,0.0,534.5,0.2609,0.2609
1316,404,2,0.1667,534.5,0.1667,0.0
1317,404,2,0.2857,534.5,0.3429,0.05719999999999997
1158,351,2,1.0,534.5,1.0,0.0
1159,351,2,1.0,534.5,1.0,0.0
1160,351,2,0.0,534.5,0.0,0.0
1161,351,2,0.75,534.5,0.75,0.0
1004,294,2,0.0,534.5,0.8889,0.8889
1005,294,2,0.6667,534.5,1.0,0.33330000000000004
2202,799,2,1.0,534.5,1.0,0.0
1763,575,2,0.0,534.5,0.0,0.0
2191,791,2,0.8,534.5,0.8,0.0
2192,791,2,0.0,534.5,0.8,0.8
1808,595,2,1.0,534.5,1.0,0.0
1809,595,2,0.0,534.5,0.2,0.2
1810,595,2,0.0,534.5,0.8837,0.8837
677,186,2,0.0,534.5,0.0,0.0
478,129,2,1.0,534.5,1.0,0.0
479,129,2,0.0,534.5,0.0,0.0
480,129,2,0.0,534.5,0.125,0.125
481,129,2,1.0,534.5,1.0,0.0
1799,590,2,0.0,534.5,0.0,0.0
721,199,2,0.75,534.5,0.8,0.050000000000000044
722,199,2,0.0,534.5,0.0,0.0
723,199,2,0.0,534.5,0.1176,0.1176
2031,696,2,0.0488,534.5,0.0488,0.0
2032,696,2,0.5079,534.5,0.5079,0.0
1682,542,2,0.0,534.5,0.8889,0.8889
1683,542,2,0.0,534.5,0.5263,0.5263
1871,621,2,0.0625,534.5,0.0625,0.0
2059,715,2,0.5,534.5,0.6667,0.16669999999999996
1663,535,2,0.0,534.5,1.0,1.0
153,45,2,1.0,534.5,1.0,0.0
154,45,2,0.0,534.5,0.2857,0.2857
155,45,2,0.1667,534.5,0.1667,0.0
156,45,2,0.0,534.5,0.5333,0.5333
1800,591,2,0.0,534.5,0.0,0.0
1801,591,2,0.0,534.5,0.2857,0.2857
556,152,2,0.0909,534.5,0.24,0.1491
557,152,2,0.0,534.5,0.0,0.0
558,152,2,0.0,534.5,0.0,0.0
559,152,2,0.0,534.5,0.087,0.087
1502,469,2,0.0,534.5,0.0,0.0
1503,469,2,1.0,534.5,1.0,0.0
1934,647,2,0.0,534.5,1.0,1.0
2027,695,2,0.0,534.5,0.0,0.0
2028,695,2,1.0,534.5,1.0,0.0
2029,695,2,0.0,534.5,0.6957,0.6957
2030,695,2,0.0,534.5,1.0,1.0
2262,837,2,0.0,534.5,0.6667,0.6667
283,78,2,0.9412,534.5,1.0,0.05879999999999996
284,78,2,0.1905,534.5,0.1905,0.0
285,78,2,1.0,534.5,1.0,0.0
1013,298,2,0.0,534.5,0.0,0.0
916,266,2,0.0,534.5,0.5,0.5
917,266,2,0.6667,534.5,1.0,0.33330000000000004
918,266,2,0.4878,534.5,0.4878,0.0
919,266,2,0.0,534.5,0.0,0.0
920,266,2,1.0,534.5,1.0,0.0
1779,583,2,0.4444,534.5,0.4444,0.0
951,276,2,0.0833,534.5,0.1905,0.1072
398,105,2,0.4615,534.5,0.4615,0.0
399,105,2,0.0,534.5,0.0,0.0
400,105,2,0.0,534.5,0.0,0.0
401,105,2,0.2778,534.5,0.2778,0.0
402,105,2,0.3333,534.5,0.3333,0.0
403,105,2,0.0,534.5,0.6667,0.6667
404,105,2,0.5,534.5,0.5,0.0
405,105,2,0.0,534.5,0.0,0.0
406,105,2,0.0,534.5,0.3333,0.3333
631,173,2,1.0,534.5,1.0,0.0
632,173,2,0.0,534.5,1.0,1.0
1459,454,2,1.0,534.5,1.0,0.0
1460,454,2,0.6667,534.5,0.6667,0.0
