policy,mean_f1,mean_k,mean_context_tokens,context_reduction_pct_vs_k8,f1_per_1k_tokens,mean_regret,median_regret,pct_k2,pct_k4,pct_k6,pct_k8,stage1_expansion_prec,stage1_expansion_rec,stage2_expansion_prec,stage2_expansion_rec,stage3_expansion_prec,stage3_expansion_rec,threshold
Threshold_t=0.30,0.3093,2.35,605.9,65.55,0.5105,0.1801,0.0,88.3,6.1,5.6,0.0,0.1852,0.0909,0.3846,0.5,0.0,0.0,0.3
Threshold_t=0.35,0.3033,2.11,557.7,68.29,0.5438,0.1861,0.0,95.2,3.9,0.9,0.0,0.0909,0.0182,0.5,0.2,0.0,0.0,0.35
Threshold_t=0.40,0.3024,2.02,538.1,69.4,0.5619,0.187,0.0,99.6,0.0,0.4,0.0,0.0,0.0,0.0,0.0,0.0,0.0,0.4
Threshold_t=0.45,0.3038,2.0,534.5,69.6,0.5684,0.1856,0.0,100.0,0.0,0.0,0.0,0.0,0.0,0.0,0.0,0.0,0.0,0.45
Threshold_t=0.50,0.3038,2.0,534.5,69.6,0.5684,0.1856,0.0,100.0,0.0,0.0,0.0,0.0,0.0,0.0,0.0,0.0,0.0,0.5
Threshold_t=0.55,0.3038,2.0,534.5,69.6,0.5684,0.1856,0.0,100.0,0.0,0.0,0.0,0.0,0.0,0.0,0.0,0.0,0.0,0.55
Threshold_t=0.60,0.3038,2.0,534.5,69.6,0.5684,0.1856,0.0,100.0,0.0,0.0,0.0,0.0,0.0,0.0,0.0,0.0,0.0,0.6
Threshold_t=0.65,0.3038,2.0,534.5,69.6,0.5684,0.1856,0.0,100.0,0.0,0.0,0.0,0.0,0.0,0.0,0.0,0.0,0.0,0.65
Threshold_t=0.70,0.3038,2.0,534.5,69.6,0.5684,0.1856,0.0,100.0,0.0,0.0,0.0,0.0,0.0,0.0,0.0,0.0,0.0,0.7
