transition_stage,delta,n_samples,positive_count (Y=1),negative_count (Y=0),positive_rate,majority_class,majority_rate,gain_mean,gain_std,gain_median
2->4,0.0,231,56,175,0.2424,0,0.7576,0.0558,0.2779,0.0
2->4,0.01,231,55,176,0.2381,0,0.7619,0.0558,0.2779,0.0
2->4,0.02,231,55,176,0.2381,0,0.7619,0.0558,0.2779,0.0
2->4,0.05,231,53,178,0.2294,0,0.7706,0.0558,0.2779,0.0
4->6,0.0,231,48,183,0.2078,0,0.7922,0.0261,0.2604,0.0
4->6,0.01,231,45,186,0.1948,0,0.8052,0.0261,0.2604,0.0
4->6,0.02,231,44,187,0.1905,0,0.8095,0.0261,0.2604,0.0
4->6,0.05,231,42,189,0.1818,0,0.8182,0.0261,0.2604,0.0
6->8,0.0,231,37,194,0.1602,0,0.8398,0.0093,0.217,0.0
6->8,0.01,231,37,194,0.1602,0,0.8398,0.0093,0.217,0.0
6->8,0.02,231,36,195,0.1558,0,0.8442,0.0093,0.217,0.0
6->8,0.05,231,32,199,0.1385,0,0.8615,0.0093,0.217,0.0
