question_id,paper_id,layer_0_mean_sim,layer_0_evidence_gap,layer_4_mean_sim,layer_4_evidence_gap,layer_8_mean_sim,layer_8_evidence_gap,layer_16_mean_sim,layer_16_evidence_gap,layer_24_mean_sim,layer_24_evidence_gap,layer_31_mean_sim,layer_31_evidence_gap
1029,304,0.359,0.0,0.3736,0.0,0.418,0.0,0.4437,0.0,0.4101,0.0,0.354,0.0
639,175,0.3497,-0.014,0.3978,0.0251,0.4431,0.0395,0.484,0.0691,0.4699,0.0853,0.4248,0.14
2161,772,0.3514,-0.0218,0.3851,0.0236,0.4244,0.0613,0.4591,0.0662,0.4309,0.1032,0.3692,0.0939
125,36,0.3454,0.0028,0.3888,0.0253,0.4409,0.0271,0.4669,0.0774,0.4319,0.1008,0.374,0.1136
2262,837,0.3499,-0.0145,0.3962,-0.006,0.4119,0.0144,0.456,0.0487,0.4272,0.1029,0.3657,0.1227
1265,388,0.3522,-0.0021,0.4014,0.0284,0.4346,0.0572,0.4583,0.0472,0.424,0.1018,0.3753,0.1348
951,276,0.3544,-0.0221,0.4045,-0.0175,0.4214,0.0228,0.4592,0.0859,0.4193,0.11,0.3657,0.1174
1495,467,0.3611,0.0199,0.3871,0.0262,0.4195,0.0309,0.4546,0.064,0.4366,0.1124,0.3815,0.1277
550,150,0.3424,-0.0147,0.3926,0.0323,0.429,0.0486,0.4677,0.0628,0.431,0.093,0.3786,0.1203
1377,423,0.3471,-0.0517,0.3916,0.0222,0.4224,0.0611,0.4583,0.0779,0.4283,0.0927,0.3612,0.1439
1365,419,0.3541,0.0197,0.4034,-0.0038,0.4429,0.0441,0.4644,0.073,0.4458,0.1006,0.4066,0.1042
1401,431,0.3448,0.0051,0.3892,0.0098,0.4248,0.0202,0.4569,0.037,0.4195,0.0827,0.3638,0.1059
1682,542,0.3441,0.0025,0.3977,0.0186,0.4125,0.0293,0.4561,0.1204,0.4352,0.0653,0.3627,0.0843
1005,294,0.3521,-0.0098,0.4024,0.0288,0.4461,0.0341,0.5052,0.0486,0.4978,0.0792,0.441,0.1359
636,175,0.3542,0.0205,0.394,0.0255,0.4404,0.0408,0.4676,0.0567,0.457,0.1035,0.3979,0.1233
1367,419,0.3574,-0.0111,0.399,0.0316,0.4327,0.0189,0.4624,0.0261,0.4408,0.0868,0.3923,0.1161
2100,735,0.3578,0.0209,0.3782,0.0146,0.428,0.0377,0.4529,0.0201,0.4342,0.1026,0.3696,0.1159
1402,431,0.358,0.0028,0.3886,0.0124,0.4354,0.0575,0.4573,0.0466,0.4156,0.1198,0.3622,0.1188
879,252,0.3554,-0.0131,0.3923,0.0302,0.4275,0.0752,0.4671,0.069,0.4286,0.1025,0.3716,0.1452
918,266,0.3482,0.0176,0.3921,-0.0188,0.4359,0.0332,0.4546,0.0763,0.4322,0.1237,0.3729,0.0972
546,150,0.3489,-0.0299,0.3912,-0.0033,0.4314,0.0459,0.4655,0.0641,0.4122,0.1117,0.3638,0.1023
2190,790,0.347,-0.0118,0.4041,-0.0055,0.4248,0.0567,0.4845,0.0523,0.4535,0.0921,0.3965,0.131
878,252,0.3448,0.0072,0.3964,0.0128,0.4217,0.0564,0.4435,0.0631,0.4213,0.1229,0.3648,0.1496
964,282,0.3598,0.0054,0.3925,0.0167,0.431,0.0275,0.4766,0.0526,0.4294,0.0919,0.3822,0.1115
403,105,0.3536,0.0,0.4029,0.0,0.4203,0.0,0.4485,0.0,0.4139,0.0,0.3701,0.0
1502,469,0.354,0.0,0.3871,0.0,0.4288,0.0,0.4347,0.0,0.4234,0.0,0.3489,0.0
1504,470,0.3433,0.0,0.3833,0.0,0.4236,0.0,0.4418,0.0,0.4154,0.0,0.3545,0.0
2028,695,0.3573,-0.04,0.3905,-0.0028,0.4371,0.0496,0.4609,0.0638,0.4237,0.0911,0.3674,0.1059
1002,293,0.3491,-0.0038,0.3955,0.0228,0.4402,0.033,0.4681,0.0511,0.4515,0.0903,0.3837,0.1177
1663,535,0.3559,0.0142,0.3963,0.0066,0.4366,0.0214,0.4634,0.0526,0.437,0.0919,0.3824,0.1214
1809,595,0.3426,-0.0141,0.388,0.0174,0.4316,0.0426,0.4698,0.0673,0.4399,0.0801,0.3918,0.1118
419,110,0.35,-0.001,0.3944,0.008,0.4382,0.0283,0.4831,0.0703,0.4586,0.09,0.4114,0.1378
1013,298,0.3487,-0.0125,0.3976,0.008,0.4348,0.0256,0.4704,0.0841,0.4483,0.0861,0.3856,0.1072
1705,549,0.3508,-0.0044,0.4002,0.0157,0.4261,0.0319,0.4558,0.0518,0.4436,0.1082,0.3914,0.1244
2196,794,0.3473,0.0,0.3848,0.0,0.4234,0.0,0.4554,0.0,0.406,0.0,0.3499,0.0
1264,388,0.3504,0.0,0.3786,0.0,0.4322,0.0,0.4494,0.0,0.4106,0.0,0.352,0.0
1213,372,0.349,0.0,0.3946,0.0,0.4193,0.0,0.4486,0.0,0.4193,0.0,0.3519,0.0
1920,640,0.3504,-0.0149,0.3868,-0.0067,0.4282,0.064,0.4503,0.0406,0.4261,0.1062,0.3574,0.1009
1965,665,0.3483,-0.0175,0.404,0.019,0.4548,0.0467,0.4907,0.0852,0.479,0.093,0.4202,0.1348
1028,304,0.348,-0.0107,0.3943,0.0317,0.4207,0.0523,0.4636,0.0923,0.4306,0.0878,0.3578,0.1211
