question_id,paper_id,best_sara_k,best_sara_f1,best_overall_k,best_overall_f1,sara_k8_f1,vanilla_rag_k10_f1,sara_k5_f1,sara_k0_f1,oracle_sara_gain_over_k8,gain_k8_to_k5,gain_k8_to_k4,gain_k8_to_k2,gain_k8_to_k0
1000,293,4,1.0,4,1.0,1.0,0.0952,1.0,0.0,0.0,0.0,0.0,-0.6,-1.0
1001,293,6,0.6,6,0.6,0.4167,0.3478,0.1429,0.1333,0.1833,-0.2738,-0.2738,-0.2738,-0.2834
1002,293,0,0.25,0,0.25,0.2105,0.2,0.2105,0.25,0.0395,0.0,-0.0105,-0.0105,0.0395
1003,293,0,0.0,0,0.0,0.0,0.0,0.0,0.0,0.0,0.0,0.0,0.0,0.0
1004,294,5,0.8889,5,0.8889,0.0,0.2,0.8889,0.1111,0.8889,0.8889,0.4571,0.0,0.1111
1005,294,8,1.0,8,1.0,1.0,1.0,0.75,0.0,0.0,-0.25,-0.3333,-0.3333,-1.0
1013,298,0,0.0,10,0.1111,0.0,0.1111,0.0,0.0,0.0,0.0,0.0,0.0,0.0
1028,304,0,1.0,0,1.0,1.0,0.0,0.0,1.0,0.0,-1.0,0.0,-1.0,0.0
1029,304,0,0.0,0,0.0,0.0,0.0,0.0,0.0,0.0,0.0,0.0,0.0,0.0
1030,304,4,0.4,10,0.75,0.4,0.75,0.3333,0.25,0.0,-0.0667,0.0,-0.0667,-0.15
104,28,0,0.0,0,0.0,0.0,0.0,0.0,0.0,0.0,0.0,0.0,0.0,0.0
105,28,4,0.4444,4,0.4444,0.4444,0.4,0.4444,0.1,0.0,0.0,0.0,-0.2906,-0.3444
1065,317,2,0.5,2,0.5,0.4444,0.4444,0.4444,0.0,0.0556,0.0,0.0,0.0556,-0.4444
1066,317,4,0.125,4,0.125,0.0667,0.125,0.125,0.0,0.0583,0.0583,0.0583,-0.0667,-0.0667
1067,317,4,1.0,4,1.0,1.0,1.0,1.0,0.0,0.0,0.0,0.0,-1.0,-1.0
1107,332,4,1.0,4,1.0,1.0,1.0,1.0,0.2857,0.0,0.0,0.0,-1.0,-0.7143
1108,332,4,0.3333,4,0.3333,0.3333,0.3333,0.3333,0.1538,0.0,0.0,0.0,-0.1666,-0.1795
1109,332,0,0.0,0,0.0,0.0,0.0,0.0,0.0,0.0,0.0,0.0,0.0,0.0
1110,332,0,1.0,0,1.0,1.0,0.0,1.0,1.0,0.0,0.0,-1.0,0.0,0.0
1132,340,8,0.6047,8,0.6047,0.6047,0.2857,0.0,0.0513,0.0,-0.6047,-0.6047,-0.6047,-0.5534
1133,340,0,0.0,0,0.0,0.0,0.0,0.0,0.0,0.0,0.0,0.0,0.0,0.0
1134,340,2,1.0,2,1.0,0.6667,0.0,1.0,0.0,0.3333,0.3333,0.3333,0.3333,-0.6667
1135,340,0,0.0,0,0.0,0.0,0.0,0.0,0.0,0.0,0.0,0.0,0.0,0.0
1158,351,2,1.0,2,1.0,0.4,0.4,0.4,0.0,0.6,0.0,0.6,0.6,-0.4
1159,351,0,1.0,0,1.0,1.0,1.0,1.0,1.0,0.0,0.0,0.0,0.0,0.0
116,33,6,0.5,6,0.5,0.5,0.5,0.0,0.0,0.0,-0.5,-0.5,-0.5,-0.5
1160,351,0,0.0,0,0.0,0.0,0.0,0.0,0.0,0.0,0.0,0.0,0.0,0.0
1161,351,2,0.75,2,0.75,0.75,0.75,0.75,0.3333,0.0,0.0,0.0,0.0,-0.4167
117,33,8,0.4762,8,0.4762,0.4762,0.4762,0.1379,0.0769,0.0,-0.3383,-0.3429,-0.3162,-0.3993
118,33,0,0.0,0,0.0,0.0,0.0,0.0,0.0,0.0,0.0,0.0,0.0,0.0
1187,361,0,1.0,0,1.0,1.0,1.0,1.0,1.0,0.0,0.0,0.0,0.0,0.0
1188,361,0,1.0,0,1.0,1.0,1.0,1.0,1.0,0.0,0.0,0.0,0.0,0.0
1213,372,0,1.0,0,1.0,1.0,1.0,1.0,1.0,0.0,0.0,0.0,0.0,0.0
1214,372,0,0.0,0,0.0,0.0,0.0,0.0,0.0,0.0,0.0,0.0,0.0,0.0
1215,372,8,0.8387,8,0.8387,0.8387,0.2963,0.2963,0.0,0.0,-0.5424,-0.5424,-0.5424,-0.8387
1233,379,2,0.4444,2,0.4444,0.0,0.25,0.4444,0.2,0.4444,0.4444,0.4444,0.4444,0.2
1234,379,4,0.5,4,0.5,0.4,0.3333,0.3333,0.0,0.1,-0.0667,0.1,-0.1778,-0.4
1235,379,2,0.5333,2,0.5333,0.4286,0.5333,0.4286,0.0,0.1047,0.0,0.1047,0.1047,-0.4286
125,36,2,0.5306,2,0.5306,0.5306,0.5306,0.5306,0.1765,0.0,0.0,0.0,0.0,-0.3541
126,36,6,0.3438,6,0.3438,0.1923,0.1846,0.3385,0.12,0.1515,0.1462,-0.0323,-0.0653,-0.0723
1264,388,0,1.0,0,1.0,1.0,1.0,1.0,1.0,0.0,0.0,0.0,0.0,0.0
1265,388,2,0.5714,2,0.5714,0.5714,0.5714,0.5714,0.3636,0.0,0.0,0.0,0.0,-0.2078
1266,388,5,0.4,5,0.4,0.4,0.0,0.4,0.0,0.0,0.0,-0.1778,-0.4,-0.4
1267,388,2,1.0,2,1.0,1.0,1.0,1.0,0.0,0.0,0.0,0.0,0.0,-1.0
127,36,6,0.8571,6,0.8571,0.5,0.5,0.5455,0.3333,0.3571,0.0455,0.0,-0.0714,-0.1667
1282,394,6,0.88,6,0.88,0.1765,0.2703,0.1765,0.0,0.7035,0.0,0.0,-0.1209,-0.1765
1283,394,0,0.0,0,0.0,0.0,0.0,0.0,0.0,0.0,0.0,0.0,0.0,0.0
1313,404,4,0.8,4,0.8,0.8,0.0,0.8,0.0,0.0,0.0,0.0,-0.8,-0.8
1314,404,0,0.0,0,0.0,0.0,0.0,0.0,0.0,0.0,0.0,0.0,0.0,0.0
1315,404,0,0.3333,0,0.3333,0.2609,0.2353,0.1176,0.3333,0.0724,-0.1433,0.0,-0.2609,0.0724
1316,404,2,0.1667,10,0.2353,0.0,0.2353,0.0645,0.0,0.1667,0.0645,0.0645,0.1667,0.0
1317,404,4,0.3429,4,0.3429,0.1633,0.1633,0.1667,0.2286,0.1796,0.0034,0.1796,0.1224,0.0653
1364,419,4,0.8852,4,0.8852,0.8852,0.8852,0.8852,0.0526,0.0,0.0,0.0,-0.7741,-0.8326
1365,419,6,1.0,6,1.0,0.8261,0.9756,0.0,0.0,0.1739,-0.8261,-0.8261,-0.7571,-0.8261
1366,419,4,0.3,4,0.3,0.1111,0.0,0.0,0.0,0.1889,-0.1111,0.1889,-0.0058,-0.1111
1367,419,6,0.3158,6,0.3158,0.3158,0.3158,0.1667,0.0,0.0,-0.1491,-0.1491,-0.2249,-0.3158
1377,423,5,0.4242,5,0.4242,0.4242,0.4242,0.4242,0.0625,0.0,0.0,-0.1956,-0.1956,-0.3617
1378,423,0,0.0,0,0.0,0.0,0.0,0.0,0.0,0.0,0.0,0.0,0.0,0.0
1379,423,8,0.1481,8,0.1481,0.1481,0.0,0.0,0.0,0.0,-0.1481,-0.0712,-0.0702,-0.1481
1400,431,2,0.2069,2,0.2069,0.0,0.0,0.0,0.125,0.2069,0.0,0.0,0.2069,0.125
1401,431,2,0.1739,2,0.1739,0.1176,0.1176,0.1176,0.0,0.0563,0.0,0.0,0.0563,-0.1176
1402,431,0,0.25,0,0.25,0.2105,0.2353,0.16,0.25,0.0395,-0.0505,-0.0505,-0.02,0.0395
1403,431,5,0.8182,5,0.8182,0.8182,0.8182,0.8182,0.5263,0.0,0.0,-0.1818,-0.1818,-0.2919
1419,438,2,0.3636,2,0.3636,0.3636,0.3636,0.3636,0.1143,0.0,0.0,0.0,0.0,-0.2493
1420,438,8,0.9091,8,0.9091,0.9091,0.7407,0.0741,0.0,0.0,-0.835,-0.9091,-0.6091,-0.9091
1459,454,2,1.0,2,1.0,0.0,0.0,0.0,0.0,1.0,0.0,0.0,1.0,0.0
1460,454,0,0.6667,0,0.6667,0.6667,0.6667,0.6667,0.6667,0.0,0.0,0.0,0.0,0.0
1493,467,6,0.9091,6,0.9091,0.9091,0.9091,0.0,0.0,0.0,-0.9091,-0.9091,-0.9091,-0.9091
1494,467,2,1.0,2,1.0,1.0,1.0,1.0,0.0,0.0,0.0,0.0,0.0,-1.0
1495,467,2,1.0,2,1.0,1.0,1.0,1.0,0.0,0.0,0.0,0.0,0.0,-1.0
1496,467,2,1.0,2,1.0,1.0,1.0,1.0,0.0,0.0,0.0,0.0,0.0,-1.0
1497,467,4,0.5,4,0.5,0.5,0.5,0.5,0.0,0.0,0.0,0.0,-0.1,-0.5
1502,469,0,0.0,0,0.0,0.0,0.0,0.0,0.0,0.0,0.0,0.0,0.0,0.0
1503,469,2,1.0,2,1.0,1.0,1.0,1.0,0.0,0.0,0.0,0.0,0.0,-1.0
1504,470,0,0.0,10,0.08,0.0,0.08,0.0,0.0,0.0,0.0,0.0,0.0,0.0
1505,470,0,0.0,0,0.0,0.0,0.0,0.0,0.0,0.0,0.0,0.0,0.0,0.0
153,45,0,1.0,0,1.0,1.0,1.0,1.0,1.0,0.0,0.0,0.0,0.0,0.0
154,45,6,0.2857,6,0.2857,0.0,0.0,0.0,0.0,0.2857,0.0,0.0,0.0,0.0
155,45,0,0.2105,0,0.2105,0.129,0.16,0.16,0.2105,0.0815,0.031,0.031,0.0377,0.0815
156,45,8,0.5333,8,0.5333,0.5333,0.5333,0.3077,0.0,0.0,-0.2256,-0.5333,-0.5333,-0.5333
1586,505,0,0.0,0,0.0,0.0,0.0,0.0,0.0,0.0,0.0,0.0,0.0,0.0
1587,505,0,0.0,0,0.0,0.0,0.0,0.0,0.0,0.0,0.0,0.0,0.0,0.0
1632,520,6,0.2222,6,0.2222,0.2222,0.1333,0.1333,0.0,0.0,-0.0889,-0.2222,-0.2222,-0.2222
1663,535,4,1.0,4,1.0,1.0,1.0,0.0,0.0,0.0,-1.0,0.0,-1.0,-1.0
1670,538,8,0.2667,8,0.2667,0.2667,0.0,0.0,0.0,0.0,-0.2667,-0.2667,-0.2667,-0.2667
1682,542,6,0.8889,6,0.8889,0.8889,0.8889,0.0,0.0,0.0,-0.8889,-0.8889,-0.8889,-0.8889
1683,542,6,0.5263,6,0.5263,0.0645,0.1333,0.4348,0.0,0.4618,0.3703,-0.002,-0.0645,-0.0645
1704,549,0,0.1481,0,0.1481,0.0,0.0,0.0,0.1481,0.1481,0.0,0.0,0.0,0.1481
1705,549,2,1.0,2,1.0,1.0,1.0,1.0,0.0,0.0,0.0,0.0,0.0,-1.0
171,49,8,0.6087,8,0.6087,0.6087,0.0,0.2041,0.0,0.0,-0.4046,-0.4508,-0.5346,-0.6087
172,49,2,1.0,2,1.0,0.0,1.0,1.0,0.0,1.0,1.0,1.0,1.0,0.0
173,49,2,0.75,2,0.75,0.75,0.75,0.75,0.0833,0.0,0.0,0.0,0.0,-0.6667
174,49,8,0.1429,8,0.1429,0.1429,0.0,0.0,0.0,0.0,-0.1429,-0.1429,-0.1429,-0.1429
1757,572,0,1.0,0,1.0,1.0,1.0,1.0,1.0,0.0,0.0,0.0,0.0,0.0
1763,575,0,0.0,10,1.0,0.0,1.0,0.0,0.0,0.0,0.0,0.0,0.0,0.0
1779,583,2,0.4444,2,0.4444,0.2857,0.4,0.0,0.0,0.1587,-0.2857,-0.2857,0.1587,-0.2857
1799,590,0,0.0,10,0.3636,0.0,0.3636,0.0,0.0,0.0,0.0,0.0,0.0,0.0
1800,591,0,0.0,0,0.0,0.0,0.0,0.0,0.0,0.0,0.0,0.0,0.0,0.0
1801,591,6,0.2857,6,0.2857,0.0,0.0,0.0,0.1818,0.2857,0.0,0.0,0.0,0.1818
1807,594,2,0.1818,2,0.1818,0.1818,0.1818,0.1818,0.0,0.0,0.0,0.0,0.0,-0.1818
1808,595,2,1.0,2,1.0,1.0,1.0,1.0,0.0,0.0,0.0,0.0,0.0,-1.0
1809,595,6,0.2,6,0.2,0.2,0.129,0.0,0.0,0.0,-0.2,-0.2,-0.2,-0.2
1810,595,5,0.8837,5,0.8837,0.069,0.8837,0.8837,0.0741,0.8147,0.8147,0.0,-0.069,0.0051
1828,604,0,0.0909,0,0.0909,0.0,0.0,0.0,0.0909,0.0909,0.0,0.0,0.0,0.0909
1829,604,0,0.0,0,0.0,0.0,0.0,0.0,0.0,0.0,0.0,0.0,0.0,0.0
1830,604,4,0.5714,4,0.5714,0.5714,0.5714,0.5714,0.25,0.0,0.0,0.0,-0.2381,-0.3214
1871,621,0,0.1026,10,0.1875,0.0,0.1875,0.0,0.1026,0.1026,0.0,0.0625,0.0625,0.1026
1909,637,5,0.16,10,0.24,0.16,0.24,0.16,0.0,0.0,0.0,-0.16,-0.16,-0.16
1910,637,4,0.1395,4,0.1395,0.0,0.0,0.0,0.0,0.1395,0.0,0.1395,0.0851,0.0
1911,637,2,0.2,2,0.2,0.0,0.0,0.0,0.1538,0.2,0.0,0.0,0.2,0.1538
1912,638,8,0.5,10,0.8,0.5,0.8,0.0,0.0,0.0,-0.5,-0.5,-0.5,-0.5
1917,640,0,0.0,0,0.0,0.0,0.0,0.0,0.0,0.0,0.0,0.0,0.0,0.0
1918,640,0,0.0,0,0.0,0.0,0.0,0.0,0.0,0.0,0.0,0.0,0.0,0.0
1919,640,2,0.75,2,0.75,0.3333,0.25,0.25,0.0,0.4167,-0.0833,0.0667,0.4167,-0.3333
1920,640,2,1.0,2,1.0,1.0,1.0,1.0,0.0,0.0,0.0,0.0,0.0,-1.0
1926,643,4,0.5,4,0.5,0.5,0.5,0.5,0.3529,0.0,0.0,0.0,-0.1923,-0.1471
1934,647,4,1.0,4,1.0,1.0,1.0,1.0,0.0,0.0,0.0,0.0,-1.0,-1.0
1958,660,4,1.0,4,1.0,1.0,1.0,1.0,0.0,0.0,0.0,0.0,-1.0,-1.0
1964,665,0,1.0,0,1.0,1.0,1.0,1.0,1.0,0.0,0.0,0.0,0.0,0.0
1965,665,4,1.0,4,1.0,0.0,1.0,1.0,0.0,1.0,1.0,1.0,0.0,0.0
1984,676,6,0.9286,6,0.9286,0.9286,0.9286,0.1818,0.0,0.0,-0.7468,-0.7468,-0.7468,-0.9286
2014,687,2,0.2632,2,0.2632,0.2162,0.1765,0.0,0.0,0.047,-0.2162,-0.2162,0.047,-0.2162
2015,687,0,0.0,0,0.0,0.0,0.0,0.0,0.0,0.0,0.0,0.0,0.0,0.0
2023,692,6,0.6154,6,0.6154,0.4545,0.4545,0.4348,0.0,0.1609,-0.0197,-0.0735,-0.0735,-0.4545
2027,695,0,0.0,0,0.0,0.0,0.0,0.0,0.0,0.0,0.0,0.0,0.0,0.0
2028,695,2,1.0,2,1.0,1.0,0.6667,1.0,0.0,0.0,0.0,0.0,0.0,-1.0
2029,695,4,0.6957,4,0.6957,0.0,0.6957,0.6957,0.0,0.6957,0.6957,0.6957,0.0,0.0
2030,695,4,1.0,4,1.0,0.0,0.0,0.0,0.0,1.0,0.0,1.0,0.0,0.0
2031,696,2,0.0488,2,0.0488,0.0488,0.0488,0.0488,0.0,0.0,0.0,0.0,0.0,-0.0488
2032,696,2,0.5079,2,0.5079,0.4063,0.4063,0.5079,0.0488,0.1016,0.1016,0.1016,0.1016,-0.3575
2059,715,4,0.6667,4,0.6667,0.6667,0.6667,0.6667,0.0,0.0,0.0,0.0,-0.1667,-0.6667
2069,720,5,0.2222,5,0.2222,0.0,0.0,0.2222,0.0,0.2222,0.2222,0.0,0.0,0.0
2100,735,4,1.0,4,1.0,0.0,0.5,0.0,0.0,1.0,0.0,1.0,0.0,0.0
2101,735,2,1.0,2,1.0,1.0,1.0,1.0,0.0,0.0,0.0,0.0,0.0,-1.0
2102,735,0,0.0,0,0.0,0.0,0.0,0.0,0.0,0.0,0.0,0.0,0.0,0.0
2158,772,5,0.8889,5,0.8889,0.8889,0.8889,0.8889,0.0,0.0,0.0,-0.8889,-0.8889,-0.8889
2159,772,0,1.0,0,1.0,0.0,0.0,0.0,1.0,1.0,0.0,0.0,0.0,1.0
2160,772,4,0.7692,10,1.0,0.5882,1.0,0.5882,0.0,0.181,0.0,0.181,0.0368,-0.5882
2161,772,5,0.1429,5,0.1429,0.1429,0.1379,0.1429,0.0,0.0,0.0,-0.005,-0.005,-0.1429
2190,790,8,0.8889,8,0.8889,0.8889,0.0,0.4615,0.0,0.0,-0.4274,-0.4274,-0.8889,-0.8889
2191,791,2,0.8,2,0.8,0.3636,0.3636,0.3636,0.0,0.4364,0.0,0.0,0.4364,-0.3636
2192,791,8,0.8,8,0.8,0.8,0.7143,0.125,0.0,0.0,-0.675,-0.675,-0.8,-0.8
2196,794,0,1.0,0,1.0,1.0,1.0,1.0,1.0,0.0,0.0,0.0,0.0,0.0
2201,798,2,0.8,10,1.0,0.6316,1.0,0.6316,0.0,0.1684,0.0,0.0,0.1684,-0.6316
2202,799,0,1.0,0,1.0,1.0,1.0,1.0,1.0,0.0,0.0,0.0,0.0,0.0
2239,821,0,1.0,0,1.0,1.0,1.0,1.0,1.0,0.0,0.0,0.0,0.0,0.0
2240,821,0,1.0,0,1.0,1.0,1.0,1.0,1.0,0.0,0.0,0.0,0.0,0.0
2262,837,8,0.6667,8,0.6667,0.6667,0.6667,0.1818,0.0,0.0,-0.4849,-0.4849,-0.6667,-0.6667
2293,867,4,0.5333,4,0.5333,0.5,0.3529,0.4,0.0,0.0333,-0.1,0.0333,0.0263,-0.5
283,78,8,1.0,8,1.0,1.0,0.7143,0.9412,0.0,0.0,-0.0588,-0.0588,-0.0588,-1.0
284,78,2,0.1905,2,0.1905,0.1905,0.1905,0.1905,0.0714,0.0,0.0,0.0,0.0,-0.1191
285,78,2,1.0,2,1.0,1.0,1.0,1.0,0.0,0.0,0.0,0.0,0.0,-1.0
340,92,0,0.0,0,0.0,0.0,0.0,0.0,0.0,0.0,0.0,0.0,0.0,0.0
341,92,0,0.0,0,0.0,0.0,0.0,0.0,0.0,0.0,0.0,0.0,0.0,0.0
342,92,0,0.8,0,0.8,0.5,0.5,0.5,0.8,0.3,0.0,0.0,0.0,0.3
343,92,5,0.3636,5,0.3636,0.2759,0.2264,0.3636,0.0889,0.0877,0.0877,-0.1092,-0.1057,-0.187
344,92,4,1.0,4,1.0,1.0,1.0,1.0,0.0,0.0,0.0,0.0,-1.0,-1.0
345,92,0,0.0,0,0.0,0.0,0.0,0.0,0.0,0.0,0.0,0.0,0.0,0.0
346,92,0,0.0,0,0.0,0.0,0.0,0.0,0.0,0.0,0.0,0.0,0.0,0.0
347,92,0,0.0,0,0.0,0.0,0.0,0.0,0.0,0.0,0.0,0.0,0.0,0.0
348,92,0,1.0,0,1.0,1.0,1.0,1.0,1.0,0.0,0.0,0.0,0.0,0.0
398,105,2,0.4615,2,0.4615,0.0392,0.1224,0.1224,0.0769,0.4223,0.0832,0.0832,0.4223,0.0377
399,105,0,0.0,10,1.0,0.0,1.0,0.0,0.0,0.0,0.0,0.0,0.0,0.0
400,105,0,0.2143,0,0.2143,0.0,0.0,0.0,0.2143,0.2143,0.0,0.0,0.0,0.2143
401,105,2,0.2778,2,0.2778,0.2051,0.2051,0.2,0.0,0.0727,-0.0051,-0.0051,0.0727,-0.2051
402,105,2,0.3333,2,0.3333,0.3333,0.0,0.0,0.2,0.0,-0.3333,-0.3333,0.0,-0.1333
403,105,5,0.6667,5,0.6667,0.4,0.0,0.6667,0.0,0.2667,0.2667,-0.0667,-0.4,-0.4
404,105,2,0.5,2,0.5,0.5,0.5,0.5,0.0,0.0,0.0,0.0,0.0,-0.5
405,105,0,0.0,0,0.0,0.0,0.0,0.0,0.0,0.0,0.0,0.0,0.0,0.0
406,105,8,0.3333,8,0.3333,0.3333,0.25,0.0,0.0,0.0,-0.3333,-0.3333,-0.3333,-0.3333
418,110,0,0.0,0,0.0,0.0,0.0,0.0,0.0,0.0,0.0,0.0,0.0,0.0
419,110,4,0.6,4,0.6,0.3,0.6,0.2609,0.0,0.3,-0.0391,0.3,0.0529,-0.3
420,110,8,0.6154,8,0.6154,0.6154,0.6154,0.1091,0.069,0.0,-0.5063,-0.44,-0.5846,-0.5464
421,110,2,0.16,2,0.16,0.0,0.0,0.16,0.0,0.16,0.16,0.16,0.16,0.0
422,110,8,0.6,10,1.0,0.6,1.0,0.5,0.0,0.0,-0.1,-0.2,-0.1789,-0.6
478,129,2,1.0,2,1.0,1.0,1.0,1.0,0.0,0.0,0.0,0.0,0.0,-1.0
479,129,0,0.0,0,0.0,0.0,0.0,0.0,0.0,0.0,0.0,0.0,0.0,0.0
480,129,6,0.125,6,0.125,0.0,0.0,0.0,0.0,0.125,0.0,0.0,0.0,0.0
481,129,2,1.0,2,1.0,1.0,1.0,1.0,0.5,0.0,0.0,0.0,0.0,-0.5
545,150,0,0.2581,0,0.2581,0.0,0.0833,0.1667,0.2581,0.2581,0.1667,0.1667,0.087,0.2581
546,150,0,0.0,10,1.0,0.0,1.0,0.0,0.0,0.0,0.0,0.0,0.0,0.0
547,150,0,0.0,0,0.0,0.0,0.0,0.0,0.0,0.0,0.0,0.0,0.0,0.0
548,150,2,0.75,2,0.75,0.75,0.75,0.75,0.2222,0.0,0.0,0.0,0.0,-0.5278
549,150,2,0.6667,2,0.6667,0.6667,0.6667,0.6667,0.0741,0.0,0.0,0.0,0.0,-0.5926
550,150,4,1.0,4,1.0,1.0,1.0,1.0,0.25,0.0,0.0,0.0,-0.2,-0.75
551,150,2,0.0526,2,0.0526,0.0526,0.0,0.0526,0.0,0.0,0.0,-0.0526,0.0,-0.0526
556,152,4,0.24,10,0.2564,0.2162,0.2564,0.2143,0.0741,0.0238,-0.0019,0.0238,-0.1253,-0.1421
557,152,0,0.0,0,0.0,0.0,0.0,0.0,0.0,0.0,0.0,0.0,0.0,0.0
558,152,0,0.08,10,0.129,0.0,0.129,0.0,0.08,0.08,0.0,0.0,0.0,0.08
559,152,8,0.087,8,0.087,0.087,0.087,0.0,0.0,0.0,-0.087,-0.087,-0.087,-0.087
631,173,0,1.0,0,1.0,1.0,1.0,1.0,1.0,0.0,0.0,0.0,0.0,0.0
632,173,8,1.0,8,1.0,1.0,1.0,0.0,0.0,0.0,-1.0,-1.0,-1.0,-1.0
636,175,2,0.6667,10,1.0,0.6667,1.0,0.6667,0.0,0.0,0.0,0.0,0.0,-0.6667
637,175,2,1.0,2,1.0,1.0,1.0,1.0,0.0,0.0,0.0,0.0,0.0,-1.0
638,175,8,0.2353,10,0.4,0.2353,0.4,0.0,0.0,0.0,-0.2353,-0.2353,-0.2353,-0.2353
639,175,5,0.75,5,0.75,0.3333,0.75,0.75,0.0,0.4167,0.4167,0.0,0.0,-0.3333
677,186,0,0.0,0,0.0,0.0,0.0,0.0,0.0,0.0,0.0,0.0,0.0,0.0
721,199,4,0.8,10,0.8889,0.3636,0.8889,0.75,0.0,0.4364,0.3864,0.4364,0.3864,-0.3636
722,199,0,0.0,0,0.0,0.0,0.0,0.0,0.0,0.0,0.0,0.0,0.0,0.0
723,199,5,0.1176,5,0.1176,0.0,0.0,0.1176,0.0,0.1176,0.1176,0.0,0.0,0.0
732,203,0,1.0,0,1.0,1.0,1.0,1.0,1.0,0.0,0.0,0.0,0.0,0.0
733,203,4,0.3333,4,0.3333,0.3333,0.3333,0.3333,0.0,0.0,0.0,0.0,-0.119,-0.3333
734,203,0,0.2222,0,0.2222,0.1053,0.1053,0.1053,0.2222,0.1169,0.0,-0.0312,0.0058,0.1169
735,203,2,0.1818,2,0.1818,0.087,0.08,0.0952,0.0,0.0948,0.0082,0.0082,0.0948,-0.087
736,203,4,0.5714,4,0.5714,0.0,0.0,0.5714,0.0,0.5714,0.5714,0.5714,0.0,0.0
737,203,4,0.3333,4,0.3333,0.3333,0.3333,0.3333,0.0,0.0,0.0,0.0,-0.119,-0.3333
738,203,0,1.0,0,1.0,1.0,1.0,1.0,1.0,0.0,0.0,0.0,0.0,0.0
818,234,4,0.6364,4,0.6364,0.2353,0.6364,0.2353,0.2308,0.4011,0.0,0.4011,0.0374,-0.0045
819,234,6,0.2857,6,0.2857,0.25,0.25,0.2222,0.0606,0.0357,-0.0278,-0.0278,-0.0682,-0.1894
877,252,5,0.4444,5,0.4444,0.2143,0.1818,0.4444,0.1176,0.2301,0.2301,-0.2143,-0.2143,-0.0967
878,252,5,0.381,5,0.381,0.0,0.0,0.381,0.0,0.381,0.381,0.0,0.0,0.0
879,252,4,0.2581,4,0.2581,0.2581,0.2581,0.2581,0.0625,0.0,0.0,0.0,-0.2581,-0.1956
880,252,0,1.0,0,1.0,1.0,1.0,1.0,1.0,0.0,0.0,0.0,0.0,0.0
883,254,6,1.0,6,1.0,0.6667,0.6667,0.6667,0.0,0.3333,0.0,0.0,0.0,-0.6667
884,254,2,1.0,2,1.0,0.8889,0.8889,0.8889,0.0,0.1111,0.0,0.1111,0.1111,-0.8889
897,259,6,0.6316,6,0.6316,0.3077,0.6316,0.0,0.125,0.3239,-0.3077,-0.3077,-0.3077,-0.1827
90,24,2,0.1176,2,0.1176,0.0,0.0,0.1176,0.0,0.1176,0.1176,0.0,0.1176,0.0
91,24,0,0.0,0,0.0,0.0,0.0,0.0,0.0,0.0,0.0,0.0,0.0,0.0
916,266,4,0.5,4,0.5,0.5,0.4444,0.5,0.0,0.0,0.0,0.0,-0.5,-0.5
917,266,8,1.0,8,1.0,1.0,1.0,0.6667,0.6667,0.0,-0.3333,-0.3333,-0.3333,-0.3333
918,266,2,0.4878,2,0.4878,0.0526,0.0488,0.0488,0.0769,0.4352,-0.0038,0.0,0.4352,0.0243
919,266,0,0.0,0,0.0,0.0,0.0,0.0,0.0,0.0,0.0,0.0,0.0,0.0
92,24,2,1.0,2,1.0,0.6667,0.6667,1.0,0.0,0.3333,0.3333,0.0,0.3333,-0.6667
920,266,2,1.0,2,1.0,0.0,0.0,0.0,0.0,1.0,0.0,0.0,1.0,0.0
93,24,0,0.0,0,0.0,0.0,0.0,0.0,0.0,0.0,0.0,0.0,0.0,0.0
94,24,0,0.0,0,0.0,0.0,0.0,0.0,0.0,0.0,0.0,0.0,0.0,0.0
95,24,0,0.3333,0,0.3333,0.0,0.0,0.0,0.3333,0.3333,0.0,0.0,0.0,0.3333
951,276,6,0.2,6,0.2,0.2,0.0,0.1739,0.0,0.0,-0.0261,-0.0095,-0.1167,-0.2
964,282,0,0.2,0,0.2,0.2,0.2,0.2,0.2,0.0,0.0,-0.1545,-0.1322,0.0
965,282,2,0.5,2,0.5,0.5,0.5,0.5,0.0,0.0,0.0,0.0,0.0,-0.5
966,282,0,0.0,0,0.0,0.0,0.0,0.0,0.0,0.0,0.0,0.0,0.0,0.0
