question_id,paper_id,num_retrieved,top1_score,top2_score,delta_12,rho_1,entropy_norm,first_gold_rank,recall_any_at_1,recall_any_at_2,recall_any_at_4,recall_any_at_6,recall_any_at_8,recall_any_at_10,recall_all_at_1,recall_all_at_2,recall_all_at_4,recall_all_at_6,recall_all_at_8,recall_all_at_10,has_gold_in_top10
1912,638,10,0.5487,0.0,1.0,1.0,0.0,1,1,1,1,1,1,1,1,1,1,1,1,1,1
2201,798,10,4.768,2.9971,0.3714,0.1992,0.9707,1,1,1,1,1,1,1,1,1,1,1,1,1,1
883,254,10,1.3953,0.9415,0.3252,0.3447,0.7906,3,0,0,1,1,1,1,0,0,1,1,1,1,1
884,254,10,1.5322,0.0,1.0,1.0,0.0,1,1,1,1,1,1,1,1,1,1,1,1,1,1
104,28,10,1.3015,1.0681,0.1793,0.219,0.9316,3,0,0,1,1,1,1,0,0,1,1,1,1,1
105,28,10,3.3282,2.6243,0.2115,0.2219,0.9377,3,0,0,1,1,1,1,0,0,1,1,1,1,1
2100,735,10,2.2971,1.9777,0.1391,0.16,0.9814,2,0,1,1,1,1,1,0,1,1,1,1,1,1
2101,735,10,1.9562,1.9469,0.0048,0.1474,0.9717,5,0,0,0,1,1,1,0,0,0,1,1,1,1
2102,735,10,1.1022,0.9951,0.0971,0.148,0.9834,2,0,1,1,1,1,1,0,0,1,1,1,1,1
732,203,10,2.5472,1.9668,0.2279,0.2163,0.9096,9,0,0,0,0,0,1,0,0,0,0,0,1,1
733,203,10,1.9143,1.325,0.3078,0.1943,0.9698,4,0,0,1,1,1,1,0,0,1,1,1,1,1
734,203,10,2.874,2.5633,0.1081,0.1656,0.9766,1,1,1,1,1,1,1,0,0,0,0,1,1,1
735,203,10,3.2038,2.4114,0.2473,0.1747,0.9776,1,1,1,1,1,1,1,0,0,1,1,1,1,1
736,203,10,1.8569,1.5345,0.1736,0.1801,0.9674,3,0,0,1,1,1,1,0,0,1,1,1,1,1
737,203,10,1.3357,1.325,0.008,0.2206,0.9037,4,0,0,1,1,1,1,0,0,1,1,1,1,1
738,203,10,1.8596,1.7448,0.0618,0.1296,0.9915,1,1,1,1,1,1,1,1,1,1,1,1,1,1
1187,361,10,1.0335,1.0034,0.0291,0.1767,0.8858,1,1,1,1,1,1,1,1,1,1,1,1,1,1
1188,361,10,0.6755,0.6604,0.0223,0.1661,0.9407,5,0,0,0,1,1,1,0,0,0,1,1,1,1
2069,720,10,1.9057,1.7757,0.0682,0.1365,0.9926,3,0,0,1,1,1,1,0,0,1,1,1,1,1
116,33,10,2.1783,1.3021,0.4022,0.2563,0.9182,3,0,0,1,1,1,1,0,0,0,1,1,1,1
117,33,10,0.9158,0.5015,0.4524,0.2495,0.8725,8,0,0,0,0,1,1,0,0,0,0,1,1,1
118,33,10,0.9925,0.5241,0.472,0.6544,0.28,1,1,1,1,1,1,1,1,1,1,1,1,1,1
1670,538,10,4.145,2.7379,0.3395,0.192,0.9717,2,0,1,1,1,1,1,0,0,0,1,1,1,1
1377,423,10,2.2704,2.1611,0.0481,0.1319,0.9948,5,0,0,0,1,1,1,0,0,0,1,1,1,1
1378,423,10,3.1099,1.3794,0.5565,0.253,0.9463,-1,0,0,0,0,0,0,0,0,0,0,0,0,0
1379,423,10,1.8202,1.7528,0.037,0.1408,0.9901,1,1,1,1,1,1,1,0,0,0,0,0,0,1
1632,520,10,2.323,1.9587,0.1568,0.1755,0.9663,6,0,0,0,1,1,1,0,0,0,1,1,1,1
1504,470,10,2.3467,2.1283,0.0931,0.1254,0.9969,-1,0,0,0,0,0,0,0,0,0,0,0,0,0
1505,470,10,1.4185,1.1804,0.1679,0.1316,0.9921,-1,0,0,0,0,0,0,0,0,0,0,0,0,0
1807,594,10,0.7176,0.38,0.4705,0.4137,0.5719,4,0,0,1,1,1,1,0,0,1,1,1,1,1
2190,790,10,3.4553,2.7383,0.2075,0.15,0.9922,3,0,0,1,1,1,1,0,0,1,1,1,1,1
877,252,10,3.0908,2.5462,0.1762,0.1582,0.9787,5,0,0,0,1,1,1,0,0,0,1,1,1,1
878,252,10,4.1085,2.9647,0.2784,0.2412,0.9364,5,0,0,0,1,1,1,0,0,0,1,1,1,1
879,252,10,4.0916,1.9345,0.5272,0.2286,0.9665,3,0,0,1,1,1,1,0,0,1,1,1,1,1
880,252,10,2.6689,2.3053,0.1362,0.1451,0.9856,-1,0,0,0,0,0,0,0,0,0,0,0,0,0
2239,821,10,2.1072,1.6511,0.2164,0.1692,0.9767,1,1,1,1,1,1,1,0,0,0,0,0,1,1
2240,821,10,1.5304,1.2074,0.2111,0.2093,0.8316,5,0,0,0,1,1,1,0,0,0,1,1,1,1
2293,867,10,2.4343,1.3882,0.4297,0.2293,0.9594,-1,0,0,0,0,0,0,0,0,0,0,0,0,0
1282,394,10,2.2566,1.8072,0.1992,0.1455,0.9926,1,1,1,1,1,1,1,0,1,1,1,1,1,1
1283,394,10,3.3393,3.0524,0.0859,0.1862,0.9469,1,1,1,1,1,1,1,1,1,1,1,1,1,1
1926,643,10,1.125,0.9429,0.1618,0.2215,0.9261,1,1,1,1,1,1,1,1,1,1,1,1,1,1
1132,340,10,1.5659,1.3303,0.1504,0.1288,0.9974,5,0,0,0,1,1,1,0,0,0,1,1,1,1
1133,340,10,2.9313,2.8898,0.0142,0.1623,0.9773,1,1,1,1,1,1,1,0,0,0,0,0,0,1
1134,340,10,2.0818,1.9291,0.0733,0.1463,0.9836,2,0,1,1,1,1,1,0,1,1,1,1,1,1
1135,340,10,2.0981,1.8602,0.1134,0.1636,0.975,3,0,0,1,1,1,1,0,0,1,1,1,1,1
2196,794,10,2.9256,1.7796,0.3917,0.2218,0.9433,-1,0,0,0,0,0,0,0,0,0,0,0,0,0
1400,431,10,3.7843,2.3951,0.3671,0.1773,0.9805,2,0,1,1,1,1,1,0,0,1,1,1,1,1
1401,431,10,2.7608,1.6847,0.3898,0.2,0.9742,3,0,0,1,1,1,1,0,0,1,1,1,1,1
1402,431,10,2.843,1.8597,0.3459,0.2047,0.971,1,1,1,1,1,1,1,1,1,1,1,1,1,1
1403,431,10,3.4058,1.5045,0.5582,0.2628,0.9471,2,0,1,1,1,1,1,0,0,0,0,0,0,1
2158,772,10,4.5788,3.4166,0.2538,0.2069,0.9599,5,0,0,0,1,1,1,0,0,0,1,1,1,1
2159,772,10,1.786,1.2193,0.3173,0.2229,0.8771,7,0,0,0,0,1,1,0,0,0,0,1,1,1
2160,772,10,2.3898,1.779,0.2556,0.1925,0.955,2,0,1,1,1,1,1,0,1,1,1,1,1,1
2161,772,10,2.9689,2.7509,0.0734,0.1694,0.9702,2,0,1,1,1,1,1,0,1,1,1,1,1,1
1213,372,10,1.9048,1.527,0.1984,0.1581,0.9878,-1,0,0,0,0,0,0,0,0,0,0,0,0,0
1214,372,10,1.628,1.5732,0.0337,0.1559,0.9504,1,1,1,1,1,1,1,1,1,1,1,1,1,1
1215,372,10,3.635,2.4673,0.3212,0.2631,0.9196,7,0,0,0,0,1,1,0,0,0,0,1,1,1
2023,692,10,2.0897,1.9709,0.0568,0.1363,0.9863,1,1,1,1,1,1,1,0,1,1,1,1,1,1
1964,665,10,2.1826,2.1687,0.0064,0.1439,0.9803,-1,0,0,0,0,0,0,0,0,0,0,0,0,0
1965,665,10,2.4379,2.4214,0.0068,0.1507,0.9787,1,1,1,1,1,1,1,0,0,1,1,1,1,1
545,150,10,5.5597,4.4825,0.1938,0.2199,0.9477,2,0,1,1,1,1,1,0,1,1,1,1,1,1
546,150,10,2.9284,2.0323,0.306,0.2418,0.8882,9,0,0,0,0,0,1,0,0,0,0,0,1,1
547,150,10,2.343,2.0621,0.1199,0.1636,0.9799,1,1,1,1,1,1,1,0,1,1,1,1,1,1
548,150,10,2.4459,2.2044,0.0987,0.1842,0.9467,2,0,1,1,1,1,1,0,1,1,1,1,1,1
549,150,10,1.9647,1.414,0.2803,0.2171,0.9489,1,1,1,1,1,1,1,0,0,0,1,1,1,1
550,150,10,2.4337,1.7014,0.3009,0.2093,0.9527,1,1,1,1,1,1,1,1,1,1,1,1,1,1
551,150,10,4.1479,2.5512,0.3849,0.205,0.9714,1,1,1,1,1,1,1,0,0,0,1,1,1,1
1704,549,10,1.4829,1.4141,0.0463,0.1935,0.9455,2,0,1,1,1,1,1,0,0,0,0,0,0,1
1705,549,10,1.5246,1.4389,0.0562,0.1273,0.9925,2,0,1,1,1,1,1,0,1,1,1,1,1,1
125,36,10,2.3719,1.0822,0.5438,0.2259,0.9692,1,1,1,1,1,1,1,1,1,1,1,1,1,1
126,36,10,2.8483,1.9395,0.3191,0.1795,0.9821,4,0,0,1,1,1,1,0,0,1,1,1,1,1
127,36,10,3.5319,1.8812,0.4674,0.2416,0.9502,1,1,1,1,1,1,1,1,1,1,1,1,1,1
1757,572,10,2.1399,1.9587,0.0847,0.1633,0.9733,1,1,1,1,1,1,1,1,1,1,1,1,1,1
1000,293,10,2.7034,2.5708,0.0491,0.1393,0.9877,2,0,1,1,1,1,1,0,0,0,1,1,1,1
1001,293,10,3.1186,2.6776,0.1414,0.198,0.9512,1,1,1,1,1,1,1,0,1,1,1,1,1,1
1002,293,10,6.7207,4.0105,0.4033,0.2417,0.9387,1,1,1,1,1,1,1,1,1,1,1,1,1,1
1003,293,10,5.21,4.9855,0.0431,0.1695,0.9674,2,0,1,1,1,1,1,0,1,1,1,1,1,1
1917,640,10,3.6002,2.372,0.3411,0.1673,0.9888,6,0,0,0,1,1,1,0,0,0,1,1,1,1
1918,640,10,2.6785,2.1082,0.2129,0.1599,0.9889,2,0,1,1,1,1,1,0,0,0,0,1,1,1
1919,640,10,1.8677,1.8251,0.0228,0.1222,0.9962,2,0,1,1,1,1,1,0,1,1,1,1,1,1
1920,640,10,4.0151,3.5091,0.126,0.1814,0.9698,5,0,0,0,1,1,1,0,0,0,1,1,1,1
418,110,10,2.1695,2.1264,0.0199,0.1369,0.9856,5,0,0,0,1,1,1,0,0,0,1,1,1,1
419,110,10,0.9049,0.8907,0.0157,0.1387,0.9762,2,0,1,1,1,1,1,0,0,0,0,0,1,1
420,110,10,2.6694,2.4254,0.0914,0.1948,0.951,2,0,1,1,1,1,1,0,1,1,1,1,1,1
421,110,10,1.2657,1.1275,0.1093,0.1628,0.9626,2,0,1,1,1,1,1,0,1,1,1,1,1,1
422,110,10,2.082,1.9543,0.0614,0.1266,0.9884,9,0,0,0,0,0,1,0,0,0,0,0,1,1
1984,676,10,0.7736,0.7424,0.0404,0.1318,0.9738,1,1,1,1,1,1,1,1,1,1,1,1,1,1
1028,304,10,3.3552,3.3484,0.002,0.1748,0.9525,5,0,0,0,1,1,1,0,0,0,1,1,1,1
1029,304,10,2.823,1.1341,0.5983,0.2567,0.9521,-1,0,0,0,0,0,0,0,0,0,0,0,0,0
1030,304,10,3.176,2.3357,0.2646,0.1779,0.9758,8,0,0,0,0,1,1,0,0,0,0,1,1,1
1419,438,10,2.2912,1.8361,0.1986,0.1864,0.9671,1,1,1,1,1,1,1,1,1,1,1,1,1,1
1420,438,10,2.539,1.652,0.3494,0.2354,0.9484,1,1,1,1,1,1,1,1,1,1,1,1,1,1
1493,467,10,2.0038,0.7995,0.601,0.4749,0.6408,5,0,0,0,1,1,1,0,0,0,1,1,1,1
1494,467,10,0.3264,0.3153,0.0338,0.1999,0.7742,8,0,0,0,0,1,1,0,0,0,0,1,1,1
1495,467,10,1.7255,1.3221,0.2338,0.233,0.8411,1,1,1,1,1,1,1,1,1,1,1,1,1,1
1496,467,10,1.6403,0.4654,0.7162,0.5267,0.576,1,1,1,1,1,1,1,1,1,1,1,1,1,1
1497,467,10,1.0338,0.9811,0.0509,0.3347,0.6852,4,0,0,1,1,1,1,0,0,1,1,1,1,1
1828,604,10,2.5076,1.3744,0.4519,0.232,0.9278,1,1,1,1,1,1,1,1,1,1,1,1,1,1
1829,604,10,1.3744,1.3305,0.032,0.2266,0.8766,2,0,1,1,1,1,1,0,0,0,0,0,0,1
1830,604,10,1.6116,1.1943,0.259,0.2203,0.9435,2,0,1,1,1,1,1,0,1,1,1,1,1,1
90,24,10,3.1322,3.0657,0.0213,0.2049,0.9483,2,0,1,1,1,1,1,0,0,0,0,0,1,1
91,24,10,2.5326,2.4596,0.0288,0.1396,0.9878,1,1,1,1,1,1,1,0,0,0,0,0,0,1
92,24,10,1.8615,1.7666,0.051,0.1449,0.9738,1,1,1,1,1,1,1,0,1,1,1,1,1,1
93,24,10,1.4763,1.4247,0.0349,0.1495,0.962,6,0,0,0,1,1,1,0,0,0,1,1,1,1
94,24,10,2.1564,2.0332,0.0571,0.1738,0.947,-1,0,0,0,0,0,0,0,0,0,0,0,0,0
95,24,10,2.466,2.2384,0.0923,0.1545,0.9709,2,0,1,1,1,1,1,0,1,1,1,1,1,1
636,175,10,3.6871,1.5769,0.5723,0.3959,0.8204,1,1,1,1,1,1,1,1,1,1,1,1,1,1
637,175,10,1.4771,1.1793,0.2016,0.1734,0.9707,1,1,1,1,1,1,1,1,1,1,1,1,1,1
638,175,10,3.0576,2.3428,0.2338,0.1779,0.9813,-1,0,0,0,0,0,0,0,0,0,0,0,0,0
639,175,10,3.1845,1.9619,0.3839,0.2194,0.9495,2,0,1,1,1,1,1,0,1,1,1,1,1,1
897,259,10,2.6942,1.7133,0.3641,0.1987,0.9675,3,0,0,1,1,1,1,0,0,1,1,1,1,1
1909,637,10,1.4806,1.0084,0.3189,0.1912,0.9718,9,0,0,0,0,0,1,0,0,0,0,0,0,1
1910,637,10,0.9716,0.6675,0.3129,0.2394,0.8675,6,0,0,0,1,1,1,0,0,0,1,1,1,1
1911,637,10,0.509,0.4807,0.0556,0.1438,0.9676,1,1,1,1,1,1,1,1,1,1,1,1,1,1
2014,687,10,1.925,0.6349,0.6702,0.624,0.4,-1,0,0,0,0,0,0,0,0,0,0,0,0,0
2015,687,10,1.4286,0.8774,0.3859,0.4792,0.5875,-1,0,0,0,0,0,0,0,0,0,0,0,0,0
818,234,10,5.5956,3.8662,0.3091,0.2115,0.9492,1,1,1,1,1,1,1,1,1,1,1,1,1,1
819,234,10,4.8746,2.761,0.4336,0.2446,0.9361,1,1,1,1,1,1,1,1,1,1,1,1,1,1
1958,660,10,2.882,2.8783,0.0013,0.137,0.9915,5,0,0,0,1,1,1,0,0,0,0,1,1,1
964,282,10,3.5278,3.2227,0.0865,0.1362,0.9905,1,1,1,1,1,1,1,0,0,0,1,1,1,1
965,282,10,2.8451,1.2245,0.5696,0.2858,0.9328,-1,0,0,0,0,0,0,0,0,0,0,0,0,0
966,282,10,2.8451,2.0642,0.2745,0.22,0.9452,-1,0,0,0,0,0,0,0,0,0,0,0,0,0
1107,332,10,1.5635,1.39,0.111,0.164,0.9733,4,0,0,1,1,1,1,0,0,1,1,1,1,1
1108,332,10,2.664,1.4769,0.4456,0.2196,0.9636,2,0,1,1,1,1,1,0,0,0,0,0,0,1
1109,332,10,2.4498,1.1199,0.5429,0.2938,0.9222,2,0,1,1,1,1,1,0,1,1,1,1,1,1
1110,332,10,3.1127,2.1761,0.3009,0.2347,0.942,-1,0,0,0,0,0,0,0,0,0,0,0,0,0
1264,388,10,1.4964,1.0484,0.2994,0.2264,0.9268,-1,0,0,0,0,0,0,0,0,0,0,0,0,0
1265,388,10,1.7612,1.3522,0.2322,0.2373,0.8935,2,0,1,1,1,1,1,0,1,1,1,1,1,1
1266,388,10,1.0642,0.9766,0.0824,0.2105,0.8157,1,1,1,1,1,1,1,1,1,1,1,1,1,1
1267,388,10,0.7921,0.6776,0.1446,0.1789,0.9329,2,0,1,1,1,1,1,0,1,1,1,1,1,1
1364,419,10,2.8198,2.6403,0.0636,0.1802,0.9637,2,0,1,1,1,1,1,0,1,1,1,1,1,1
1365,419,10,1.0895,1.0089,0.074,0.1892,0.7765,2,0,1,1,1,1,1,0,0,0,1,1,1,1
1366,419,10,4.4349,2.6488,0.4027,0.2335,0.9445,2,0,1,1,1,1,1,0,1,1,1,1,1,1
1367,419,10,4.4157,2.7838,0.3696,0.2237,0.955,3,0,0,1,1,1,1,0,0,1,1,1,1,1
1065,317,10,2.9916,1.9681,0.3421,0.1883,0.9729,4,0,0,1,1,1,1,0,0,1,1,1,1,1
1066,317,10,2.127,1.2715,0.4022,0.2533,0.9334,3,0,0,1,1,1,1,0,0,1,1,1,1,1
1067,317,10,2.8357,1.5005,0.4709,0.269,0.9215,1,1,1,1,1,1,1,1,1,1,1,1,1,1
1586,505,10,2.5529,2.2217,0.1297,0.141,0.9908,3,0,0,1,1,1,1,0,0,1,1,1,1,1
1587,505,10,2.9288,2.7085,0.0752,0.1749,0.9735,3,0,0,1,1,1,1,0,0,1,1,1,1,1
171,49,10,8.8433,2.8816,0.6742,0.3215,0.9146,2,0,1,1,1,1,1,0,0,0,1,1,1,1
172,49,10,2.5638,2.5347,0.0113,0.1916,0.9416,1,1,1,1,1,1,1,1,1,1,1,1,1,1
173,49,10,6.1127,4.1255,0.3251,0.2234,0.9435,2,0,1,1,1,1,1,0,1,1,1,1,1,1
174,49,10,6.5445,1.8122,0.7231,0.3614,0.8818,4,0,0,1,1,1,1,0,0,1,1,1,1,1
340,92,10,4.4563,2.9308,0.3423,0.2738,0.9205,1,1,1,1,1,1,1,1,1,1,1,1,1,1
341,92,10,1.6939,1.5953,0.0582,0.1858,0.9539,2,0,1,1,1,1,1,0,0,0,0,0,0,1
342,92,10,2.434,1.7759,0.2704,0.2123,0.9372,3,0,0,1,1,1,1,0,0,1,1,1,1,1
343,92,10,3.0004,2.4846,0.1719,0.2208,0.9363,1,1,1,1,1,1,1,0,1,1,1,1,1,1
344,92,10,1.2016,1.0998,0.0848,0.213,0.8218,6,0,0,0,1,1,1,0,0,0,1,1,1,1
345,92,10,2.197,1.9449,0.1148,0.2345,0.8848,5,0,0,0,1,1,1,0,0,0,1,1,1,1
346,92,10,2.2397,1.8613,0.169,0.162,0.9758,4,0,0,1,1,1,1,0,0,1,1,1,1,1
347,92,10,1.4771,1.2119,0.1795,0.207,0.9327,4,0,0,1,1,1,1,0,0,1,1,1,1,1
348,92,10,1.2941,1.2917,0.0019,0.1635,0.9612,-1,0,0,0,0,0,0,0,0,0,0,0,0,0
1233,379,10,2.0766,1.9215,0.0747,0.1961,0.946,1,1,1,1,1,1,1,1,1,1,1,1,1,1
1234,379,10,1.368,1.0646,0.2218,0.1561,0.9809,4,0,0,1,1,1,1,0,0,0,0,1,1,1
1235,379,10,1.0745,1.0403,0.0318,0.1853,0.8279,2,0,1,1,1,1,1,0,1,1,1,1,1,1
1313,404,10,1.009,1.0045,0.0044,0.1228,0.996,3,0,0,1,1,1,1,0,0,1,1,1,1,1
1314,404,10,3.4103,3.0571,0.1035,0.1662,0.9702,-1,0,0,0,0,0,0,0,0,0,0,0,0,0
1315,404,10,3.019,2.7488,0.0895,0.1588,0.9767,1,1,1,1,1,1,1,1,1,1,1,1,1,1
1316,404,10,2.7572,2.4269,0.1198,0.1618,0.9826,1,1,1,1,1,1,1,0,0,0,0,0,0,1
1317,404,10,2.5144,1.9199,0.2365,0.1841,0.9699,2,0,1,1,1,1,1,0,1,1,1,1,1,1
1158,351,10,2.3393,1.5595,0.3334,0.1922,0.9685,1,1,1,1,1,1,1,1,1,1,1,1,1,1
1159,351,10,1.1941,0.3653,0.6941,0.2898,0.937,-1,0,0,0,0,0,0,0,0,0,0,0,0,0
1160,351,10,1.5452,0.4699,0.6959,0.2966,0.9342,-1,0,0,0,0,0,0,0,0,0,0,0,0,0
1161,351,10,0.689,0.6401,0.0709,0.1362,0.9879,2,0,1,1,1,1,1,0,1,1,1,1,1,1
1004,294,10,1.3098,1.1481,0.1235,0.1372,0.993,4,0,0,1,1,1,1,0,0,1,1,1,1,1
1005,294,10,1.7023,1.613,0.0524,0.1557,0.9809,1,1,1,1,1,1,1,0,0,0,0,0,0,1
2202,799,10,2.4962,1.4525,0.4181,0.3193,0.7349,2,0,1,1,1,1,1,0,0,0,0,1,1,1
1763,575,10,1.6326,1.5411,0.056,0.1624,0.9454,1,1,1,1,1,1,1,1,1,1,1,1,1,1
2191,791,10,1.9191,1.3714,0.2854,0.2194,0.8764,1,1,1,1,1,1,1,1,1,1,1,1,1,1
2192,791,10,1.3656,1.0598,0.2239,0.2934,0.8863,4,0,0,1,1,1,1,0,0,1,1,1,1,1
1808,595,10,2.0913,1.8493,0.1157,0.155,0.987,1,1,1,1,1,1,1,1,1,1,1,1,1,1
1809,595,10,1.9895,1.4006,0.296,0.1516,0.9896,4,0,0,1,1,1,1,0,0,0,0,1,1,1
1810,595,10,3.4084,2.0438,0.4003,0.2147,0.9662,3,0,0,1,1,1,1,0,0,1,1,1,1,1
677,186,10,2.6471,1.8492,0.3014,0.173,0.9818,3,0,0,1,1,1,1,0,0,1,1,1,1,1
478,129,10,3.7255,2.9245,0.215,0.1568,0.9899,1,1,1,1,1,1,1,0,0,0,1,1,1,1
479,129,10,1.7364,1.6056,0.0753,0.1521,0.9831,2,0,1,1,1,1,1,0,1,1,1,1,1,1
480,129,10,1.858,1.7826,0.0406,0.1509,0.9804,1,1,1,1,1,1,1,0,0,0,0,0,0,1
481,129,10,2.0442,2.0373,0.0034,0.1729,0.9502,1,1,1,1,1,1,1,1,1,1,1,1,1,1
1799,590,10,1.8015,1.5812,0.1223,0.1727,0.9683,1,1,1,1,1,1,1,1,1,1,1,1,1,1
721,199,10,1.6803,1.1914,0.2909,0.1968,0.9602,1,1,1,1,1,1,1,1,1,1,1,1,1,1
722,199,10,2.4008,1.7444,0.2734,0.2784,0.8679,1,1,1,1,1,1,1,1,1,1,1,1,1,1
723,199,10,1.9622,1.5498,0.2102,0.187,0.9329,1,1,1,1,1,1,1,0,0,0,1,1,1,1
2031,696,10,1.5278,1.5105,0.0113,0.1597,0.9395,1,1,1,1,1,1,1,0,0,0,0,0,0,1
2032,696,10,3.1339,1.9768,0.3692,0.3199,0.87,1,1,1,1,1,1,1,1,1,1,1,1,1,1
1682,542,10,2.6348,2.4459,0.0717,0.1326,0.9951,6,0,0,0,1,1,1,0,0,0,1,1,1,1
1683,542,10,4.7781,4.7566,0.0045,0.1308,0.991,3,0,0,1,1,1,1,0,0,1,1,1,1,1
1871,621,10,2.2632,1.6587,0.2671,0.1609,0.9865,7,0,0,0,0,1,1,0,0,0,0,1,1,1
2059,715,10,2.6789,2.3392,0.1268,0.181,0.97,4,0,0,1,1,1,1,0,0,1,1,1,1,1
1663,535,10,2.589,2.0664,0.2019,0.2187,0.9272,4,0,0,1,1,1,1,0,0,0,1,1,1,1
153,45,10,2.8011,2.7325,0.0245,0.1642,0.98,-1,0,0,0,0,0,0,0,0,0,0,0,0,0
154,45,10,2.0361,1.8915,0.0711,0.1419,0.9899,3,0,0,1,1,1,1,0,0,1,1,1,1,1
155,45,10,1.3888,1.2792,0.0789,0.1756,0.9623,1,1,1,1,1,1,1,1,1,1,1,1,1,1
156,45,10,3.9394,2.5468,0.3535,0.1942,0.9684,3,0,0,1,1,1,1,0,0,1,1,1,1,1
1800,591,10,1.5731,1.5334,0.0253,0.2077,0.8832,8,0,0,0,0,1,1,0,0,0,0,1,1,1
1801,591,10,2.4963,1.9616,0.2142,0.1923,0.9623,3,0,0,1,1,1,1,0,0,1,1,1,1,1
556,152,10,2.238,2.0068,0.1033,0.196,0.9502,3,0,0,1,1,1,1,0,0,1,1,1,1,1
557,152,10,1.6714,1.4861,0.1109,0.1972,0.9,1,1,1,1,1,1,1,1,1,1,1,1,1,1
558,152,10,2.7285,2.5507,0.0652,0.1955,0.9382,1,1,1,1,1,1,1,1,1,1,1,1,1,1
559,152,10,2.0869,1.3793,0.3391,0.2511,0.8436,-1,0,0,0,0,0,0,0,0,0,0,0,0,0
1502,469,10,1.3704,1.3158,0.0398,0.1468,0.9874,-1,0,0,0,0,0,0,0,0,0,0,0,0,0
1503,469,10,2.137,2.0872,0.0233,0.1603,0.9804,1,1,1,1,1,1,1,1,1,1,1,1,1,1
1934,647,10,3.3361,3.1908,0.0436,0.1269,0.9917,3,0,0,1,1,1,1,0,0,1,1,1,1,1
2027,695,10,2.6884,2.2788,0.1524,0.1576,0.982,1,1,1,1,1,1,1,1,1,1,1,1,1,1
2028,695,10,1.4892,1.3094,0.1207,0.2242,0.9109,2,0,1,1,1,1,1,0,1,1,1,1,1,1
2029,695,10,2.897,2.511,0.1332,0.2885,0.7391,3,0,0,1,1,1,1,0,0,1,1,1,1,1
2030,695,10,2.6156,1.4317,0.4526,0.2154,0.9698,4,0,0,1,1,1,1,0,0,1,1,1,1,1
2262,837,10,1.0803,0.992,0.0817,0.2442,0.6942,8,0,0,0,0,1,1,0,0,0,0,1,1,1
283,78,10,1.6344,1.2922,0.2094,0.2289,0.9026,1,1,1,1,1,1,1,1,1,1,1,1,1,1
284,78,10,1.9613,1.4471,0.2622,0.2307,0.9434,1,1,1,1,1,1,1,1,1,1,1,1,1,1
285,78,10,2.0943,1.7832,0.1486,0.188,0.9608,1,1,1,1,1,1,1,1,1,1,1,1,1,1
1013,298,10,2.5492,2.3996,0.0587,0.1752,0.968,1,1,1,1,1,1,1,1,1,1,1,1,1,1
916,266,10,2.5254,1.7946,0.2894,0.2077,0.9591,1,1,1,1,1,1,1,0,0,0,1,1,1,1
917,266,10,2.4551,2.3505,0.0426,0.1489,0.9797,5,0,0,0,1,1,1,0,0,0,1,1,1,1
918,266,10,5.1339,3.3446,0.3485,0.1976,0.9755,2,0,1,1,1,1,1,0,1,1,1,1,1,1
919,266,10,2.7195,2.4048,0.1157,0.1674,0.9795,1,1,1,1,1,1,1,1,1,1,1,1,1,1
920,266,10,1.3904,1.3347,0.0401,0.1325,0.9868,1,1,1,1,1,1,1,1,1,1,1,1,1,1
1779,583,10,5.1079,2.7669,0.4583,0.366,0.8362,2,0,1,1,1,1,1,0,1,1,1,1,1,1
951,276,10,4.0765,2.4553,0.3977,0.2084,0.9713,10,0,0,0,0,0,1,0,0,0,0,0,1,1
398,105,10,5.5225,5.4852,0.0067,0.2058,0.9445,-1,0,0,0,0,0,0,0,0,0,0,0,0,0
399,105,10,4.3337,3.8198,0.1186,0.1873,0.9653,7,0,0,0,0,1,1,0,0,0,0,1,1,1
400,105,10,4.4394,4.3845,0.0124,0.1708,0.9714,6,0,0,0,1,1,1,0,0,0,0,0,0,1
401,105,10,2.5786,2.4575,0.047,0.1484,0.9868,1,1,1,1,1,1,1,0,0,0,0,0,0,1
402,105,10,2.3511,1.1901,0.4938,0.2856,0.9122,-1,0,0,0,0,0,0,0,0,0,0,0,0,0
403,105,10,3.1036,2.2871,0.2631,0.1543,0.9905,-1,0,0,0,0,0,0,0,0,0,0,0,0,0
404,105,10,1.7976,1.6449,0.085,0.1704,0.9471,-1,0,0,0,0,0,0,0,0,0,0,0,0,0
405,105,10,1.8788,1.6889,0.1011,0.1914,0.9469,6,0,0,0,1,1,1,0,0,0,1,1,1,1
406,105,10,2.3144,2.144,0.0736,0.219,0.9287,-1,0,0,0,0,0,0,0,0,0,0,0,0,0
631,173,10,1.9,1.5076,0.2065,0.1759,0.9765,6,0,0,0,1,1,1,0,0,0,0,0,0,1
632,173,10,2.354,2.1664,0.0797,0.1797,0.9547,5,0,0,0,1,1,1,0,0,0,1,1,1,1
1459,454,10,1.4312,1.2804,0.1053,0.3037,0.5966,-1,0,0,0,0,0,0,0,0,0,0,0,0,0
1460,454,10,0.8582,0.7248,0.1555,0.1669,0.9687,1,1,1,1,1,1,1,1,1,1,1,1,1,1
