bm25_score,lexical_overlap,prob_expand_logreg,prob_expand_decision_tree,prob_expand_random_forest,prob_expand_xgboost
0.0548737943172454,0.0011272141706924,0.3702,0.103,0.3249,0.3696
0.24421470478961338,0.0011272141706924,0.3905,0.103,0.3249,0.3696
0.4335556152619814,0.0011272141706924,0.4113,0.103,0.3326,0.3696
0.6228965257343493,0.0011272141706924,0.4323,0.103,0.3251,0.3347
0.8122374362067173,0.0011272141706924,0.4537,0.103,0.3334,0.3267
1.0015783466790853,0.0011272141706924,0.4751,0.103,0.3296,0.2683
1.1909192571514533,0.0011272141706924,0.4967,0.103,0.3822,0.3365
1.3802601676238213,0.0011272141706924,0.5183,0.5243,0.5195,0.4908
1.5696010780961893,0.0011272141706924,0.5398,0.5243,0.5147,0.4908
1.7589419885685573,0.0011272141706924,0.5612,0.5243,0.5147,0.4757
1.9482828990409253,0.0011272141706924,0.5823,0.5243,0.5147,0.4757
2.1376238095132933,0.0011272141706924,0.6032,0.5243,0.5147,0.4757
2.326964719985661,0.0011272141706924,0.6236,0.5243,0.5147,0.4757
2.5163056304580294,0.0011272141706924,0.6437,0.5243,0.5147,0.4757
2.705646540930397,0.0011272141706924,0.6632,0.5243,0.5147,0.4757
2.8949874514027654,0.0011272141706924,0.6822,0.5243,0.5147,0.4757
3.084328361875133,0.0011272141706924,0.7007,0.5243,0.5147,0.4757
3.273669272347501,0.0011272141706924,0.7185,0.5243,0.5147,0.4757
3.463010182819869,0.0011272141706924,0.7356,0.5243,0.5147,0.4757
3.652351093292237,0.0011272141706924,0.752,0.5243,0.5147,0.4757
0.0548737943172454,0.01121893915212651,0.3683,0.103,0.3249,0.3696
0.24421470478961338,0.01121893915212651,0.3886,0.103,0.3249,0.3696
0.4335556152619814,0.01121893915212651,0.4093,0.103,0.3326,0.3696
0.6228965257343493,0.01121893915212651,0.4303,0.103,0.3251,0.3347
0.8122374362067173,0.01121893915212651,0.4516,0.103,0.3334,0.3267
1.0015783466790853,0.01121893915212651,0.4731,0.103,0.3296,0.2683
1.1909192571514533,0.01121893915212651,0.4947,0.103,0.3822,0.3365
1.3802601676238213,0.01121893915212651,0.5162,0.5243,0.5195,0.4908
1.5696010780961893,0.01121893915212651,0.5378,0.5243,0.5147,0.4908
1.7589419885685573,0.01121893915212651,0.5592,0.5243,0.5147,0.4757
1.9482828990409253,0.01121893915212651,0.5803,0.5243,0.5147,0.4757
2.1376238095132933,0.01121893915212651,0.6012,0.5243,0.5147,0.4757
2.326964719985661,0.01121893915212651,0.6217,0.5243,0.5147,0.4757
2.5163056304580294,0.01121893915212651,0.6418,0.5243,0.5147,0.4757
2.705646540930397,0.01121893915212651,0.6614,0.5243,0.5147,0.4757
2.8949874514027654,0.01121893915212651,0.6805,0.5243,0.5147,0.4757
3.084328361875133,0.01121893915212651,0.6989,0.5243,0.5147,0.4757
3.273669272347501,0.01121893915212651,0.7168,0.5243,0.5147,0.4757
3.463010182819869,0.01121893915212651,0.734,0.5243,0.5147,0.4757
3.652351093292237,0.01121893915212651,0.7505,0.5243,0.5147,0.4757
0.0548737943172454,0.02131066413356062,0.3664,0.103,0.3249,0.3696
0.24421470478961338,0.02131066413356062,0.3867,0.103,0.3249,0.3696
0.4335556152619814,0.02131066413356062,0.4073,0.103,0.3326,0.3696
0.6228965257343493,0.02131066413356062,0.4283,0.103,0.3251,0.3347
0.8122374362067173,0.02131066413356062,0.4496,0.103,0.3334,0.3267
1.0015783466790853,0.02131066413356062,0.4711,0.103,0.3296,0.2683
1.1909192571514533,0.02131066413356062,0.4926,0.103,0.3822,0.3365
1.3802601676238213,0.02131066413356062,0.5142,0.5243,0.5195,0.4908
1.5696010780961893,0.02131066413356062,0.5357,0.5243,0.5147,0.4908
1.7589419885685573,0.02131066413356062,0.5571,0.5243,0.5147,0.4757
1.9482828990409253,0.02131066413356062,0.5783,0.5243,0.5147,0.4757
2.1376238095132933,0.02131066413356062,0.5992,0.5243,0.5147,0.4757
2.326964719985661,0.02131066413356062,0.6198,0.5243,0.5147,0.4757
2.5163056304580294,0.02131066413356062,0.6399,0.5243,0.5147,0.4757
2.705646540930397,0.02131066413356062,0.6596,0.5243,0.5147,0.4757
2.8949874514027654,0.02131066413356062,0.6787,0.5243,0.5147,0.4757
3.084328361875133,0.02131066413356062,0.6972,0.5243,0.5147,0.4757
3.273669272347501,0.02131066413356062,0.7151,0.5243,0.5147,0.4757
3.463010182819869,0.02131066413356062,0.7324,0.5243,0.5147,0.4757
3.652351093292237,0.02131066413356062,0.749,0.5243,0.5147,0.4757
0.0548737943172454,0.03140238911499473,0.3645,0.103,0.3249,0.3696
0.24421470478961338,0.03140238911499473,0.3847,0.103,0.3249,0.3696
0.4335556152619814,0.03140238911499473,0.4054,0.103,0.3326,0.3696
0.6228965257343493,0.03140238911499473,0.4263,0.103,0.3251,0.3347
0.8122374362067173,0.03140238911499473,0.4476,0.103,0.3334,0.3267
1.0015783466790853,0.03140238911499473,0.469,0.103,0.3296,0.2683
1.1909192571514533,0.03140238911499473,0.4906,0.103,0.3822,0.3365
1.3802601676238213,0.03140238911499473,0.5122,0.5243,0.5195,0.4908
1.5696010780961893,0.03140238911499473,0.5337,0.5243,0.5147,0.4908
1.7589419885685573,0.03140238911499473,0.5551,0.5243,0.5147,0.4757
1.9482828990409253,0.03140238911499473,0.5763,0.5243,0.5147,0.4757
2.1376238095132933,0.03140238911499473,0.5973,0.5243,0.5147,0.4757
2.326964719985661,0.03140238911499473,0.6179,0.5243,0.5147,0.4757
2.5163056304580294,0.03140238911499473,0.638,0.5243,0.5147,0.4757
2.705646540930397,0.03140238911499473,0.6577,0.5243,0.5147,0.4757
2.8949874514027654,0.03140238911499473,0.6769,0.5243,0.5147,0.4757
3.084328361875133,0.03140238911499473,0.6955,0.5243,0.5147,0.4757
3.273669272347501,0.03140238911499473,0.7135,0.5243,0.5147,0.4757
3.463010182819869,0.03140238911499473,0.7308,0.5243,0.5147,0.4757
3.652351093292237,0.03140238911499473,0.7474,0.5243,0.5147,0.4757
0.0548737943172454,0.04149411409642884,0.3626,0.103,0.3249,0.3696
0.24421470478961338,0.04149411409642884,0.3828,0.103,0.3249,0.3696
0.4335556152619814,0.04149411409642884,0.4034,0.103,0.3326,0.3696
0.6228965257343493,0.04149411409642884,0.4243,0.103,0.3251,0.3347
0.8122374362067173,0.04149411409642884,0.4456,0.103,0.3334,0.3267
1.0015783466790853,0.04149411409642884,0.467,0.103,0.3296,0.2683
1.1909192571514533,0.04149411409642884,0.4885,0.103,0.3822,0.3365
1.3802601676238213,0.04149411409642884,0.5101,0.5243,0.5195,0.4908
1.5696010780961893,0.04149411409642884,0.5317,0.5243,0.5147,0.4908
1.7589419885685573,0.04149411409642884,0.5531,0.5243,0.5147,0.4757
1.9482828990409253,0.04149411409642884,0.5743,0.5243,0.5147,0.4757
2.1376238095132933,0.04149411409642884,0.5953,0.5243,0.5147,0.4757
2.326964719985661,0.04149411409642884,0.6159,0.5243,0.5147,0.4757
2.5163056304580294,0.04149411409642884,0.6361,0.5243,0.5147,0.4757
2.705646540930397,0.04149411409642884,0.6559,0.5243,0.5147,0.4757
2.8949874514027654,0.04149411409642884,0.6751,0.5243,0.5147,0.4757
3.084328361875133,0.04149411409642884,0.6938,0.5243,0.5147,0.4757
3.273669272347501,0.04149411409642884,0.7118,0.5243,0.5147,0.4757
3.463010182819869,0.04149411409642884,0.7292,0.5243,0.5147,0.4757
3.652351093292237,0.04149411409642884,0.7459,0.5243,0.5147,0.4757
0.0548737943172454,0.051585839077862954,0.3607,0.103,0.3249,0.3696
0.24421470478961338,0.051585839077862954,0.3809,0.103,0.3249,0.3696
0.4335556152619814,0.051585839077862954,0.4014,0.103,0.3326,0.3696
0.6228965257343493,0.051585839077862954,0.4223,0.103,0.3251,0.3347
0.8122374362067173,0.051585839077862954,0.4435,0.103,0.3334,0.3267
1.0015783466790853,0.051585839077862954,0.465,0.103,0.3296,0.2683
1.1909192571514533,0.051585839077862954,0.4865,0.103,0.3822,0.3365
1.3802601676238213,0.051585839077862954,0.5081,0.5243,0.5195,0.4908
1.5696010780961893,0.051585839077862954,0.5296,0.5243,0.5147,0.4908
1.7589419885685573,0.051585839077862954,0.5511,0.5243,0.5147,0.4757
1.9482828990409253,0.051585839077862954,0.5723,0.5243,0.5147,0.4757
2.1376238095132933,0.051585839077862954,0.5933,0.5243,0.5147,0.4757
2.326964719985661,0.051585839077862954,0.614,0.5243,0.5147,0.4757
2.5163056304580294,0.051585839077862954,0.6343,0.5243,0.5147,0.4757
2.705646540930397,0.051585839077862954,0.654,0.5243,0.5147,0.4757
2.8949874514027654,0.051585839077862954,0.6733,0.5243,0.5147,0.4757
3.084328361875133,0.051585839077862954,0.692,0.5243,0.5147,0.4757
3.273669272347501,0.051585839077862954,0.7101,0.5243,0.5147,0.4757
3.463010182819869,0.051585839077862954,0.7276,0.5243,0.5147,0.4757
3.652351093292237,0.051585839077862954,0.7443,0.5243,0.5147,0.4757
0.0548737943172454,0.061677564059297064,0.3588,0.103,0.3249,0.3696
0.24421470478961338,0.061677564059297064,0.3789,0.103,0.3249,0.3696
0.4335556152619814,0.061677564059297064,0.3995,0.103,0.3326,0.3696
0.6228965257343493,0.061677564059297064,0.4204,0.103,0.3251,0.3347
0.8122374362067173,0.061677564059297064,0.4415,0.103,0.3334,0.3267
1.0015783466790853,0.061677564059297064,0.4629,0.103,0.3296,0.2683
1.1909192571514533,0.061677564059297064,0.4844,0.103,0.3822,0.3365
1.3802601676238213,0.061677564059297064,0.506,0.5243,0.5195,0.4908
1.5696010780961893,0.061677564059297064,0.5276,0.5243,0.5147,0.4908
1.7589419885685573,0.061677564059297064,0.5491,0.5243,0.5147,0.4757
1.9482828990409253,0.061677564059297064,0.5703,0.5243,0.5147,0.4757
2.1376238095132933,0.061677564059297064,0.5914,0.5243,0.5147,0.4757
2.326964719985661,0.061677564059297064,0.6121,0.5243,0.5147,0.4757
2.5163056304580294,0.061677564059297064,0.6324,0.5243,0.5147,0.4757
2.705646540930397,0.061677564059297064,0.6522,0.5243,0.5147,0.4757
2.8949874514027654,0.061677564059297064,0.6715,0.5243,0.5147,0.4757
3.084328361875133,0.061677564059297064,0.6903,0.5243,0.5147,0.4757
3.273669272347501,0.061677564059297064,0.7084,0.5243,0.5147,0.4757
3.463010182819869,0.061677564059297064,0.7259,0.5243,0.5147,0.4757
3.652351093292237,0.061677564059297064,0.7428,0.5243,0.5147,0.4757
0.0548737943172454,0.07176928904073118,0.357,0.103,0.3249,0.3696
0.24421470478961338,0.07176928904073118,0.377,0.103,0.3249,0.3696
0.4335556152619814,0.07176928904073118,0.3975,0.103,0.3326,0.3696
0.6228965257343493,0.07176928904073118,0.4184,0.103,0.3251,0.3347
0.8122374362067173,0.07176928904073118,0.4395,0.103,0.3334,0.3267
1.0015783466790853,0.07176928904073118,0.4609,0.103,0.3296,0.2683
1.1909192571514533,0.07176928904073118,0.4824,0.103,0.3822,0.3365
1.3802601676238213,0.07176928904073118,0.504,0.5243,0.5195,0.4908
1.5696010780961893,0.07176928904073118,0.5256,0.5243,0.5147,0.4908
1.7589419885685573,0.07176928904073118,0.547,0.5243,0.5147,0.4757
1.9482828990409253,0.07176928904073118,0.5683,0.5243,0.5147,0.4757
2.1376238095132933,0.07176928904073118,0.5894,0.5243,0.5147,0.4757
2.326964719985661,0.07176928904073118,0.6101,0.5243,0.5147,0.4757
2.5163056304580294,0.07176928904073118,0.6305,0.5243,0.5147,0.4757
2.705646540930397,0.07176928904073118,0.6503,0.5243,0.5147,0.4757
2.8949874514027654,0.07176928904073118,0.6697,0.5243,0.5147,0.4757
3.084328361875133,0.07176928904073118,0.6885,0.5243,0.5147,0.4757
3.273669272347501,0.07176928904073118,0.7067,0.5243,0.5147,0.4757
3.463010182819869,0.07176928904073118,0.7243,0.5243,0.5147,0.4757
3.652351093292237,0.07176928904073118,0.7412,0.5243,0.5147,0.4757
0.0548737943172454,0.0818610140221653,0.3551,0.103,0.3249,0.3696
0.24421470478961338,0.0818610140221653,0.3751,0.103,0.3249,0.3696
0.4335556152619814,0.0818610140221653,0.3956,0.103,0.3326,0.3696
0.6228965257343493,0.0818610140221653,0.4164,0.103,0.3251,0.3347
0.8122374362067173,0.0818610140221653,0.4375,0.103,0.3334,0.3267
1.0015783466790853,0.0818610140221653,0.4589,0.103,0.3296,0.2683
1.1909192571514533,0.0818610140221653,0.4804,0.103,0.3822,0.3365
1.3802601676238213,0.0818610140221653,0.5019,0.5243,0.5195,0.4908
1.5696010780961893,0.0818610140221653,0.5235,0.5243,0.5147,0.4908
1.7589419885685573,0.0818610140221653,0.545,0.5243,0.5147,0.4757
1.9482828990409253,0.0818610140221653,0.5663,0.5243,0.5147,0.4757
2.1376238095132933,0.0818610140221653,0.5874,0.5243,0.5147,0.4757
2.326964719985661,0.0818610140221653,0.6082,0.5243,0.5147,0.4757
2.5163056304580294,0.0818610140221653,0.6285,0.5243,0.5147,0.4757
2.705646540930397,0.0818610140221653,0.6485,0.5243,0.5147,0.4757
2.8949874514027654,0.0818610140221653,0.6679,0.5243,0.5147,0.4757
3.084328361875133,0.0818610140221653,0.6868,0.5243,0.5147,0.4757
3.273669272347501,0.0818610140221653,0.705,0.5243,0.5147,0.4757
3.463010182819869,0.0818610140221653,0.7227,0.5243,0.5147,0.4757
3.652351093292237,0.0818610140221653,0.7397,0.5243,0.5147,0.4757
0.0548737943172454,0.0919527390035994,0.3532,0.103,0.3249,0.3696
0.24421470478961338,0.0919527390035994,0.3732,0.103,0.3249,0.3696
0.4335556152619814,0.0919527390035994,0.3936,0.103,0.3326,0.3696
0.6228965257343493,0.0919527390035994,0.4144,0.103,0.3251,0.3347
0.8122374362067173,0.0919527390035994,0.4355,0.103,0.3334,0.3267
1.0015783466790853,0.0919527390035994,0.4568,0.103,0.3296,0.2683
1.1909192571514533,0.0919527390035994,0.4783,0.103,0.3822,0.3365
1.3802601676238213,0.0919527390035994,0.4999,0.5243,0.5195,0.4908
1.5696010780961893,0.0919527390035994,0.5215,0.5243,0.5147,0.4908
1.7589419885685573,0.0919527390035994,0.543,0.5243,0.5147,0.4757
1.9482828990409253,0.0919527390035994,0.5643,0.5243,0.5147,0.4757
2.1376238095132933,0.0919527390035994,0.5854,0.5243,0.5147,0.4757
2.326964719985661,0.0919527390035994,0.6062,0.5243,0.5147,0.4757
2.5163056304580294,0.0919527390035994,0.6266,0.5243,0.5147,0.4757
2.705646540930397,0.0919527390035994,0.6466,0.5243,0.5147,0.4757
2.8949874514027654,0.0919527390035994,0.6661,0.5243,0.5147,0.4757
3.084328361875133,0.0919527390035994,0.685,0.5243,0.5147,0.4757
3.273669272347501,0.0919527390035994,0.7033,0.5243,0.5147,0.4757
3.463010182819869,0.0919527390035994,0.721,0.5243,0.5147,0.4757
3.652351093292237,0.0919527390035994,0.7381,0.5243,0.5147,0.4757
0.0548737943172454,0.10204446398503352,0.3514,0.103,0.3249,0.3696
0.24421470478961338,0.10204446398503352,0.3713,0.103,0.3249,0.3696
0.4335556152619814,0.10204446398503352,0.3917,0.103,0.3326,0.3696
0.6228965257343493,0.10204446398503352,0.4124,0.103,0.3251,0.3347
0.8122374362067173,0.10204446398503352,0.4335,0.103,0.3334,0.3267
1.0015783466790853,0.10204446398503352,0.4548,0.103,0.3296,0.2683
1.1909192571514533,0.10204446398503352,0.4763,0.103,0.3822,0.3365
1.3802601676238213,0.10204446398503352,0.4979,0.5243,0.5195,0.4908
1.5696010780961893,0.10204446398503352,0.5194,0.5243,0.5147,0.4908
1.7589419885685573,0.10204446398503352,0.541,0.5243,0.5147,0.4757
1.9482828990409253,0.10204446398503352,0.5623,0.5243,0.5147,0.4757
2.1376238095132933,0.10204446398503352,0.5834,0.5243,0.5147,0.4757
2.326964719985661,0.10204446398503352,0.6043,0.5243,0.5147,0.4757
2.5163056304580294,0.10204446398503352,0.6247,0.5243,0.5147,0.4757
2.705646540930397,0.10204446398503352,0.6447,0.5243,0.5147,0.4757
2.8949874514027654,0.10204446398503352,0.6643,0.5243,0.5147,0.4757
3.084328361875133,0.10204446398503352,0.6832,0.5243,0.5147,0.4757
3.273669272347501,0.10204446398503352,0.7016,0.5243,0.5147,0.4757
3.463010182819869,0.10204446398503352,0.7194,0.5243,0.5147,0.4757
3.652351093292237,0.10204446398503352,0.7365,0.5243,0.5147,0.4757
0.0548737943172454,0.11213618896646763,0.3495,0.103,0.3249,0.3696
0.24421470478961338,0.11213618896646763,0.3694,0.103,0.3249,0.3696
0.4335556152619814,0.11213618896646763,0.3897,0.103,0.3326,0.3696
0.6228965257343493,0.11213618896646763,0.4104,0.103,0.3251,0.3347
0.8122374362067173,0.11213618896646763,0.4315,0.103,0.3334,0.3267
1.0015783466790853,0.11213618896646763,0.4528,0.103,0.3296,0.2683
1.1909192571514533,0.11213618896646763,0.4743,0.103,0.3822,0.3365
1.3802601676238213,0.11213618896646763,0.4958,0.5243,0.5195,0.4908
1.5696010780961893,0.11213618896646763,0.5174,0.5243,0.5147,0.4908
1.7589419885685573,0.11213618896646763,0.5389,0.5243,0.5147,0.4757
1.9482828990409253,0.11213618896646763,0.5603,0.5243,0.5147,0.4757
2.1376238095132933,0.11213618896646763,0.5815,0.5243,0.5147,0.4757
2.326964719985661,0.11213618896646763,0.6023,0.5243,0.5147,0.4757
2.5163056304580294,0.11213618896646763,0.6228,0.5243,0.5147,0.4757
2.705646540930397,0.11213618896646763,0.6429,0.5243,0.5147,0.4757
2.8949874514027654,0.11213618896646763,0.6624,0.5243,0.5147,0.4757
3.084328361875133,0.11213618896646763,0.6815,0.5243,0.5147,0.4757
3.273669272347501,0.11213618896646763,0.6999,0.5243,0.5147,0.4757
3.463010182819869,0.11213618896646763,0.7177,0.5243,0.5147,0.4757
3.652351093292237,0.11213618896646763,0.7349,0.5243,0.5147,0.4757
0.0548737943172454,0.12222791394790174,0.3476,0.103,0.3283,0.3696
0.24421470478961338,0.12222791394790174,0.3675,0.103,0.3283,0.3696
0.4335556152619814,0.12222791394790174,0.3878,0.103,0.336,0.3696
0.6228965257343493,0.12222791394790174,0.4085,0.103,0.3285,0.3347
0.8122374362067173,0.12222791394790174,0.4295,0.103,0.3367,0.3267
1.0015783466790853,0.12222791394790174,0.4508,0.103,0.333,0.2683
1.1909192571514533,0.12222791394790174,0.4722,0.103,0.3856,0.3365
1.3802601676238213,0.12222791394790174,0.4938,0.5243,0.5229,0.4908
1.5696010780961893,0.12222791394790174,0.5154,0.5243,0.5181,0.4908
1.7589419885685573,0.12222791394790174,0.5369,0.5243,0.5181,0.4757
1.9482828990409253,0.12222791394790174,0.5583,0.5243,0.5181,0.4757
2.1376238095132933,0.12222791394790174,0.5795,0.5243,0.5181,0.4757
2.326964719985661,0.12222791394790174,0.6004,0.5243,0.5181,0.4757
2.5163056304580294,0.12222791394790174,0.6209,0.5243,0.5181,0.4757
2.705646540930397,0.12222791394790174,0.641,0.5243,0.5181,0.4757
2.8949874514027654,0.12222791394790174,0.6606,0.5243,0.5181,0.4757
3.084328361875133,0.12222791394790174,0.6797,0.5243,0.5181,0.4757
3.273669272347501,0.12222791394790174,0.6982,0.5243,0.5181,0.4757
3.463010182819869,0.12222791394790174,0.7161,0.5243,0.5181,0.4757
3.652351093292237,0.12222791394790174,0.7333,0.5243,0.5181,0.4757
0.0548737943172454,0.13231963892933585,0.3458,0.3806,0.3432,0.4065
0.24421470478961338,0.13231963892933585,0.3656,0.3806,0.3432,0.4065
0.4335556152619814,0.13231963892933585,0.3858,0.3806,0.3509,0.4065
0.6228965257343493,0.13231963892933585,0.4065,0.3806,0.3434,0.3703
0.8122374362067173,0.13231963892933585,0.4275,0.3806,0.3516,0.3618
1.0015783466790853,0.13231963892933585,0.4487,0.3806,0.3478,0.3
1.1909192571514533,0.13231963892933585,0.4702,0.3806,0.4005,0.3721
1.3802601676238213,0.13231963892933585,0.4917,0.5243,0.5331,0.5297
1.5696010780961893,0.13231963892933585,0.5133,0.5243,0.5283,0.5297
1.7589419885685573,0.13231963892933585,0.5349,0.5243,0.5283,0.5146
1.9482828990409253,0.13231963892933585,0.5563,0.5243,0.5283,0.5146
2.1376238095132933,0.13231963892933585,0.5775,0.5243,0.5283,0.5146
2.326964719985661,0.13231963892933585,0.5984,0.5243,0.5283,0.5146
2.5163056304580294,0.13231963892933585,0.619,0.5243,0.5283,0.5146
2.705646540930397,0.13231963892933585,0.6391,0.5243,0.5283,0.5146
2.8949874514027654,0.13231963892933585,0.6588,0.5243,0.5283,0.5146
3.084328361875133,0.13231963892933585,0.6779,0.5243,0.5283,0.5146
3.273669272347501,0.13231963892933585,0.6965,0.5243,0.5283,0.5146
3.463010182819869,0.13231963892933585,0.7144,0.5243,0.5283,0.5146
3.652351093292237,0.13231963892933585,0.7317,0.5243,0.5283,0.5146
0.0548737943172454,0.14241136391076994,0.3439,0.3806,0.3432,0.4005
0.24421470478961338,0.14241136391076994,0.3637,0.3806,0.3432,0.4005
0.4335556152619814,0.14241136391076994,0.3839,0.3806,0.3509,0.4005
0.6228965257343493,0.14241136391076994,0.4045,0.3806,0.3434,0.3644
0.8122374362067173,0.14241136391076994,0.4255,0.3806,0.3516,0.356
1.0015783466790853,0.14241136391076994,0.4467,0.3806,0.3478,0.2947
1.1909192571514533,0.14241136391076994,0.4681,0.3806,0.4005,0.3663
1.3802601676238213,0.14241136391076994,0.4897,0.5243,0.5331,0.5136
1.5696010780961893,0.14241136391076994,0.5113,0.5243,0.5283,0.5136
1.7589419885685573,0.14241136391076994,0.5328,0.5243,0.5283,0.4984
1.9482828990409253,0.14241136391076994,0.5543,0.5243,0.5283,0.4984
2.1376238095132933,0.14241136391076994,0.5755,0.5243,0.5283,0.4984
2.326964719985661,0.14241136391076994,0.5964,0.5243,0.5283,0.4984
2.5163056304580294,0.14241136391076994,0.617,0.5243,0.5283,0.4984
2.705646540930397,0.14241136391076994,0.6372,0.5243,0.5283,0.4984
2.8949874514027654,0.14241136391076994,0.6569,0.5243,0.5283,0.4984
3.084328361875133,0.14241136391076994,0.6761,0.5243,0.5283,0.4984
3.273669272347501,0.14241136391076994,0.6947,0.5243,0.5283,0.4984
3.463010182819869,0.14241136391076994,0.7128,0.5243,0.5283,0.4984
3.652351093292237,0.14241136391076994,0.7301,0.5243,0.5283,0.4984
0.0548737943172454,0.15250308889220404,0.3421,0.3806,0.3602,0.4005
0.24421470478961338,0.15250308889220404,0.3618,0.3806,0.3602,0.4005
0.4335556152619814,0.15250308889220404,0.382,0.3806,0.3679,0.4005
0.6228965257343493,0.15250308889220404,0.4025,0.3806,0.3604,0.3644
0.8122374362067173,0.15250308889220404,0.4235,0.3806,0.3687,0.356
1.0015783466790853,0.15250308889220404,0.4447,0.3806,0.3649,0.2947
1.1909192571514533,0.15250308889220404,0.4661,0.3806,0.4175,0.3663
1.3802601676238213,0.15250308889220404,0.4877,0.5243,0.5367,0.5136
1.5696010780961893,0.15250308889220404,0.5092,0.5243,0.5319,0.5136
1.7589419885685573,0.15250308889220404,0.5308,0.5243,0.5319,0.4984
1.9482828990409253,0.15250308889220404,0.5522,0.5243,0.5319,0.4984
2.1376238095132933,0.15250308889220404,0.5735,0.5243,0.5319,0.4984
2.326964719985661,0.15250308889220404,0.5945,0.5243,0.5319,0.4984
2.5163056304580294,0.15250308889220404,0.6151,0.5243,0.5319,0.4984
2.705646540930397,0.15250308889220404,0.6353,0.5243,0.5319,0.4984
2.8949874514027654,0.15250308889220404,0.6551,0.5243,0.5319,0.4984
3.084328361875133,0.15250308889220404,0.6743,0.5243,0.5319,0.4984
3.273669272347501,0.15250308889220404,0.693,0.5243,0.5319,0.4984
3.463010182819869,0.15250308889220404,0.7111,0.5243,0.5319,0.4984
3.652351093292237,0.15250308889220404,0.7285,0.5243,0.5319,0.4984
0.0548737943172454,0.16259481387363817,0.3403,0.3806,0.3847,0.4151
0.24421470478961338,0.16259481387363817,0.3599,0.3806,0.3847,0.4151
0.4335556152619814,0.16259481387363817,0.38,0.3806,0.3924,0.4151
0.6228965257343493,0.16259481387363817,0.4006,0.3806,0.3849,0.3785
0.8122374362067173,0.16259481387363817,0.4215,0.3806,0.3932,0.37
1.0015783466790853,0.16259481387363817,0.4427,0.3806,0.3894,0.3074
1.1909192571514533,0.16259481387363817,0.4641,0.3806,0.442,0.3804
1.3802601676238213,0.16259481387363817,0.4856,0.5243,0.5526,0.5132
1.5696010780961893,0.16259481387363817,0.5072,0.5243,0.5478,0.5132
1.7589419885685573,0.16259481387363817,0.5288,0.5243,0.5478,0.4981
1.9482828990409253,0.16259481387363817,0.5502,0.5243,0.5478,0.4981
2.1376238095132933,0.16259481387363817,0.5715,0.5243,0.5478,0.4981
2.326964719985661,0.16259481387363817,0.5925,0.5243,0.5478,0.4981
2.5163056304580294,0.16259481387363817,0.6132,0.5243,0.5478,0.4981
2.705646540930397,0.16259481387363817,0.6334,0.5243,0.5478,0.4981
2.8949874514027654,0.16259481387363817,0.6532,0.5243,0.5478,0.4981
3.084328361875133,0.16259481387363817,0.6725,0.5243,0.5478,0.4981
3.273669272347501,0.16259481387363817,0.6913,0.5243,0.5478,0.4981
3.463010182819869,0.16259481387363817,0.7094,0.5243,0.5478,0.4981
3.652351093292237,0.16259481387363817,0.7269,0.5243,0.5478,0.4981
0.0548737943172454,0.1726865388550723,0.3384,0.3806,0.3429,0.3801
0.24421470478961338,0.1726865388550723,0.358,0.3806,0.3429,0.3801
0.4335556152619814,0.1726865388550723,0.3781,0.3806,0.3506,0.3801
0.6228965257343493,0.1726865388550723,0.3986,0.3806,0.3431,0.3449
0.8122374362067173,0.1726865388550723,0.4195,0.3806,0.3514,0.3367
1.0015783466790853,0.1726865388550723,0.4407,0.3806,0.3476,0.2773
1.1909192571514533,0.1726865388550723,0.462,0.3806,0.4002,0.312
1.3802601676238213,0.1726865388550723,0.4836,0.5243,0.4699,0.4145
1.5696010780961893,0.1726865388550723,0.5052,0.5243,0.4651,0.4145
1.7589419885685573,0.1726865388550723,0.5267,0.5243,0.4651,0.3998
1.9482828990409253,0.1726865388550723,0.5482,0.5243,0.4651,0.3998
2.1376238095132933,0.1726865388550723,0.5695,0.5243,0.4651,0.3998
2.326964719985661,0.1726865388550723,0.5905,0.5243,0.4651,0.3998
2.5163056304580294,0.1726865388550723,0.6112,0.5243,0.4651,0.3998
2.705646540930397,0.1726865388550723,0.6315,0.5243,0.4651,0.3998
2.8949874514027654,0.1726865388550723,0.6514,0.5243,0.4651,0.3998
3.084328361875133,0.1726865388550723,0.6707,0.5243,0.4651,0.3998
3.273669272347501,0.1726865388550723,0.6895,0.5243,0.4651,0.3998
3.463010182819869,0.1726865388550723,0.7077,0.5243,0.4651,0.3998
3.652351093292237,0.1726865388550723,0.7252,0.5243,0.4651,0.3998
0.0548737943172454,0.1827782638365064,0.3366,0.3806,0.3429,0.3801
0.24421470478961338,0.1827782638365064,0.3562,0.3806,0.3429,0.3801
0.4335556152619814,0.1827782638365064,0.3762,0.3806,0.3506,0.3801
0.6228965257343493,0.1827782638365064,0.3967,0.3806,0.3431,0.3449
0.8122374362067173,0.1827782638365064,0.4175,0.3806,0.3514,0.3367
1.0015783466790853,0.1827782638365064,0.4387,0.3806,0.3476,0.2773
1.1909192571514533,0.1827782638365064,0.46,0.3806,0.4002,0.312
1.3802601676238213,0.1827782638365064,0.4815,0.5243,0.4571,0.4145
1.5696010780961893,0.1827782638365064,0.5031,0.5243,0.4523,0.4145
1.7589419885685573,0.1827782638365064,0.5247,0.5243,0.4523,0.3998
1.9482828990409253,0.1827782638365064,0.5462,0.5243,0.4523,0.3998
2.1376238095132933,0.1827782638365064,0.5675,0.5243,0.4523,0.3998
2.326964719985661,0.1827782638365064,0.5885,0.5243,0.4523,0.3998
2.5163056304580294,0.1827782638365064,0.6093,0.5243,0.4523,0.3998
2.705646540930397,0.1827782638365064,0.6296,0.5243,0.4523,0.3998
2.8949874514027654,0.1827782638365064,0.6495,0.5243,0.4523,0.3998
3.084328361875133,0.1827782638365064,0.6689,0.5243,0.4523,0.3998
3.273669272347501,0.1827782638365064,0.6878,0.5243,0.4523,0.3998
3.463010182819869,0.1827782638365064,0.706,0.5243,0.4523,0.3998
3.652351093292237,0.1827782638365064,0.7236,0.5243,0.4523,0.3998
0.0548737943172454,0.1928699888179405,0.3348,0.3806,0.3429,0.3801
0.24421470478961338,0.1928699888179405,0.3543,0.3806,0.3429,0.3801
0.4335556152619814,0.1928699888179405,0.3743,0.3806,0.3506,0.3801
0.6228965257343493,0.1928699888179405,0.3947,0.3806,0.3431,0.3449
0.8122374362067173,0.1928699888179405,0.4155,0.3806,0.3514,0.3367
1.0015783466790853,0.1928699888179405,0.4366,0.3806,0.3476,0.2773
1.1909192571514533,0.1928699888179405,0.458,0.3806,0.4002,0.312
1.3802601676238213,0.1928699888179405,0.4795,0.5243,0.4571,0.4145
1.5696010780961893,0.1928699888179405,0.5011,0.5243,0.4523,0.4145
1.7589419885685573,0.1928699888179405,0.5226,0.5243,0.4523,0.3998
1.9482828990409253,0.1928699888179405,0.5441,0.5243,0.4523,0.3998
2.1376238095132933,0.1928699888179405,0.5655,0.5243,0.4523,0.3998
2.326964719985661,0.1928699888179405,0.5866,0.5243,0.4523,0.3998
2.5163056304580294,0.1928699888179405,0.6073,0.5243,0.4523,0.3998
2.705646540930397,0.1928699888179405,0.6277,0.5243,0.4523,0.3998
2.8949874514027654,0.1928699888179405,0.6477,0.5243,0.4523,0.3998
3.084328361875133,0.1928699888179405,0.6671,0.5243,0.4523,0.3998
3.273669272347501,0.1928699888179405,0.686,0.5243,0.4523,0.3998
3.463010182819869,0.1928699888179405,0.7043,0.5243,0.4523,0.3998
3.652351093292237,0.1928699888179405,0.722,0.5243,0.4523,0.3998
