question_id,paper_id,y_true_4_6,gain_4_6,f1_k4,f1_k6,"prob_Balanced Logistic Regression (5 feats, Baseline)","pred_t05_Balanced Logistic Regression (5 feats, Baseline)","pred_tuned_Balanced Logistic Regression (5 feats, Baseline)",prob_Balanced Logistic Regression (2 feats: BM25+Lex),pred_t05_Balanced Logistic Regression (2 feats: BM25+Lex),pred_tuned_Balanced Logistic Regression (2 feats: BM25+Lex),prob_Shallow Decision Tree (5 feats),pred_t05_Shallow Decision Tree (5 feats),pred_tuned_Shallow Decision Tree (5 feats),prob_Random Forest (5 feats),pred_t05_Random Forest (5 feats),pred_tuned_Random Forest (5 feats),prob_XGBoost (5 feats),pred_t05_XGBoost (5 feats),pred_tuned_XGBoost (5 feats),prob_XGBoost (2 feats: BM25+Lex),pred_t05_XGBoost (2 feats: BM25+Lex),pred_tuned_XGBoost (2 feats: BM25+Lex),prob_LightGBM (5 feats),pred_t05_LightGBM (5 feats),pred_tuned_LightGBM (5 feats),prob_HistGradientBoosting (5 feats),pred_t05_HistGradientBoosting (5 feats),pred_tuned_HistGradientBoosting (5 feats),"prob_Small MLP (5->8->1, 5 feats)","pred_t05_Small MLP (5->8->1, 5 feats)","pred_tuned_Small MLP (5->8->1, 5 feats)","prob_Calibrated Logistic Regression (Platt, 5 feats)","pred_t05_Calibrated Logistic Regression (Platt, 5 feats)","pred_tuned_Calibrated Logistic Regression (Platt, 5 feats)","prob_Calibrated Random Forest (Platt, 5 feats)","pred_t05_Calibrated Random Forest (Platt, 5 feats)","pred_tuned_Calibrated Random Forest (Platt, 5 feats)","prob_Calibrated XGBoost (Platt, 5 feats)","pred_t05_Calibrated XGBoost (Platt, 5 feats)","pred_tuned_Calibrated XGBoost (Platt, 5 feats)"
1912,638,0,0.0,0.0,0.0,0.2622,0,0,0.2132,0,0,0.4167,0,0,0.2406,0,0,0.1989,0,0,0.375,0,0,0.2094,0,0,0.1254,0,0,0.1964,0,0,0.1892,0,0,0.1598,0,0,0.1841,0,0
2201,798,0,-0.6316,0.6316,0.0,0.6856,1,1,0.6485,1,1,0.7407,1,1,0.6047,1,1,0.5899,1,1,0.4924,0,0,0.5691,1,1,0.6403,1,1,0.1504,0,0,0.2118,0,0,0.224,0,0,0.1889,0,0
883,254,1,0.3333,0.6667,1.0,0.3997,0,0,0.4133,0,0,0.0,0,0,0.3493,0,0,0.2776,0,1,0.4631,0,0,0.1693,0,0,0.0813,0,0,0.0034,0,0,0.1884,0,0,0.1744,0,0,0.1948,0,0
884,254,0,-0.1111,1.0,0.8889,0.2138,0,0,0.269,0,0,0.5882,1,0,0.3491,0,0,0.3121,0,1,0.3925,0,0,0.2988,0,0,0.2866,0,0,0.0001,0,0,0.1766,0,0,0.1438,0,0,0.1513,0,0
104,28,0,0.0,0.0,0.0,0.3074,0,0,0.2993,0,0,0.4916,0,0,0.2678,0,0,0.2602,0,0,0.381,0,1,0.2384,0,0,0.2575,0,0,0.2489,0,0,0.1744,0,0,0.155,0,0,0.1809,0,0
105,28,0,0.0,0.4444,0.4444,0.4766,0,0,0.5038,1,0,0.6592,1,0,0.4481,0,1,0.3613,0,1,0.478,0,1,0.4435,0,0,0.4768,0,0,0.5817,1,1,0.1939,0,0,0.1871,0,0,0.182,0,0
2100,735,0,-1.0,1.0,0.0,0.4736,0,0,0.589,1,1,0.3797,0,0,0.4518,0,0,0.3494,0,1,0.6203,1,1,0.3247,0,0,0.3177,0,0,0.004,0,0,0.1671,0,0,0.1723,0,0,0.161,0,0
2101,735,0,0.0,1.0,1.0,0.4916,0,0,0.492,0,0,0.8744,1,1,0.562,1,1,0.618,1,1,0.5698,1,1,0.5848,1,1,0.5843,1,1,0.3866,0,0,0.1905,0,0,0.2371,0,0,0.2158,0,1
2102,735,0,0.0,0.0,0.0,0.3004,0,0,0.3561,0,0,0.0,0,0,0.3002,0,0,0.3048,0,1,0.4075,0,0,0.3576,0,1,0.3437,0,0,0.0002,0,0,0.177,0,0,0.1626,0,0,0.1712,0,0
732,203,0,0.0,1.0,1.0,0.3736,0,0,0.4663,0,0,0.0,0,0,0.3368,0,0,0.2133,0,1,0.2431,0,0,0.2695,0,0,0.3589,0,1,0.0558,0,0,0.1656,0,0,0.1772,0,0,0.178,0,0
733,203,0,0.0,0.3333,0.3333,0.3628,0,0,0.3578,0,0,0.0,0,0,0.2161,0,0,0.1228,0,0,0.243,0,0,0.2142,0,0,0.1547,0,0,0.1258,0,0,0.1875,0,0,0.1758,0,0,0.1933,0,0
734,203,1,0.0312,0.0741,0.1053,0.6638,1,1,0.638,1,1,0.4306,0,0,0.681,1,1,0.6857,1,1,0.5784,1,1,0.6165,1,1,0.6989,1,1,0.9376,1,1,0.2089,0,0,0.2111,0,0,0.1696,0,0
735,203,1,0.0866,0.0952,0.1818,0.6134,1,1,0.6536,1,1,0.4306,0,0,0.6682,1,1,0.5889,1,1,0.5784,1,1,0.6165,1,1,0.6446,1,1,0.787,1,1,0.186,0,0,0.1901,0,0,0.1742,0,0
736,203,0,-0.5714,0.5714,0.0,0.237,0,0,0.295,0,0,0.5172,1,0,0.3406,0,0,0.4195,0,1,0.2649,0,0,0.4657,0,1,0.5761,1,1,0.3558,0,0,0.1703,0,0,0.151,0,0,0.1696,0,0
737,203,0,0.0,0.3333,0.3333,0.2424,0,0,0.2379,0,0,0.0,0,0,0.2231,0,0,0.234,0,1,0.425,0,0,0.3039,0,0,0.2367,0,0,0.0759,0,0,0.186,0,0,0.1631,0,0,0.182,0,0
738,203,0,0.0,1.0,1.0,0.4116,0,0,0.5106,1,1,0.3797,0,0,0.3704,0,0,0.3203,0,1,0.5281,1,1,0.3642,0,1,0.4218,0,1,0.01,0,0,0.1657,0,0,0.165,0,0,0.1671,0,0
1187,361,0,0.0,1.0,1.0,0.1009,0,0,0.1499,0,0,0.4774,0,0,0.2769,0,0,0.3223,0,0,0.4108,0,0,0.3399,0,0,0.3883,0,0,0.294,0,0,0.0866,0,0,0.1128,0,0,0.1577,0,0
1188,361,0,0.0,1.0,1.0,0.2772,0,0,0.2243,0,0,0.4774,0,0,0.3185,0,0,0.3503,0,0,0.4043,0,0,0.4097,0,0,0.4159,0,0,0.2101,0,0,0.131,0,0,0.1281,0,0,0.1974,0,0
2069,720,1,0.2222,0.0,0.2222,0.5776,1,1,0.6328,1,1,0.9056,1,1,0.5691,1,1,0.5548,1,1,0.6151,1,1,0.5727,1,1,0.5487,1,1,0.5972,1,0,0.2576,0,0,0.2802,0,0,0.3078,0,0
116,33,1,0.5,0.0,0.5,0.5192,1,0,0.4653,0,0,0.4613,0,0,0.4597,0,0,0.3692,0,0,0.3282,0,0,0.4776,0,0,0.4036,0,0,0.5249,1,0,0.2163,0,0,0.2081,0,0,0.1684,0,0
117,33,0,-0.0121,0.1333,0.1212,0.3154,0,0,0.3398,0,0,0.0,0,0,0.2654,0,0,0.2605,0,0,0.3124,0,0,0.3094,0,0,0.2913,0,0,0.4136,0,0,0.1597,0,0,0.1048,0,0,0.1173,0,0
118,33,0,0.0,0.0,0.0,0.0695,0,0,0.1201,0,0,0.4774,0,0,0.3003,0,0,0.3306,0,0,0.316,0,0,0.3299,0,0,0.3457,0,0,0.4574,0,0,0.0789,0,0,0.1171,0,0,0.1605,0,0
1670,538,0,0.0,0.0,0.0,0.4379,0,0,0.4757,0,0,0.1295,0,0,0.5046,1,1,0.4345,0,1,0.4735,0,1,0.536,1,0,0.4697,0,0,0.1721,0,0,0.1918,0,0,0.2202,0,0,0.1906,0,0
1377,423,1,0.1956,0.2286,0.4242,0.5773,1,1,0.6114,1,0,0.1295,0,0,0.6622,1,1,0.5795,1,1,0.5637,1,1,0.6288,1,1,0.6001,1,1,0.6841,1,1,0.2305,0,0,0.2506,0,0,0.2227,0,0
1378,423,0,0.0,0.0,0.0,0.2065,0,0,0.2883,0,0,0.6592,1,0,0.3746,0,0,0.3769,0,1,0.4916,0,1,0.4621,0,0,0.4768,0,0,0.0024,0,0,0.1486,0,0,0.1681,0,0,0.1952,0,0
1379,423,0,-0.0769,0.0769,0.0,0.4682,0,0,0.5089,1,0,0.1295,0,0,0.5553,1,1,0.5125,1,1,0.5566,1,1,0.536,1,0,0.5448,1,0,0.428,0,1,0.2109,0,0,0.2328,0,0,0.2343,0,0
1632,520,1,0.2222,0.0,0.2222,0.3918,0,0,0.3812,0,0,0.3075,0,0,0.4661,0,0,0.4125,0,0,0.4433,0,1,0.3998,0,0,0.4769,0,1,0.005,0,0,0.1739,0,0,0.173,0,0,0.1932,0,0
1504,470,0,0.0,0.0,0.0,0.6099,1,1,0.5926,1,0,0.4613,0,0,0.5741,1,1,0.411,0,0,0.4896,0,0,0.5037,1,1,0.4895,0,1,0.6156,1,0,0.248,0,0,0.2705,0,0,0.223,0,0
1505,470,0,0.0,0.0,0.0,0.3489,0,0,0.3006,0,0,0.0,0,0,0.4253,0,0,0.2511,0,0,0.3208,0,0,0.3522,0,0,0.3394,0,0,0.2696,0,0,0.1508,0,0,0.1538,0,0,0.14,0,0
1807,594,0,0.0,0.1818,0.1818,0.1066,0,0,0.2471,0,0,0.0,0,0,0.1754,0,0,0.1985,0,0,0.3835,0,1,0.2163,0,0,0.2129,0,0,0.0,0,0,0.1312,0,0,0.1489,0,0,0.182,0,0
2190,790,0,0.0,0.4615,0.4615,0.7799,1,1,0.7535,1,1,0.4362,0,0,0.7016,1,1,0.71,1,1,0.6713,1,1,0.6428,1,1,0.6857,1,1,0.554,1,1,0.2559,0,0,0.2668,0,0,0.2244,0,0
877,252,1,0.4211,0.0,0.4211,0.6486,1,1,0.6719,1,1,0.4306,0,0,0.6373,1,1,0.5889,1,1,0.5784,1,1,0.6165,1,1,0.5709,1,1,0.9542,1,1,0.1907,0,0,0.1975,0,0,0.1588,0,0
878,252,0,0.0,0.0,0.0,0.5457,1,1,0.576,1,1,0.4306,0,0,0.5429,1,0,0.4568,0,1,0.4794,0,0,0.5381,1,1,0.4808,0,1,0.5863,1,0,0.1877,0,0,0.218,0,0,0.2152,0,1
879,252,0,0.0,0.2581,0.2581,0.6706,1,1,0.602,1,1,0.4306,0,0,0.7286,1,1,0.7334,1,1,0.6521,1,1,0.6935,1,1,0.5925,1,1,0.958,1,1,0.2261,0,0,0.2332,0,0,0.1887,0,0
880,252,0,0.0,1.0,1.0,0.481,0,0,0.5009,1,1,0.0,0,0,0.4148,0,0,0.3698,0,1,0.4959,0,0,0.4475,0,1,0.3586,0,1,0.564,1,0,0.1865,0,0,0.182,0,0,0.1883,0,0
2239,821,0,0.0,1.0,1.0,0.3788,0,0,0.4638,0,0,0.0,0,0,0.2939,0,0,0.4443,0,0,0.3484,0,0,0.4097,0,0,0.4279,0,0,0.1174,0,0,0.1691,0,0,0.1343,0,0,0.1491,0,0
2240,821,0,0.0,1.0,1.0,0.2712,0,0,0.2594,0,0,0.4774,0,0,0.2577,0,0,0.2576,0,0,0.3344,0,0,0.3399,0,0,0.3795,0,0,0.1744,0,0,0.1371,0,0,0.1047,0,0,0.1272,0,0
2293,867,0,-0.0333,0.5333,0.5,0.3757,0,0,0.3475,0,0,0.0,0,0,0.2709,0,0,0.2675,0,0,0.2669,0,0,0.1832,0,0,0.2807,0,0,0.0133,0,0,0.1741,0,0,0.1463,0,0,0.1738,0,0
1282,394,1,0.7035,0.1765,0.88,0.5229,1,1,0.5621,1,1,0.2667,0,0,0.4559,0,0,0.3807,0,0,0.4579,0,0,0.2625,0,0,0.4156,0,0,0.2395,0,0,0.2062,0,0,0.2129,0,0,0.1969,0,0
1283,394,0,0.0,0.0,0.0,0.6063,1,1,0.5982,1,1,0.2667,0,0,0.4207,0,0,0.3439,0,0,0.4315,0,0,0.2171,0,0,0.382,0,0,0.2451,0,0,0.2299,0,0,0.2069,0,0,0.1913,0,0
1926,643,0,0.0,0.5,0.5,0.1934,0,0,0.2134,0,0,0.0,0,0,0.3923,0,0,0.329,0,0,0.4222,0,1,0.3272,0,0,0.2971,0,0,0.0048,0,0,0.1569,0,0,0.1721,0,0,0.1787,0,0
1132,340,1,0.25,0.0,0.25,0.4837,0,0,0.4556,0,0,0.0,0,0,0.3379,0,0,0.2512,0,0,0.2478,0,0,0.1625,0,0,0.2791,0,0,0.0456,0,0,0.1756,0,0,0.1902,0,0,0.1866,0,0
1133,340,0,0.0,0.0,0.0,0.4871,0,0,0.4464,0,0,0.3075,0,0,0.5042,1,1,0.4779,0,1,0.4387,0,1,0.3978,0,0,0.4748,0,1,0.0005,0,0,0.1728,0,0,0.2356,0,0,0.2283,0,0
1134,340,0,0.0,1.0,1.0,0.6543,1,1,0.6613,1,1,0.6895,1,1,0.5991,1,1,0.6092,1,1,0.6292,1,1,0.7423,1,1,0.6809,1,1,0.9125,1,1,0.2142,0,0,0.2462,0,0,0.1887,0,0
1135,340,0,0.0,0.0,0.0,0.6383,1,0,0.6435,1,1,0.6895,1,1,0.5513,1,1,0.5832,1,1,0.5899,1,1,0.5469,1,1,0.6809,1,1,0.9833,1,1,0.2195,0,0,0.2132,0,0,0.1607,0,0
2196,794,0,0.0,1.0,1.0,0.3472,0,0,0.3847,0,0,0.6667,1,1,0.5493,1,0,0.4924,0,0,0.5943,1,1,0.6358,1,1,0.3964,0,0,0.2597,0,0,0.1899,0,0,0.2293,0,0,0.2317,0,0
1400,431,0,0.0,0.0,0.0,0.7361,1,1,0.6144,1,1,0.8043,1,1,0.6167,1,1,0.6093,1,1,0.4825,0,0,0.5777,1,1,0.5943,1,1,0.8075,1,1,0.2636,0,0,0.3196,0,0,0.37,0,0
1401,431,0,0.0,0.1176,0.1176,0.7864,1,1,0.6305,1,1,0.9056,1,1,0.6425,1,1,0.7299,1,1,0.6255,1,1,0.6757,1,1,0.7014,1,1,0.8739,1,1,0.3143,0,0,0.3257,0,0,0.378,0,0
1402,431,0,0.0,0.16,0.16,0.6748,1,1,0.4849,0,0,0.4613,0,0,0.5183,1,1,0.5825,1,1,0.4485,0,0,0.5634,1,1,0.5857,1,1,0.602,1,0,0.2424,0,0,0.2388,0,0,0.2555,0,0
1403,431,1,0.1818,0.6364,0.8182,0.6873,1,1,0.4712,0,0,0.4613,0,0,0.5159,1,1,0.5129,1,1,0.3484,0,0,0.5634,1,1,0.5857,1,1,0.5794,1,0,0.2457,0,0,0.2256,0,0,0.2276,0,0
2158,772,1,0.8889,0.0,0.8889,0.5184,1,0,0.5029,1,0,0.3075,0,0,0.4469,0,0,0.4253,0,0,0.3932,0,0,0.353,0,0,0.4664,0,1,0.0359,0,0,0.1795,0,0,0.183,0,0,0.1848,0,0
2159,772,0,0.0,0.0,0.0,0.3995,0,0,0.3991,0,0,0.0,0,0,0.2255,0,0,0.2579,0,0,0.3055,0,0,0.2159,0,0,0.3076,0,1,0.2482,0,0,0.1866,0,0,0.1195,0,0,0.1277,0,0
2160,772,0,-0.0549,0.7692,0.7143,0.4999,0,0,0.5048,1,0,0.3075,0,0,0.4093,0,0,0.3835,0,0,0.3965,0,0,0.3998,0,0,0.4769,0,1,0.0894,0,0,0.1858,0,0,0.178,0,0,0.1836,0,0
2161,772,0,0.005,0.1379,0.1429,0.6117,1,0,0.602,1,1,0.72,1,1,0.6805,1,1,0.6564,1,1,0.6293,1,1,0.6309,1,1,0.6392,1,1,0.1708,0,0,0.1887,0,0,0.201,0,0,0.2012,0,0
1213,372,0,0.0,1.0,1.0,0.3605,0,0,0.337,0,0,0.0,0,0,0.3989,0,0,0.3604,0,0,0.3877,0,0,0.2512,0,0,0.2526,0,0,0.4307,0,1,0.1914,0,0,0.2035,0,0,0.1915,0,0
1214,372,0,0.0,0.0,0.0,0.3479,0,0,0.3037,0,0,0.2857,0,0,0.31,0,0,0.1897,0,0,0.2613,0,0,0.1422,0,0,0.1887,0,0,0.1334,0,0,0.1836,0,0,0.1659,0,0,0.1613,0,0
1215,372,0,0.0,0.2963,0.2963,0.3818,0,0,0.403,0,0,0.6667,1,1,0.5949,1,0,0.5777,1,0,0.5507,1,1,0.5551,1,0,0.5535,1,0,0.3629,0,1,0.1897,0,0,0.2336,0,0,0.2275,0,0
2023,692,1,0.2344,0.381,0.6154,0.46,0,0,0.4878,0,0,0.4615,0,0,0.5041,1,0,0.5347,1,1,0.5434,1,1,0.5804,1,1,0.6026,1,1,0.1491,0,0,0.1848,0,0,0.1947,0,0,0.2049,0,1
1964,665,0,0.0,1.0,1.0,0.4959,0,0,0.4292,0,0,0.4613,0,0,0.528,1,1,0.4076,0,0,0.5362,1,1,0.3894,0,0,0.3809,0,0,0.5142,1,0,0.1896,0,0,0.2192,0,0,0.1603,0,0
1965,665,0,0.0,1.0,1.0,0.4877,0,0,0.4,0,0,0.4613,0,0,0.4819,0,0,0.3994,0,0,0.4276,0,0,0.5352,1,1,0.5267,1,1,0.4147,0,0,0.1873,0,0,0.1952,0,0,0.173,0,0
545,150,0,-0.0867,0.1667,0.08,0.7872,1,1,0.7741,1,1,0.9362,1,1,0.8048,1,1,0.7558,1,1,0.6278,1,1,0.6884,1,1,0.7638,1,1,0.8776,1,1,0.2716,0,0,0.3358,0,0,0.3256,0,0
546,150,0,0.0,0.0,0.0,0.4807,0,1,0.4529,0,0,0.5,1,1,0.408,0,0,0.4463,0,0,0.4029,0,0,0.4378,0,0,0.4173,0,0,0.4074,0,1,0.2242,0,0,0.1976,0,0,0.1968,0,0
547,150,0,0.0,0.0,0.0,0.5024,1,1,0.4482,0,0,0.8,1,1,0.6103,1,1,0.6236,1,1,0.539,1,0,0.6753,1,1,0.6129,1,0,0.4761,0,1,0.2167,0,0,0.2795,0,0,0.28,0,0
548,150,0,0.0,0.75,0.75,0.6519,1,1,0.6222,1,1,0.9362,1,1,0.8289,1,1,0.8008,1,1,0.6991,1,1,0.8382,1,1,0.7881,1,1,0.9112,1,1,0.2375,0,0,0.3677,0,0,0.3402,0,0
549,150,0,0.0,0.6667,0.6667,0.2988,0,0,0.313,0,0,0.0,0,0,0.302,0,0,0.2368,0,0,0.2868,0,0,0.3828,0,0,0.2606,0,0,0.4082,0,1,0.1845,0,0,0.1622,0,0,0.1589,0,0
550,150,0,0.0,1.0,1.0,0.5042,1,1,0.4712,0,0,0.0,0,0,0.3782,0,0,0.4067,0,0,0.3307,0,0,0.3032,0,0,0.3364,0,0,0.4426,0,1,0.2189,0,0,0.1898,0,0,0.1892,0,0
551,150,1,0.0526,0.0,0.0526,0.5815,1,1,0.601,1,1,0.2667,0,0,0.5157,1,0,0.4193,0,0,0.4232,0,0,0.2933,0,0,0.4299,0,0,0.4646,0,1,0.2217,0,0,0.2008,0,0,0.1949,0,0
1704,549,0,0.0,0.0,0.0,0.3157,0,0,0.2606,0,0,0.0,0,0,0.3041,0,0,0.2098,0,0,0.322,0,0,0.3364,0,0,0.2398,0,0,0.1078,0,0,0.1784,0,0,0.1564,0,0,0.1897,0,0
1705,549,0,0.0,1.0,1.0,0.2583,0,0,0.2021,0,0,0.0,0,0,0.3712,0,0,0.2832,0,0,0.2816,0,0,0.3822,0,0,0.2747,0,0,0.14,0,0,0.1822,0,0,0.1959,0,0,0.2084,0,0
125,36,0,0.0,0.5306,0.5306,0.4019,0,0,0.4327,0,0,0.313,0,0,0.2986,0,0,0.2507,0,0,0.2526,0,0,0.2577,0,0,0.2074,0,0,0.0014,0,0,0.1905,0,0,0.1101,0,0,0.1301,0,0
126,36,1,0.1838,0.16,0.3438,0.6696,1,1,0.6814,1,1,0.0,0,0,0.6643,1,1,0.6006,1,1,0.6487,1,1,0.366,0,0,0.5173,1,1,0.0798,0,0,0.2168,0,0,0.2136,0,0,0.213,0,0
127,36,1,0.3571,0.5,0.8571,0.5124,1,0,0.5354,1,0,0.6105,1,1,0.3618,0,0,0.3818,0,0,0.4366,0,1,0.3954,0,0,0.3731,0,1,0.0084,0,0,0.1911,0,0,0.1557,0,0,0.1773,0,0
1757,572,0,0.0,1.0,1.0,0.3841,0,0,0.4937,0,0,0.2667,0,0,0.3907,0,0,0.3573,0,0,0.4982,0,0,0.266,0,0,0.2631,0,0,0.0269,0,0,0.1949,0,0,0.176,0,0,0.1825,0,0
1000,293,0,0.0,1.0,1.0,0.5131,1,0,0.6084,1,0,0.1295,0,0,0.5484,1,1,0.4916,0,1,0.5401,1,1,0.536,1,0,0.5448,1,0,0.1392,0,0,0.2035,0,0,0.2288,0,0,0.2079,0,0
1001,293,1,0.4571,0.1429,0.6,0.5851,1,1,0.575,1,0,0.7946,1,1,0.6185,1,1,0.6208,1,1,0.6422,1,1,0.6288,1,1,0.6001,1,1,0.8325,1,1,0.2252,0,0,0.2481,0,0,0.2269,0,0
1002,293,1,0.0105,0.2,0.2105,0.7412,1,1,0.8048,1,1,0.4362,0,0,0.6762,1,1,0.6596,1,1,0.7394,1,1,0.6875,1,1,0.6807,1,1,0.8841,1,1,0.2306,0,0,0.2601,0,0,0.2257,0,0
1003,293,0,0.0,0.0,0.0,0.4854,0,0,0.5986,1,0,0.1295,0,0,0.4646,0,1,0.3561,0,1,0.5555,1,1,0.5385,1,0,0.4836,0,0,0.0279,0,0,0.1862,0,0,0.2074,0,0,0.2,0,0
1917,640,0,0.0,0.0,0.0,0.5646,1,1,0.5545,1,1,0.7407,1,1,0.4841,0,0,0.3483,0,1,0.4976,0,0,0.5246,1,1,0.3713,0,1,0.4044,0,0,0.1979,0,0,0.1943,0,0,0.1838,0,0
1918,640,0,0.0,0.0,0.0,0.5534,1,1,0.5713,1,1,0.4306,0,0,0.5435,1,0,0.4835,0,1,0.4794,0,0,0.5441,1,1,0.5939,1,1,0.3214,0,0,0.1922,0,0,0.2129,0,0,0.2195,0,1
1919,640,1,0.0444,0.4,0.4444,0.6186,1,1,0.6044,1,1,0.8744,1,1,0.6779,1,1,0.7226,1,1,0.6137,1,1,0.6507,1,1,0.689,1,1,0.6754,1,0,0.204,0,0,0.2091,0,0,0.1877,0,0
1920,640,0,0.0,1.0,1.0,0.6261,1,1,0.6694,1,1,0.7407,1,1,0.6326,1,1,0.6601,1,1,0.6536,1,1,0.5975,1,1,0.6875,1,1,0.5118,1,0,0.1856,0,0,0.204,0,0,0.1936,0,0
418,110,0,0.0,0.0,0.0,0.3072,0,0,0.367,0,0,0.0,0,0,0.3289,0,0,0.2762,0,0,0.5229,1,1,0.3122,0,0,0.2451,0,0,0.3071,0,0,0.1445,0,0,0.127,0,0,0.1401,0,0
419,110,0,-0.3391,0.6,0.2609,0.194,0,0,0.2505,0,0,0.6379,1,1,0.2665,0,0,0.348,0,0,0.3344,0,0,0.3399,0,0,0.3795,0,0,0.3809,0,0,0.1191,0,0,0.1036,0,0,0.1257,0,0
420,110,0,-0.0504,0.1754,0.125,0.4414,0,0,0.6292,1,1,0.0,0,0,0.3796,0,0,0.3211,0,0,0.6255,1,1,0.3749,0,0,0.2746,0,0,0.1313,0,0,0.215,0,0,0.1662,0,0,0.14,0,0
421,110,0,0.0,0.16,0.16,0.4897,0,0,0.3961,0,0,0.4613,0,0,0.4657,0,0,0.3982,0,0,0.3646,0,0,0.4752,0,0,0.5067,1,1,0.4956,0,0,0.193,0,0,0.1895,0,0,0.1756,0,0
422,110,1,0.1,0.4,0.5,0.3943,0,0,0.4038,0,0,0.4613,0,0,0.422,0,0,0.3286,0,0,0.4276,0,0,0.3894,0,0,0.3534,0,0,0.4418,0,0,0.1607,0,0,0.1747,0,0,0.1529,0,0
1984,676,1,0.7468,0.1818,0.9286,0.5231,1,1,0.5117,1,0,0.2857,0,0,0.4006,0,0,0.3648,0,0,0.4584,0,0,0.382,0,0,0.4255,0,0,0.4974,0,1,0.2102,0,0,0.2063,0,0,0.2044,0,0
1028,304,0,-1.0,1.0,0.0,0.5443,1,1,0.4949,0,0,0.4306,0,0,0.4842,0,0,0.3632,0,1,0.4883,0,0,0.6119,1,1,0.4498,0,1,0.6896,1,0,0.2103,0,0,0.1849,0,0,0.1643,0,0
1029,304,0,0.0,0.0,0.0,0.4649,0,0,0.414,0,0,0.0,0,0,0.344,0,0,0.3395,0,1,0.2599,0,0,0.2599,0,0,0.1964,0,0,0.1655,0,0,0.2059,0,0,0.1889,0,0,0.1998,0,0
1030,304,0,-0.4,0.4,0.0,0.4984,0,0,0.4916,0,0,0.4306,0,0,0.4689,0,0,0.3426,0,1,0.4959,0,0,0.5504,1,1,0.473,0,1,0.9339,1,1,0.1953,0,0,0.1922,0,0,0.1848,0,0
1419,438,0,0.0,0.3636,0.3636,0.4789,0,0,0.495,0,0,0.0,0,0,0.4827,0,0,0.2851,0,1,0.45,0,0,0.3037,0,0,0.2,0,0,0.1842,0,0,0.1913,0,0,0.2267,0,0,0.2102,0,1
1420,438,1,0.875,0.0,0.875,0.3227,0,0,0.3727,0,0,0.0,0,0,0.243,0,0,0.2378,0,1,0.243,0,0,0.2579,0,0,0.1335,0,0,0.0103,0,0,0.1774,0,0,0.1659,0,0,0.1984,0,0
1493,467,1,0.9091,0.0,0.9091,0.1468,0,0,0.2772,0,0,0.0,0,0,0.1979,0,0,0.196,0,0,0.4073,0,1,0.1941,0,0,0.1808,0,0,0.0,0,0,0.1454,0,0,0.1524,0,0,0.1831,0,0
1494,467,0,-1.0,1.0,0.0,0.0999,0,0,0.1946,0,0,0.0,0,0,0.1812,0,0,0.2061,0,0,0.3493,0,0,0.2163,0,0,0.2129,0,0,0.0,0,0,0.1321,0,0,0.1445,0,0,0.1814,0,0
1495,467,0,0.0,1.0,1.0,0.193,0,0,0.3188,0,0,0.4916,0,0,0.3116,0,0,0.3002,0,0,0.355,0,1,0.2628,0,0,0.2629,0,0,0.0,0,0,0.1563,0,0,0.1808,0,0,0.2068,0,0
1496,467,0,0.0,1.0,1.0,0.1372,0,0,0.2635,0,0,0.0,0,0,0.2041,0,0,0.196,0,0,0.3835,0,1,0.2099,0,0,0.1808,0,0,0.0,0,0,0.1416,0,0,0.1497,0,0,0.1833,0,0
1497,467,0,0.0,0.5,0.5,0.1359,0,0,0.2632,0,0,0.0,0,0,0.2041,0,0,0.196,0,0,0.3835,0,1,0.2099,0,0,0.1808,0,0,0.0,0,0,0.1403,0,0,0.1497,0,0,0.1833,0,0
1828,604,0,0.0,0.0,0.0,0.1919,0,0,0.2056,0,0,0.313,0,0,0.2967,0,0,0.25,0,0,0.2291,0,0,0.2254,0,0,0.1751,0,0,0.6248,1,0,0.1638,0,0,0.1364,0,0,0.1527,0,0
1829,604,0,0.0,0.0,0.0,0.2688,0,0,0.2924,0,0,0.313,0,0,0.281,0,0,0.3138,0,0,0.3291,0,0,0.3185,0,0,0.3161,0,1,0.0036,0,0,0.1724,0,0,0.1444,0,0,0.1561,0,0
1830,604,0,0.0,0.5714,0.5714,0.4291,0,0,0.4341,0,0,0.313,0,0,0.4047,0,0,0.3658,0,0,0.3425,0,0,0.4385,0,0,0.4026,0,1,0.183,0,0,0.1847,0,0,0.1713,0,0,0.1898,0,0
90,24,0,0.0,0.0,0.0,0.3995,0,0,0.4338,0,0,0.6592,1,0,0.4355,0,1,0.402,0,1,0.562,1,1,0.4961,0,0,0.5334,1,0,0.2984,0,0,0.1748,0,0,0.1871,0,0,0.1946,0,0
91,24,0,0.0,0.0,0.0,0.5015,1,0,0.5231,1,0,0.6592,1,0,0.5387,1,1,0.5252,1,1,0.5344,1,1,0.536,1,0,0.5448,1,0,0.7623,1,1,0.1956,0,0,0.2101,0,0,0.1869,0,0
92,24,0,0.0,0.6667,0.6667,0.5125,1,0,0.4703,0,0,0.6592,1,0,0.4956,0,1,0.4729,0,1,0.5038,1,1,0.5286,1,0,0.3724,0,0,0.0601,0,0,0.2127,0,0,0.2223,0,0,0.2391,0,0
93,24,0,0.0,0.0,0.0,0.3517,0,0,0.4243,0,0,0.0,0,0,0.3344,0,0,0.1988,0,0,0.1731,0,0,0.3112,0,0,0.2981,0,0,0.0161,0,0,0.1816,0,0,0.1692,0,0,0.1896,0,0
94,24,0,0.0,0.0,0.0,0.5777,1,1,0.6114,1,0,0.4362,0,0,0.4914,0,1,0.4327,0,1,0.7167,1,1,0.5575,1,0,0.3608,0,0,0.051,0,0,0.2022,0,0,0.2062,0,0,0.188,0,0
95,24,0,0.0,0.0,0.0,0.5991,1,1,0.5562,1,0,0.1295,0,0,0.6,1,1,0.5624,1,1,0.5633,1,1,0.536,1,0,0.5585,1,1,0.542,1,1,0.2446,0,0,0.2418,0,0,0.2199,0,0
636,175,0,0.0,0.6667,0.6667,0.4069,0,1,0.4362,0,0,0.0,0,0,0.2274,0,0,0.158,0,0,0.2164,0,0,0.2566,0,0,0.2038,0,0,0.213,0,0,0.1952,0,0,0.1377,0,0,0.1574,0,0
637,175,0,0.0,1.0,1.0,0.5084,1,1,0.5519,1,1,0.0,0,0,0.3132,0,0,0.2405,0,0,0.4155,0,0,0.2637,0,0,0.3463,0,0,0.54,1,1,0.2088,0,0,0.1601,0,0,0.1605,0,0
638,175,0,0.0,0.0,0.0,0.6649,1,1,0.6764,1,1,0.9362,1,1,0.8229,1,1,0.7752,1,1,0.6638,1,1,0.8382,1,1,0.7638,1,1,0.9256,1,1,0.2359,0,0,0.3422,0,0,0.3286,0,0
639,175,0,0.0,0.3333,0.3333,0.4101,0,1,0.4511,0,0,0.2667,0,0,0.467,0,0,0.5106,1,0,0.539,1,0,0.5485,1,0,0.5282,1,0,0.5119,1,1,0.2001,0,0,0.2142,0,0,0.2201,0,0
897,259,1,0.6316,0.0,0.6316,0.6359,1,1,0.6283,1,0,0.8934,1,1,0.7029,1,1,0.705,1,1,0.701,1,1,0.6428,1,1,0.6857,1,1,0.8067,1,1,0.2498,0,0,0.268,0,0,0.2387,0,0
1909,637,1,0.1379,0.0,0.1379,0.4155,0,1,0.4128,0,0,0.2857,0,0,0.2409,0,0,0.1886,0,0,0.2474,0,0,0.1694,0,0,0.2384,0,0,0.2923,0,0,0.1952,0,0,0.156,0,0,0.1509,0,0
1910,637,0,-0.1395,0.1395,0.0,0.3189,0,0,0.3028,0,0,0.3077,0,0,0.3775,0,0,0.4721,0,0,0.4572,0,0,0.2726,0,0,0.4535,0,0,0.0523,0,0,0.204,0,0,0.1677,0,0,0.1956,0,0
1911,637,0,0.0,0.0,0.0,0.4126,0,1,0.3522,0,0,0.3077,0,0,0.3414,0,0,0.3806,0,0,0.3633,0,0,0.3771,0,0,0.2661,0,0,0.1039,0,0,0.2081,0,0,0.1617,0,0,0.1885,0,0
2014,687,0,0.0,0.0,0.0,0.1713,0,0,0.2049,0,0,0.3077,0,0,0.3018,0,0,0.3181,0,0,0.4223,0,0,0.1217,0,0,0.2007,0,0,0.066,0,0,0.1566,0,0,0.1412,0,0,0.163,0,0
2015,687,0,0.0,0.0,0.0,0.1706,0,0,0.2167,0,0,0.3077,0,0,0.3487,0,0,0.3819,0,0,0.4223,0,0,0.1381,0,0,0.2007,0,0,0.0418,0,0,0.1592,0,0,0.1437,0,0,0.1691,0,0
818,234,0,-0.4011,0.6364,0.2353,0.7281,1,1,0.7561,1,1,0.9362,1,1,0.6715,1,1,0.6003,1,1,0.6163,1,1,0.5776,1,0,0.7108,1,1,0.7074,1,1,0.2424,0,0,0.2745,0,0,0.2648,0,0
819,234,1,0.0635,0.2222,0.2857,0.7359,1,1,0.7119,1,1,0.9362,1,1,0.7157,1,1,0.6092,1,1,0.6539,1,1,0.7915,1,1,0.7108,1,1,0.717,1,1,0.2587,0,0,0.2991,0,0,0.2614,0,0
1958,660,0,0.0,1.0,1.0,0.3393,0,0,0.3902,0,0,0.6592,1,0,0.4234,0,1,0.3963,0,1,0.4383,0,1,0.4961,0,0,0.5277,1,0,0.8915,1,1,0.15,0,0,0.1763,0,0,0.1781,0,0
964,282,1,0.1545,0.0455,0.2,0.7644,1,1,0.7165,1,1,0.5,1,1,0.5679,1,0,0.4821,0,0,0.4305,0,0,0.4279,0,0,0.5,0,0,0.4409,0,1,0.2593,0,0,0.2426,0,0,0.2172,0,0
965,282,0,0.0,0.5,0.5,0.3059,0,0,0.325,0,0,0.2105,0,0,0.3013,0,0,0.2432,0,0,0.2868,0,0,0.2686,0,0,0.3287,0,0,0.482,0,1,0.1868,0,0,0.1602,0,0,0.1505,0,0
966,282,0,0.0,0.0,0.0,0.4513,0,1,0.491,0,0,0.2667,0,0,0.3938,0,0,0.3583,0,0,0.4559,0,0,0.2314,0,0,0.4593,0,0,0.3087,0,0,0.202,0,0,0.1926,0,0,0.1835,0,0
1107,332,0,0.0,1.0,1.0,0.4784,0,0,0.4212,0,0,0.4613,0,0,0.4477,0,0,0.3904,0,0,0.2452,0,0,0.4752,0,0,0.432,0,0,0.4332,0,0,0.1905,0,0,0.1843,0,0,0.1685,0,0
1108,332,0,0.0,0.3333,0.3333,0.6274,1,1,0.6072,1,1,0.9056,1,1,0.5735,1,1,0.4929,0,0,0.5367,1,1,0.47,0,0,0.4783,0,1,0.7297,1,1,0.2672,0,0,0.2593,0,0,0.2612,0,0
1109,332,0,0.0,0.0,0.0,0.2863,0,0,0.4041,0,0,0.6379,1,1,0.2399,0,0,0.3191,0,0,0.2452,0,0,0.3399,0,0,0.3117,0,0,0.1998,0,0,0.1557,0,0,0.0954,0,0,0.1088,0,0
1110,332,1,1.0,0.0,1.0,0.2984,0,0,0.3595,0,0,0.0,0,0,0.2966,0,0,0.2435,0,0,0.5196,1,1,0.2751,0,0,0.2451,0,0,0.2395,0,0,0.1452,0,0,0.1185,0,0,0.116,0,0
1264,388,0,0.0,1.0,1.0,0.3489,0,0,0.3796,0,0,0.0,0,0,0.2578,0,0,0.1813,0,0,0.3861,0,0,0.32,0,0,0.3151,0,0,0.0201,0,0,0.1821,0,0,0.1623,0,0,0.1952,0,0
1265,388,0,0.0,0.5714,0.5714,0.4712,0,0,0.4706,0,0,0.0,0,0,0.3321,0,0,0.3521,0,1,0.4787,0,0,0.3119,0,0,0.2091,0,0,0.0004,0,0,0.1951,0,0,0.1803,0,0,0.2061,0,1
1266,388,1,0.1778,0.2222,0.4,0.4028,0,0,0.4303,0,0,0.0,0,0,0.3014,0,0,0.3206,0,1,0.4937,0,0,0.3975,0,1,0.2844,0,0,0.0,0,0,0.1844,0,0,0.1685,0,0,0.1851,0,0
1267,388,0,0.0,1.0,1.0,0.4101,0,0,0.4197,0,0,0.0,0,0,0.2924,0,0,0.2434,0,1,0.4937,0,0,0.3053,0,0,0.1822,0,0,0.0,0,0,0.193,0,0,0.1609,0,0,0.1812,0,0
1364,419,0,0.0,0.8852,0.8852,0.3526,0,0,0.4394,0,0,0.1295,0,0,0.5371,1,1,0.4547,0,1,0.562,1,1,0.536,1,0,0.5448,1,0,0.0041,0,0,0.1824,0,0,0.2181,0,0,0.2061,0,0
1365,419,1,1.0,0.0,1.0,0.1863,0,0,0.2383,0,0,0.0,0,0,0.2424,0,0,0.2344,0,0,0.3469,0,0,0.2163,0,0,0.2198,0,0,0.0022,0,0,0.1454,0,0,0.15,0,0,0.1808,0,0
1366,419,0,-0.3,0.3,0.0,0.5959,1,1,0.5363,1,0,0.1295,0,0,0.564,1,1,0.5231,1,1,0.5226,1,1,0.536,1,0,0.5641,1,1,0.2429,0,0,0.2369,0,0,0.2313,0,0,0.2089,0,0
1367,419,1,0.1491,0.1667,0.3158,0.4339,0,0,0.4582,0,0,0.1295,0,0,0.5543,1,1,0.4277,0,1,0.5686,1,1,0.536,1,0,0.5585,1,1,0.0565,0,0,0.2009,0,0,0.2233,0,0,0.2041,0,0
1065,317,0,0.0,0.4444,0.4444,0.5475,1,0,0.5917,1,0,0.6592,1,0,0.6674,1,1,0.6321,1,1,0.6351,1,1,0.6288,1,1,0.6001,1,1,0.623,1,1,0.2078,0,0,0.2444,0,0,0.2227,0,0
1066,317,0,0.0,0.125,0.125,0.2473,0,0,0.2695,0,0,0.4916,0,0,0.2563,0,0,0.3284,0,0,0.3314,0,0,0.3327,0,0,0.3498,0,0,0.0935,0,0,0.1571,0,0,0.1509,0,0,0.1804,0,0
1067,317,0,0.0,1.0,1.0,0.5616,1,1,0.5091,1,0,0.0,0,0,0.5094,1,1,0.3419,0,0,0.2589,0,0,0.5439,1,0,0.5019,1,0,0.7757,1,1,0.2432,0,0,0.2253,0,0,0.2283,0,0
1586,505,0,0.0,0.0,0.0,0.5305,1,1,0.5441,1,0,0.2667,0,0,0.4784,0,0,0.4438,0,0,0.5004,1,0,0.4033,0,0,0.4809,0,0,0.3238,0,0,0.2093,0,0,0.2072,0,0,0.2113,0,0
1587,505,0,0.0,0.0,0.0,0.5822,1,1,0.6705,1,1,0.6316,1,1,0.7394,1,1,0.7092,1,1,0.67,1,1,0.6271,1,1,0.666,1,1,0.7624,1,1,0.2141,0,0,0.2617,0,0,0.2541,0,0
171,49,1,0.4378,0.1579,0.5957,0.7107,1,1,0.7733,1,1,0.9362,1,1,0.722,1,1,0.6748,1,1,0.6231,1,1,0.7462,1,1,0.7638,1,1,0.7981,1,1,0.2277,0,0,0.2795,0,0,0.2918,0,0
172,49,0,0.0,1.0,1.0,0.4318,0,1,0.434,0,0,0.2667,0,0,0.5382,1,0,0.5338,1,0,0.5637,1,1,0.5047,1,0,0.5443,1,0,0.2529,0,0,0.1958,0,0,0.2561,0,0,0.2387,0,0
173,49,0,0.0,0.75,0.75,0.8035,1,1,0.7954,1,1,0.9362,1,1,0.7787,1,1,0.6905,1,1,0.6346,1,1,0.7655,1,1,0.7638,1,1,0.9406,1,1,0.2554,0,0,0.3049,0,0,0.3004,0,0
174,49,1,0.0833,0.0,0.0833,0.6925,1,1,0.6886,1,1,0.9362,1,1,0.8133,1,1,0.7367,1,1,0.6539,1,1,0.8139,1,1,0.7638,1,1,0.9602,1,1,0.2323,0,0,0.3278,0,0,0.29,0,0
340,92,0,0.0,0.0,0.0,0.7213,1,1,0.612,1,1,0.9056,1,1,0.6903,1,1,0.6917,1,1,0.5274,1,1,0.7186,1,1,0.7411,1,1,0.8137,1,1,0.2867,0,0,0.3827,0,0,0.3032,0,0
341,92,0,0.0,0.0,0.0,0.5113,1,0,0.5641,1,0,0.6463,1,1,0.4834,0,0,0.3481,0,0,0.4002,0,0,0.5053,1,1,0.394,0,0,0.6024,1,0,0.2388,0,0,0.197,0,0,0.2059,0,0
342,92,0,0.0,0.5,0.5,0.6684,1,1,0.5347,1,0,0.9056,1,1,0.5681,1,1,0.5202,1,1,0.5288,1,1,0.6282,1,1,0.6573,1,1,0.7313,1,1,0.2702,0,0,0.2533,0,0,0.2173,0,0
343,92,1,0.1444,0.1667,0.3111,0.502,1,0,0.5403,1,0,0.4613,0,0,0.5233,1,1,0.5231,1,1,0.5501,1,1,0.5801,1,1,0.5571,1,1,0.5369,1,0,0.2176,0,0,0.245,0,0,0.2143,0,0
344,92,0,0.0,1.0,1.0,0.2761,0,0,0.3664,0,0,0.4774,0,0,0.254,0,0,0.3057,0,0,0.4036,0,0,0.3399,0,0,0.4005,0,0,0.448,0,0,0.1567,0,0,0.1106,0,0,0.1518,0,0
345,92,0,0.0,0.0,0.0,0.4338,0,0,0.4557,0,0,0.4613,0,0,0.4398,0,0,0.3348,0,0,0.2765,0,0,0.4018,0,0,0.3403,0,0,0.3812,0,0,0.196,0,0,0.1813,0,0,0.1644,0,0
346,92,0,0.0,0.0,0.0,0.5462,1,0,0.484,0,0,0.4613,0,0,0.4646,0,0,0.4443,0,0,0.4485,0,0,0.4891,0,0,0.4895,0,1,0.5164,1,0,0.2213,0,0,0.2153,0,0,0.2189,0,0
347,92,0,0.0,0.0,0.0,0.3611,0,0,0.3871,0,0,0.0,0,0,0.2404,0,0,0.2163,0,0,0.3323,0,0,0.3094,0,0,0.3121,0,0,0.3784,0,0,0.1691,0,0,0.0989,0,0,0.1146,0,0
348,92,0,0.0,1.0,1.0,0.359,0,0,0.2663,0,0,0.0,0,0,0.4111,0,0,0.2664,0,0,0.3507,0,0,0.3522,0,0,0.3579,0,0,0.2126,0,0,0.1529,0,0,0.1526,0,0,0.133,0,0
1233,379,0,-0.1944,0.4444,0.25,0.3367,0,0,0.446,0,0,0.0,0,0,0.2252,0,0,0.1196,0,0,0.2347,0,0,0.2893,0,0,0.1263,0,0,0.0,0,0,0.1653,0,0,0.1621,0,0,0.1961,0,0
1234,379,0,-0.1667,0.5,0.3333,0.2224,0,0,0.2734,0,0,0.5172,1,0,0.2371,0,0,0.3247,0,1,0.2649,0,0,0.3942,0,1,0.3758,0,1,0.0003,0,0,0.175,0,0,0.1559,0,0,0.1659,0,0
1235,379,0,-0.1047,0.5333,0.4286,0.2619,0,0,0.3306,0,0,0.5882,1,0,0.4083,0,0,0.3745,0,1,0.4222,0,0,0.4278,0,1,0.5539,1,1,0.0006,0,0,0.1719,0,0,0.1547,0,0,0.1586,0,0
1313,404,0,0.0,0.8,0.8,0.4233,0,0,0.3684,0,0,0.7627,1,1,0.4771,0,0,0.4024,0,1,0.3882,0,0,0.5436,1,1,0.6097,1,1,0.0325,0,0,0.2066,0,0,0.2016,0,0,0.2098,0,1
1314,404,0,0.0,0.0,0.0,0.597,1,1,0.5766,1,1,0.7407,1,1,0.5359,1,0,0.5389,1,1,0.5154,1,1,0.5381,1,1,0.5802,1,1,0.2435,0,0,0.2025,0,0,0.1861,0,0,0.1783,0,0
1315,404,0,-0.0466,0.2609,0.2143,0.5636,1,1,0.5744,1,1,0.4306,0,0,0.5572,1,1,0.535,1,1,0.4961,0,0,0.5425,1,1,0.5638,1,1,0.0902,0,0,0.1889,0,0,0.2103,0,0,0.1968,0,0
1316,404,0,0.0,0.0645,0.0645,0.6076,1,1,0.5567,1,1,0.4306,0,0,0.5479,1,0,0.5577,1,1,0.4845,0,0,0.6058,1,1,0.5788,1,1,0.7273,1,1,0.2134,0,0,0.2164,0,0,0.2011,0,1
1317,404,0,-0.1796,0.3429,0.1633,0.4943,0,0,0.4986,0,0,0.8744,1,1,0.5356,1,0,0.5621,1,1,0.5367,1,1,0.5745,1,1,0.5843,1,1,0.6382,1,0,0.1903,0,0,0.2077,0,0,0.1766,0,0
1158,351,0,-0.6,1.0,0.4,0.6344,1,1,0.6062,1,1,0.9362,1,1,0.5889,1,0,0.7374,1,1,0.6696,1,1,0.6718,1,1,0.7953,1,1,0.8708,1,1,0.2352,0,0,0.297,0,0,0.2797,0,0
1159,351,0,0.0,1.0,1.0,0.4948,0,1,0.3905,0,0,0.3077,0,0,0.3229,0,0,0.3891,0,0,0.3783,0,0,0.3887,0,0,0.3164,0,0,0.2709,0,0,0.222,0,0,0.1841,0,0,0.1997,0,0
1160,351,0,0.0,0.0,0.0,0.492,0,1,0.3759,0,0,0.6316,1,1,0.3403,0,0,0.3374,0,0,0.3316,0,0,0.3391,0,0,0.3785,0,0,0.3717,0,1,0.2242,0,0,0.1764,0,0,0.1848,0,0
1161,351,0,0.0,0.75,0.75,0.4623,0,1,0.4042,0,0,0.6316,1,1,0.3285,0,0,0.3734,0,0,0.3552,0,0,0.3906,0,0,0.3785,0,0,0.3455,0,0,0.2113,0,0,0.1818,0,0,0.1829,0,0
1004,294,0,-0.0127,0.4571,0.4444,0.1207,0,0,0.1434,0,0,0.313,0,0,0.3039,0,0,0.2701,0,0,0.2337,0,0,0.3568,0,0,0.2037,0,0,0.779,1,1,0.157,0,0,0.1277,0,0,0.1425,0,0
1005,294,1,0.0833,0.6667,0.75,0.1364,0,0,0.1531,0,0,0.313,0,0,0.3558,0,0,0.278,0,0,0.2291,0,0,0.2496,0,0,0.1876,0,0,0.4485,0,0,0.1572,0,0,0.1427,0,0,0.1475,0,0
2202,799,0,0.0,1.0,1.0,0.137,0,0,0.1319,0,0,0.313,0,0,0.2584,0,0,0.2753,0,0,0.2842,0,0,0.2588,0,0,0.2074,0,0,0.0033,0,0,0.1595,0,0,0.1432,0,0,0.1701,0,0
1763,575,0,0.0,0.0,0.0,0.3484,0,0,0.4368,0,0,0.0,0,0,0.233,0,0,0.1523,0,0,0.2347,0,0,0.2271,0,0,0.1825,0,0,0.0008,0,0,0.1669,0,0,0.1509,0,0,0.1811,0,0
2191,791,0,0.0,0.3636,0.3636,0.4785,0,0,0.5557,1,0,0.0,0,0,0.3961,0,0,0.2775,0,0,0.3354,0,0,0.4647,0,0,0.4588,0,0,0.4195,0,1,0.203,0,0,0.1838,0,0,0.186,0,0
2192,791,0,-0.125,0.125,0.0,0.45,0,0,0.492,0,0,0.4916,0,0,0.4569,0,1,0.4838,0,1,0.5877,1,1,0.5245,1,0,0.5023,1,0,0.1575,0,0,0.2013,0,0,0.1905,0,0,0.206,0,0
1808,595,0,0.0,1.0,1.0,0.4865,0,0,0.5166,1,0,0.4613,0,0,0.4725,0,0,0.348,0,0,0.4761,0,0,0.4448,0,0,0.4236,0,0,0.2713,0,0,0.1973,0,0,0.178,0,0,0.1736,0,0
1809,595,1,0.2,0.0,0.2,0.6159,1,1,0.6211,1,1,0.6463,1,1,0.5853,1,1,0.6453,1,1,0.6026,1,1,0.6757,1,1,0.7014,1,1,0.6874,1,1,0.2676,0,0,0.2884,0,0,0.3396,0,0
1810,595,1,0.8147,0.069,0.8837,0.5579,1,1,0.6586,1,1,0.6379,1,1,0.4719,0,0,0.4832,0,0,0.6904,1,1,0.3832,0,0,0.324,0,0,0.3065,0,0,0.24,0,0,0.2194,0,0,0.2215,0,0
677,186,0,0.0,0.0,0.0,0.4607,0,0,0.5653,1,0,0.4613,0,0,0.4456,0,0,0.2632,0,0,0.6071,1,1,0.3073,0,0,0.2249,0,0,0.1911,0,0,0.1939,0,0,0.1775,0,0,0.1529,0,0
478,129,0,0.0,1.0,1.0,0.676,1,1,0.6277,1,1,0.8043,1,1,0.6081,1,1,0.5664,1,1,0.4488,0,0,0.5634,1,1,0.5943,1,1,0.6961,1,1,0.2488,0,0,0.2784,0,0,0.2392,0,0
479,129,0,0.0,0.0,0.0,0.5346,1,0,0.4486,0,0,0.4613,0,0,0.4438,0,0,0.4879,0,0,0.3606,0,0,0.4752,0,0,0.4864,0,1,0.4474,0,0,0.2126,0,0,0.1987,0,0,0.2167,0,0
480,129,1,0.125,0.0,0.125,0.214,0,0,0.32,0,0,0.0,0,0,0.2895,0,0,0.2886,0,0,0.3506,0,0,0.3399,0,0,0.3252,0,0,0.1644,0,0,0.1191,0,0,0.1076,0,0,0.1309,0,0
481,129,0,0.0,1.0,1.0,0.4866,0,0,0.3402,0,0,0.4613,0,0,0.4842,0,0,0.3769,0,0,0.429,0,0,0.4752,0,0,0.378,0,0,0.4533,0,0,0.1785,0,0,0.1788,0,0,0.1508,0,0
1799,590,0,0.0,0.0,0.0,0.568,1,1,0.5831,1,0,0.9056,1,1,0.5814,1,1,0.564,1,1,0.4002,0,0,0.6128,1,1,0.587,1,1,0.7209,1,1,0.2661,0,0,0.2752,0,0,0.2966,0,0
721,199,0,-0.1846,0.8,0.6154,0.379,0,0,0.4061,0,0,0.313,0,0,0.2647,0,0,0.2491,0,0,0.2526,0,0,0.233,0,0,0.2215,0,0,0.0001,0,0,0.1865,0,0,0.1248,0,0,0.1413,0,0
722,199,0,0.0,0.0,0.0,0.3826,0,0,0.4073,0,0,0.313,0,0,0.2864,0,0,0.2367,0,0,0.2526,0,0,0.233,0,0,0.2074,0,0,0.0016,0,0,0.1854,0,0,0.1112,0,0,0.1374,0,0
723,199,0,0.0,0.0,0.0,0.3959,0,0,0.4327,0,0,0.313,0,0,0.277,0,0,0.2636,0,0,0.2526,0,0,0.2577,0,0,0.2215,0,0,0.0001,0,0,0.1897,0,0,0.123,0,0,0.1327,0,0
2031,696,0,0.0,0.0488,0.0488,0.3511,0,0,0.3903,0,0,0.0,0,0,0.2509,0,0,0.1369,0,0,0.2512,0,0,0.2515,0,0,0.1766,0,0,0.0148,0,0,0.1804,0,0,0.1662,0,0,0.1828,0,0
2032,696,0,-0.1016,0.5079,0.4063,0.4409,0,0,0.5115,1,1,0.0,0,0,0.3084,0,0,0.1538,0,0,0.3092,0,0,0.1564,0,0,0.133,0,0,0.0003,0,0,0.1793,0,0,0.19,0,0,0.1986,0,0
1682,542,1,0.8889,0.0,0.8889,0.7059,1,1,0.6771,1,1,0.7407,1,1,0.6714,1,1,0.6842,1,1,0.5867,1,1,0.6986,1,1,0.7545,1,1,0.4322,0,0,0.2249,0,0,0.2261,0,0,0.2074,0,1
1683,542,1,0.4638,0.0625,0.5263,0.8122,1,1,0.8389,1,1,0.7407,1,1,0.5485,1,0,0.4744,0,1,0.4703,0,0,0.5926,1,1,0.6064,1,1,0.7412,1,1,0.2186,0,0,0.2051,0,0,0.2097,0,1
1871,621,0,-0.0625,0.0625,0.0,0.5016,1,1,0.5594,1,1,0.2667,0,0,0.653,1,1,0.6402,1,1,0.6445,1,1,0.6764,1,1,0.5358,1,0,0.0191,0,0,0.2123,0,0,0.2695,0,0,0.2567,0,0
2059,715,0,0.0,0.6667,0.6667,0.5474,1,0,0.5379,1,0,0.3075,0,0,0.5078,1,1,0.4428,0,0,0.4366,0,1,0.4264,0,0,0.4769,0,1,0.3952,0,0,0.1922,0,0,0.2137,0,0,0.2246,0,0
1663,535,0,0.0,1.0,1.0,0.5335,1,0,0.4548,0,0,0.4613,0,0,0.4767,0,0,0.4879,0,0,0.3606,0,0,0.4752,0,0,0.4864,0,1,0.5016,1,0,0.2102,0,0,0.2108,0,0,0.2192,0,0
153,45,0,0.0,1.0,1.0,0.4116,0,0,0.403,0,0,0.3075,0,0,0.4966,0,0,0.4527,0,1,0.494,0,1,0.3694,0,0,0.5013,1,1,0.0038,0,0,0.1734,0,0,0.2163,0,0,0.2061,0,0
154,45,1,0.2857,0.0,0.2857,0.4476,0,0,0.4495,0,0,0.3075,0,0,0.4156,0,0,0.4106,0,0,0.4039,0,1,0.3362,0,0,0.4751,0,1,0.0062,0,0,0.1768,0,0,0.146,0,0,0.1775,0,0
155,45,0,-0.031,0.16,0.129,0.2301,0,0,0.241,0,0,0.313,0,0,0.336,0,0,0.2917,0,0,0.363,0,0,0.351,0,0,0.3949,0,1,0.6966,1,0,0.1702,0,0,0.1436,0,0,0.1557,0,0
156,45,1,0.3077,0.0,0.3077,0.6839,1,1,0.6666,1,1,0.72,1,1,0.751,1,1,0.6635,1,1,0.5909,1,1,0.6309,1,1,0.6452,1,1,0.805,1,1,0.1995,0,0,0.2988,0,0,0.2381,0,0
1800,591,0,0.0,0.0,0.0,0.2731,0,0,0.3101,0,0,0.0,0,0,0.3337,0,0,0.3897,0,0,0.3291,0,0,0.3121,0,0,0.3609,0,1,0.0103,0,0,0.1729,0,0,0.1412,0,0,0.1417,0,0
1801,591,1,0.2857,0.0,0.2857,0.6734,1,1,0.6455,1,1,0.6895,1,1,0.695,1,1,0.7148,1,1,0.6403,1,1,0.7525,1,1,0.8129,1,1,0.8955,1,1,0.202,0,0,0.2562,0,0,0.2031,0,0
556,152,0,-0.1021,0.24,0.1379,0.4837,0,0,0.4453,0,0,0.313,0,0,0.3593,0,0,0.2939,0,0,0.2478,0,0,0.2477,0,0,0.2844,0,0,0.2444,0,0,0.1739,0,0,0.2006,0,0,0.1969,0,0
557,152,0,0.0,0.0,0.0,0.2869,0,0,0.2468,0,0,0.313,0,0,0.3795,0,0,0.298,0,0,0.363,0,0,0.51,1,1,0.2765,0,0,0.0041,0,0,0.1627,0,0,0.2082,0,0,0.1995,0,0
558,152,0,0.0,0.0,0.0,0.4317,0,0,0.3908,0,0,0.3075,0,0,0.4535,0,0,0.4349,0,0,0.4219,0,1,0.3904,0,0,0.4748,0,1,0.0023,0,0,0.1669,0,0,0.2095,0,0,0.2196,0,0
559,152,0,0.0,0.0,0.0,0.315,0,0,0.2732,0,0,0.313,0,0,0.4089,0,0,0.3545,0,0,0.376,0,0,0.5248,1,1,0.4261,0,1,0.03,0,0,0.1636,0,0,0.2417,0,0,0.2092,0,0
1502,469,0,0.0,0.0,0.0,0.5866,1,0,0.5978,1,1,1.0,1,1,0.6092,1,1,0.4928,0,1,0.4583,0,1,0.6005,1,1,0.6382,1,1,0.2897,0,0,0.1962,0,0,0.2242,0,0,0.1812,0,0
1503,469,0,0.0,1.0,1.0,0.4679,0,0,0.4718,0,0,0.6105,1,1,0.3747,0,0,0.3521,0,0,0.425,0,1,0.3954,0,0,0.3897,0,1,0.1725,0,0,0.1896,0,0,0.1508,0,0,0.1647,0,0
1934,647,0,0.0,1.0,1.0,0.7863,1,1,0.7052,1,1,0.8043,1,1,0.5998,1,1,0.4873,0,0,0.5821,1,1,0.6369,1,1,0.418,0,0,0.7361,1,1,0.3176,0,0,0.323,0,0,0.2481,0,0
2027,695,0,0.0,0.0,0.0,0.6922,1,1,0.6778,1,1,0.8934,1,1,0.7019,1,1,0.6072,1,1,0.6511,1,1,0.6428,1,1,0.6857,1,1,0.557,1,1,0.2394,0,0,0.2589,0,0,0.1939,0,0
2028,695,0,0.0,1.0,1.0,0.5283,1,0,0.5231,1,0,0.4916,0,0,0.4157,0,1,0.4372,0,1,0.5189,1,1,0.4905,0,0,0.4921,0,0,0.7327,1,1,0.221,0,0,0.1982,0,0,0.2017,0,0
2029,695,0,-0.6957,0.6957,0.0,0.4898,0,0,0.4639,0,0,0.7946,1,1,0.4314,0,1,0.366,0,1,0.2056,0,0,0.3803,0,0,0.3689,0,0,0.2106,0,0,0.2109,0,0,0.1933,0,0,0.2127,0,0
2030,695,0,-1.0,1.0,0.0,0.5545,1,1,0.6074,1,0,0.0,0,0,0.5935,1,1,0.3709,0,1,0.4923,0,1,0.6276,1,1,0.4851,0,0,0.6938,1,1,0.2196,0,0,0.2372,0,0,0.231,0,0
2262,837,0,0.0,0.1818,0.1818,0.1891,0,0,0.2797,0,0,0.0,0,0,0.2041,0,0,0.196,0,0,0.4073,0,1,0.2099,0,0,0.1808,0,0,0.0,0,0,0.1519,0,0,0.1497,0,0,0.1825,0,0
283,78,0,0.0,0.9412,0.9412,0.3686,0,0,0.3832,0,0,0.4916,0,0,0.3474,0,0,0.3045,0,0,0.3091,0,0,0.2628,0,0,0.2629,0,0,0.3609,0,1,0.1915,0,0,0.1664,0,0,0.1975,0,0
284,78,0,0.0,0.1905,0.1905,0.2848,0,0,0.3339,0,0,0.4916,0,0,0.2407,0,0,0.28,0,0,0.3648,0,1,0.3327,0,0,0.3405,0,0,0.042,0,0,0.163,0,0,0.1521,0,0,0.1823,0,0
285,78,0,0.0,1.0,1.0,0.4307,0,0,0.4438,0,0,0.0,0,0,0.311,0,0,0.2783,0,0,0.2869,0,0,0.3661,0,0,0.3991,0,0,0.2572,0,0,0.1843,0,0,0.1615,0,0,0.1852,0,0
1013,298,0,0.0,0.0,0.0,0.5336,1,1,0.5141,1,1,0.8744,1,1,0.5497,1,0,0.592,1,1,0.5281,1,1,0.646,1,1,0.599,1,1,0.686,1,0,0.2016,0,0,0.2178,0,0,0.21,0,1
916,266,0,-0.0556,0.5,0.4444,0.6456,1,1,0.606,1,1,0.9362,1,1,0.5635,1,0,0.5665,1,0,0.5716,1,1,0.6553,1,1,0.7953,1,1,0.7556,1,1,0.24,0,0,0.2815,0,0,0.2487,0,0
917,266,0,0.0,0.6667,0.6667,0.5395,1,1,0.5197,1,0,0.2667,0,0,0.4616,0,0,0.3867,0,0,0.5183,1,0,0.4356,0,0,0.4316,0,0,0.2239,0,0,0.2213,0,0,0.211,0,0,0.2006,0,0
918,266,0,0.0,0.0526,0.0526,0.7575,1,1,0.7814,1,1,0.9362,1,1,0.7872,1,1,0.6696,1,1,0.6278,1,1,0.5969,1,0,0.7638,1,1,0.9489,1,1,0.2377,0,0,0.3086,0,0,0.2862,0,0
919,266,0,0.0,0.0,0.0,0.5934,1,1,0.6042,1,1,0.2667,0,0,0.6978,1,1,0.6762,1,1,0.6418,1,1,0.7166,1,1,0.7098,1,1,0.7391,1,1,0.2147,0,0,0.2919,0,0,0.277,0,0
920,266,0,0.0,0.0,0.0,0.4676,0,1,0.454,0,0,0.2857,0,0,0.1882,0,0,0.1817,0,0,0.2164,0,0,0.1325,0,0,0.2145,0,0,0.3583,0,1,0.1985,0,0,0.1484,0,0,0.1484,0,0
1779,583,1,0.2857,0.0,0.2857,0.6539,1,1,0.6579,1,1,0.72,1,1,0.6866,1,1,0.6382,1,1,0.6292,1,1,0.673,1,1,0.6624,1,1,0.2317,0,0,0.2013,0,0,0.2627,0,0,0.2093,0,0
951,276,0,0.0095,0.1905,0.2,0.7027,1,1,0.7073,1,1,0.9362,1,1,0.8152,1,1,0.7119,1,1,0.6539,1,1,0.8163,1,1,0.7638,1,1,0.9388,1,1,0.2385,0,0,0.3235,0,0,0.3017,0,0
398,105,0,0.0,0.1224,0.1224,0.7559,1,1,0.7321,1,1,1.0,1,1,0.7773,1,1,0.701,1,1,0.5541,1,1,0.7516,1,1,0.7882,1,1,0.9504,1,1,0.2213,0,0,0.2434,0,0,0.2152,0,0
399,105,0,0.0,0.0,0.0,0.5245,1,0,0.4863,0,0,0.3075,0,0,0.5062,1,1,0.4737,0,1,0.4518,0,1,0.4362,0,0,0.5163,1,1,0.1746,0,0,0.1784,0,0,0.2532,0,0,0.2168,0,0
400,105,0,0.0,0.0,0.0,0.7937,1,1,0.7899,1,1,0.72,1,1,0.7051,1,1,0.6464,1,1,0.601,1,1,0.673,1,1,0.6725,1,1,0.9234,1,1,0.2232,0,0,0.2186,0,0,0.194,0,0
401,105,0,0.0051,0.2,0.2051,0.4764,0,0,0.4915,0,0,0.6105,1,1,0.4154,0,0,0.4012,0,0,0.4205,0,1,0.4773,0,1,0.3793,0,1,0.5415,1,0,0.1939,0,0,0.1497,0,0,0.1633,0,0
402,105,1,0.2,0.0,0.2,0.2998,0,0,0.318,0,0,0.0,0,0,0.2939,0,0,0.2624,0,0,0.3215,0,0,0.2159,0,0,0.3076,0,1,0.0497,0,0,0.1761,0,0,0.1258,0,0,0.1309,0,0
403,105,0,-0.0476,0.3333,0.2857,0.4565,0,0,0.4748,0,0,0.6105,1,1,0.4124,0,0,0.3971,0,0,0.4432,0,1,0.501,1,1,0.365,0,1,0.849,1,1,0.1899,0,0,0.1597,0,0,0.1675,0,0
404,105,0,0.0,0.5,0.5,0.5885,1,0,0.614,1,1,0.0,0,0,0.347,0,0,0.3294,0,0,0.4583,0,1,0.1695,0,0,0.3137,0,1,0.0037,0,0,0.2098,0,0,0.1293,0,0,0.1404,0,0
405,105,0,0.0,0.0,0.0,0.5654,1,0,0.6043,1,1,0.0,0,0,0.3578,0,0,0.3465,0,0,0.4583,0,1,0.1892,0,0,0.3137,0,1,0.0,0,0,0.2118,0,0,0.1233,0,0,0.1334,0,0
406,105,0,0.0,0.0,0.0,0.5866,1,0,0.6142,1,1,0.0,0,0,0.3815,0,0,0.3453,0,0,0.4583,0,1,0.1892,0,0,0.3194,0,1,0.0,0,0,0.2161,0,0,0.1317,0,0,0.1356,0,0
631,173,0,0.0,1.0,1.0,0.3608,0,0,0.3267,0,0,0.6379,1,1,0.3326,0,0,0.4031,0,0,0.5371,1,1,0.4097,0,0,0.4201,0,0,0.1969,0,0,0.1512,0,0,0.1303,0,0,0.1362,0,0
632,173,0,0.0,0.0,0.0,0.369,0,0,0.4733,0,0,0.0,0,0,0.2787,0,0,0.2511,0,0,0.4247,0,0,0.3037,0,0,0.2824,0,0,0.1407,0,0,0.1704,0,0,0.1179,0,0,0.1132,0,0
1459,454,0,0.0,0.0,0.0,0.1815,0,0,0.2834,0,0,0.0,0,0,0.2041,0,0,0.196,0,0,0.4211,0,1,0.2163,0,0,0.1808,0,0,0.0,0,0,0.1492,0,0,0.1511,0,0,0.1836,0,0
1460,454,0,0.0,0.6667,0.6667,0.3058,0,0,0.2314,0,0,0.4916,0,0,0.32,0,0,0.3223,0,0,0.3469,0,0,0.2275,0,0,0.2089,0,0,0.5065,1,1,0.1981,0,0,0.1899,0,0,0.2138,0,0
