model_name,threshold,mean_f1,mean_k,mean_context_tokens,context_reduction_pct_vs_k8,mean_regret,fraction_zero_regret,expansion_rate_pct,false_expansion_pct,false_stop_pct,avg_gain_captured,avg_distractor_penalty
"Balanced Logistic Regression (5 feats, Baseline)",0.2,0.3829,5.84,1325.1,24.64,0.1066,66.67,91.77,73.59,1.3,0.3318,0.2763
"Balanced Logistic Regression (5 feats, Baseline)",0.25,0.3862,5.77,1310.8,25.46,0.1033,67.53,88.31,70.56,1.73,0.3368,0.2847
"Balanced Logistic Regression (5 feats, Baseline)",0.3,0.3815,5.65,1285.8,26.88,0.1081,67.53,82.25,65.37,2.6,0.3233,0.2916
"Balanced Logistic Regression (5 feats, Baseline)",0.35,0.3792,5.5,1255.4,28.61,0.1103,68.4,74.89,58.44,3.03,0.3088,0.3146
"Balanced Logistic Regression (5 feats, Baseline)",0.4,0.3773,5.3,1214.3,30.95,0.1122,68.4,64.94,49.78,4.33,0.3166,0.3342
"Balanced Logistic Regression (5 feats, Baseline)",0.45,0.3752,5.12,1176.7,33.08,0.1143,67.53,55.84,42.42,6.06,0.3332,0.3745
"Balanced Logistic Regression (5 feats, Baseline)",0.5,0.3842,4.82,1115.9,36.54,0.1053,69.7,41.13,28.57,6.93,0.3395,0.4184
"Balanced Logistic Regression (5 feats, Baseline)",0.55,0.3743,4.6,1069.5,39.18,0.1152,68.4,29.87,19.91,9.52,0.2828,0.3902
"Balanced Logistic Regression (5 feats, Baseline)",0.6,0.3726,4.42,1031.9,41.32,0.1169,67.53,20.78,12.99,11.69,0.2646,0.355
"Balanced Logistic Regression (5 feats, Baseline)",0.65,0.3694,4.29,1006.9,42.74,0.1201,66.67,14.72,9.09,13.85,0.2599,0.3731
"Balanced Logistic Regression (5 feats, Baseline)",0.7,0.3663,4.16,978.3,44.37,0.1232,65.37,7.79,5.19,16.88,0.3365,0.2439
Balanced Logistic Regression (2 feats: BM25+Lex),0.2,0.3897,5.95,1348.4,23.32,0.0998,67.1,97.4,78.35,0.43,0.3601,0.2783
Balanced Logistic Regression (2 feats: BM25+Lex),0.25,0.3855,5.84,1325.1,24.64,0.104,66.67,91.77,73.16,0.87,0.3452,0.2863
Balanced Logistic Regression (2 feats: BM25+Lex),0.3,0.3867,5.69,1294.7,26.37,0.1028,67.97,84.42,66.23,1.3,0.3318,0.2847
Balanced Logistic Regression (2 feats: BM25+Lex),0.35,0.3866,5.55,1266.1,28.0,0.1029,68.83,77.49,60.17,2.16,0.3403,0.3216
Balanced Logistic Regression (2 feats: BM25+Lex),0.4,0.3775,5.37,1228.6,30.13,0.112,67.97,68.4,52.38,3.46,0.3112,0.3216
Balanced Logistic Regression (2 feats: BM25+Lex),0.45,0.3751,5.11,1174.9,33.18,0.1144,67.97,55.41,41.56,5.63,0.3274,0.3458
Balanced Logistic Regression (2 feats: BM25+Lex),0.5,0.38,4.83,1117.7,36.44,0.1095,67.97,41.56,29.87,7.79,0.3394,0.3191
Balanced Logistic Regression (2 feats: BM25+Lex),0.55,0.373,4.66,1082.0,38.47,0.1165,67.97,32.9,22.94,9.52,0.3055,0.3934
Balanced Logistic Regression (2 feats: BM25+Lex),0.6,0.3728,4.48,1044.4,40.61,0.1167,68.4,23.81,14.72,10.39,0.2793,0.4036
Balanced Logistic Regression (2 feats: BM25+Lex),0.65,0.3757,4.23,994.4,43.45,0.1138,66.67,11.69,6.06,13.85,0.3232,0.2439
Balanced Logistic Regression (2 feats: BM25+Lex),0.7,0.3624,4.12,971.1,44.78,0.1271,64.94,6.06,3.9,17.32,0.226,0.2439
Shallow Decision Tree (5 feats),0.2,0.3743,5.43,1241.1,29.42,0.1152,65.37,71.43,57.14,5.19,0.3191,0.286
Shallow Decision Tree (5 feats),0.25,0.3743,5.42,1239.3,29.52,0.1152,65.37,71.0,56.71,5.19,0.3191,0.286
Shallow Decision Tree (5 feats),0.3,0.3675,5.29,1212.5,31.05,0.122,64.5,64.5,51.95,6.93,0.3065,0.2953
Shallow Decision Tree (5 feats),0.35,0.3633,5.05,1162.4,33.9,0.1262,64.94,52.38,41.56,8.66,0.2963,0.3646
Shallow Decision Tree (5 feats),0.4,0.3677,5.03,1158.9,34.1,0.1218,65.37,51.52,40.69,8.66,0.2963,0.3272
Shallow Decision Tree (5 feats),0.45,0.3716,4.91,1133.8,35.52,0.1179,65.8,45.45,36.36,10.39,0.3266,0.294
Shallow Decision Tree (5 feats),0.5,0.3671,4.64,1078.4,38.67,0.1224,64.5,32.03,25.11,12.55,0.3561,0.307
Shallow Decision Tree (5 feats),0.55,0.3696,4.61,1071.3,39.08,0.1199,64.94,30.3,23.81,12.99,0.3696,0.2957
Shallow Decision Tree (5 feats),0.6,0.3705,4.59,1067.7,39.28,0.119,65.8,29.44,22.94,12.99,0.3696,0.3374
Shallow Decision Tree (5 feats),0.65,0.3662,4.48,1044.4,40.61,0.1233,64.94,23.81,18.61,14.29,0.3476,0.3786
Shallow Decision Tree (5 feats),0.7,0.365,4.37,1023.0,41.83,0.1245,64.5,18.61,13.85,14.72,0.3533,0.3786
Random Forest (5 feats),0.2,0.3861,5.97,1351.9,23.12,0.1034,66.67,98.27,79.22,0.43,0.3413,0.2703
Random Forest (5 feats),0.25,0.3789,5.81,1319.8,24.95,0.1106,67.1,90.48,72.73,1.73,0.3172,0.276
Random Forest (5 feats),0.3,0.3757,5.61,1278.6,27.29,0.1138,67.53,80.52,64.07,3.03,0.3074,0.2959
Random Forest (5 feats),0.35,0.376,5.32,1217.9,30.74,0.1135,67.97,65.8,50.65,4.33,0.312,0.3255
Random Forest (5 feats),0.4,0.3753,5.16,1185.7,32.57,0.1142,68.4,58.01,43.72,5.19,0.3175,0.3615
Random Forest (5 feats),0.45,0.3705,4.95,1142.8,35.01,0.1191,68.4,47.62,35.06,6.93,0.2916,0.3977
Random Forest (5 feats),0.5,0.3717,4.73,1096.3,37.66,0.1178,67.97,36.36,25.54,8.66,0.2487,0.3128
Random Forest (5 feats),0.55,0.3678,4.53,1055.2,40.0,0.1217,66.67,26.41,17.75,10.82,0.257,0.3261
Random Forest (5 feats),0.6,0.3737,4.36,1021.2,41.93,0.1158,67.1,18.18,11.26,12.55,0.2759,0.2955
Random Forest (5 feats),0.65,0.3726,4.28,1003.3,42.95,0.1169,66.67,13.85,7.79,13.42,0.2526,0.1834
Random Forest (5 feats),0.7,0.3659,4.15,976.5,44.47,0.1236,64.5,7.36,5.19,17.32,0.3048,0.0867
XGBoost (5 feats),0.2,0.3824,5.84,1326.9,24.54,0.1071,67.1,92.21,73.59,0.87,0.3461,0.3007
XGBoost (5 feats),0.25,0.3751,5.72,1301.9,25.97,0.1144,67.1,86.15,68.83,2.16,0.3001,0.2813
XGBoost (5 feats),0.3,0.3717,5.48,1251.8,28.81,0.1178,67.1,74.03,58.87,4.33,0.3147,0.3299
XGBoost (5 feats),0.35,0.3794,5.2,1194.6,32.07,0.1101,68.83,60.17,45.89,5.19,0.3253,0.3252
XGBoost (5 feats),0.4,0.382,4.92,1135.6,35.42,0.1075,69.26,45.89,33.33,6.93,0.2906,0.252
XGBoost (5 feats),0.45,0.3775,4.73,1096.3,37.66,0.112,67.53,36.36,25.97,9.09,0.2846,0.2254
XGBoost (5 feats),0.5,0.3725,4.56,1062.3,39.59,0.117,66.67,28.14,19.05,10.39,0.257,0.2441
XGBoost (5 feats),0.55,0.3719,4.47,1042.6,40.71,0.1176,66.67,23.38,15.58,11.69,0.2687,0.2882
XGBoost (5 feats),0.6,0.3716,4.34,1015.8,42.23,0.1179,66.23,16.88,10.82,13.42,0.2794,0.2876
XGBoost (5 feats),0.65,0.3685,4.22,990.8,43.66,0.121,65.37,10.82,6.93,15.58,0.3023,0.3433
XGBoost (5 feats),0.7,0.3612,4.12,971.1,44.78,0.1283,64.07,6.06,4.33,17.75,0.2613,0.3433
XGBoost (2 feats: BM25+Lex),0.2,0.3857,5.99,1357.3,22.81,0.1038,66.67,99.57,80.09,0.0,0.3539,0.2917
XGBoost (2 feats: BM25+Lex),0.25,0.3842,5.85,1328.7,24.44,0.1053,67.97,92.64,74.89,1.73,0.3556,0.2971
XGBoost (2 feats: BM25+Lex),0.3,0.3884,5.71,1298.3,26.17,0.1011,69.7,85.28,67.53,1.73,0.3556,0.3061
XGBoost (2 feats: BM25+Lex),0.35,0.3865,5.5,1255.4,28.61,0.103,69.7,74.89,58.87,3.46,0.3432,0.2957
XGBoost (2 feats: BM25+Lex),0.4,0.383,5.29,1212.5,31.05,0.1065,69.7,64.5,49.35,4.33,0.3339,0.332
XGBoost (2 feats: BM25+Lex),0.45,0.3746,4.97,1146.3,34.81,0.1149,67.53,48.48,36.36,7.36,0.343,0.3621
XGBoost (2 feats: BM25+Lex),0.5,0.378,4.69,1089.1,38.06,0.1115,67.53,34.63,24.68,9.52,0.3121,0.2671
XGBoost (2 feats: BM25+Lex),0.55,0.3748,4.51,1051.6,40.2,0.1147,67.53,25.54,16.45,10.39,0.2831,0.2731
XGBoost (2 feats: BM25+Lex),0.6,0.3662,4.32,1012.3,42.44,0.1233,66.23,16.02,10.39,13.85,0.2862,0.3668
XGBoost (2 feats: BM25+Lex),0.65,0.364,4.13,972.9,44.67,0.1255,65.37,6.49,4.33,17.32,0.3207,0.6
XGBoost (2 feats: BM25+Lex),0.7,0.3624,4.03,951.5,45.89,0.1271,64.5,1.3,0.43,18.61,0.3211,0.0
LightGBM (5 feats),0.2,0.3792,5.89,1335.9,24.03,0.1103,66.67,94.37,76.62,1.73,0.3487,0.3057
LightGBM (5 feats),0.25,0.3792,5.71,1298.3,26.17,0.1103,67.53,85.28,68.83,3.03,0.3425,0.293
LightGBM (5 feats),0.3,0.3698,5.53,1262.6,28.2,0.1197,67.53,76.62,61.9,4.76,0.3054,0.3097
LightGBM (5 feats),0.35,0.3738,5.29,1212.5,31.05,0.1157,67.53,64.5,50.65,5.63,0.3116,0.2913
LightGBM (5 feats),0.4,0.3631,5.04,1160.6,34.0,0.1264,65.8,51.95,41.56,9.09,0.27,0.3347
LightGBM (5 feats),0.45,0.3629,4.91,1133.8,35.52,0.1266,65.8,45.45,35.5,9.52,0.2751,0.349
LightGBM (5 feats),0.5,0.3632,4.78,1107.0,37.05,0.1263,65.8,38.96,29.44,9.96,0.2648,0.3342
LightGBM (5 feats),0.55,0.3651,4.55,1058.7,39.79,0.1244,66.23,27.27,18.18,10.39,0.2703,0.4417
LightGBM (5 feats),0.6,0.3667,4.4,1028.3,41.52,0.1228,65.8,19.91,12.99,12.55,0.2769,0.4675
LightGBM (5 feats),0.65,0.3661,4.22,990.8,43.66,0.1234,64.5,10.82,6.93,15.58,0.2555,0.2012
LightGBM (5 feats),0.7,0.3634,4.1,967.6,44.98,0.1261,64.94,5.19,3.46,17.75,0.2176,0.0
HistGradientBoosting (5 feats),0.2,0.3775,5.84,1326.9,24.54,0.1121,66.67,92.21,74.46,1.73,0.3348,0.3007
HistGradientBoosting (5 feats),0.25,0.3734,5.65,1287.6,26.78,0.1161,66.67,82.68,66.23,3.03,0.305,0.2905
HistGradientBoosting (5 feats),0.3,0.3729,5.49,1253.6,28.71,0.1166,67.53,74.46,58.87,3.9,0.31,0.3382
HistGradientBoosting (5 feats),0.35,0.3723,5.3,1214.3,30.95,0.1172,67.1,64.94,50.65,5.19,0.3037,0.3094
HistGradientBoosting (5 feats),0.4,0.3758,5.07,1167.8,33.59,0.1137,67.97,53.68,40.26,6.06,0.3085,0.3242
HistGradientBoosting (5 feats),0.45,0.3715,4.93,1137.4,35.32,0.118,66.67,46.32,34.63,7.79,0.2801,0.2845
HistGradientBoosting (5 feats),0.5,0.3716,4.71,1092.7,37.86,0.1179,66.67,35.5,25.54,9.52,0.2613,0.2494
HistGradientBoosting (5 feats),0.55,0.371,4.56,1062.3,39.59,0.1185,66.23,28.14,19.05,10.39,0.2669,0.2977
HistGradientBoosting (5 feats),0.6,0.3724,4.38,1024.8,41.72,0.1171,67.53,19.05,11.69,12.12,0.2769,0.355
HistGradientBoosting (5 feats),0.65,0.3675,4.28,1003.3,42.95,0.122,64.94,13.85,9.09,14.72,0.2693,0.2858
HistGradientBoosting (5 feats),0.7,0.3632,4.16,980.1,44.27,0.1263,64.07,8.23,5.63,16.88,0.3265,0.2858
"Small MLP (5->8->1, 5 feats)",0.2,0.3762,5.19,1192.8,32.17,0.1133,66.67,59.74,46.75,6.49,0.3245,0.3284
"Small MLP (5->8->1, 5 feats)",0.25,0.3724,5.07,1167.8,33.59,0.1171,67.1,53.68,41.99,7.79,0.2869,0.3209
"Small MLP (5->8->1, 5 feats)",0.3,0.3718,4.99,1149.9,34.61,0.1177,67.1,49.35,38.1,8.23,0.2927,0.3209
"Small MLP (5->8->1, 5 feats)",0.35,0.3682,4.94,1139.2,35.22,0.1213,66.67,46.75,35.93,8.66,0.2718,0.3209
"Small MLP (5->8->1, 5 feats)",0.4,0.3722,4.85,1121.3,36.23,0.1173,67.53,42.42,31.6,8.66,0.2718,0.3003
"Small MLP (5->8->1, 5 feats)",0.45,0.3673,4.71,1092.7,37.86,0.1223,66.67,35.5,26.41,10.39,0.2651,0.3468
"Small MLP (5->8->1, 5 feats)",0.5,0.3638,4.65,1080.2,38.57,0.1257,65.8,32.47,24.24,11.26,0.251,0.3468
"Small MLP (5->8->1, 5 feats)",0.55,0.361,4.55,1060.5,39.69,0.1285,65.37,27.71,20.35,12.12,0.2426,0.3468
"Small MLP (5->8->1, 5 feats)",0.6,0.3592,4.49,1048.0,40.4,0.1303,64.5,24.68,18.18,12.99,0.248,0.3468
"Small MLP (5->8->1, 5 feats)",0.65,0.36,4.44,1037.3,41.01,0.1295,64.94,22.08,15.58,12.99,0.248,0.3635
"Small MLP (5->8->1, 5 feats)",0.7,0.3669,4.37,1023.0,41.83,0.1226,64.94,18.61,13.42,14.29,0.2733,0.2291
"Calibrated Logistic Regression (Platt, 5 feats)",0.2,0.3714,4.83,1117.7,36.44,0.1181,67.97,41.56,30.74,8.66,0.3173,0.3732
"Calibrated Logistic Regression (Platt, 5 feats)",0.25,0.362,4.12,971.1,44.78,0.1275,64.94,6.06,4.33,17.75,0.1601,0.0867
"Calibrated Logistic Regression (Platt, 5 feats)",0.3,0.3596,4.02,949.7,46.0,0.1299,63.64,0.87,0.87,19.48,0.0,0.0
"Calibrated Logistic Regression (Platt, 5 feats)",0.35,0.3596,4.0,946.1,46.2,0.1299,63.64,0.0,0.0,19.48,0.0,0.0
"Calibrated Logistic Regression (Platt, 5 feats)",0.4,0.3596,4.0,946.1,46.2,0.1299,63.64,0.0,0.0,19.48,0.0,0.0
"Calibrated Logistic Regression (Platt, 5 feats)",0.45,0.3596,4.0,946.1,46.2,0.1299,63.64,0.0,0.0,19.48,0.0,0.0
"Calibrated Logistic Regression (Platt, 5 feats)",0.5,0.3596,4.0,946.1,46.2,0.1299,63.64,0.0,0.0,19.48,0.0,0.0
"Calibrated Logistic Regression (Platt, 5 feats)",0.55,0.3596,4.0,946.1,46.2,0.1299,63.64,0.0,0.0,19.48,0.0,0.0
"Calibrated Logistic Regression (Platt, 5 feats)",0.6,0.3596,4.0,946.1,46.2,0.1299,63.64,0.0,0.0,19.48,0.0,0.0
"Calibrated Logistic Regression (Platt, 5 feats)",0.65,0.3596,4.0,946.1,46.2,0.1299,63.64,0.0,0.0,19.48,0.0,0.0
"Calibrated Logistic Regression (Platt, 5 feats)",0.7,0.3596,4.0,946.1,46.2,0.1299,63.64,0.0,0.0,19.48,0.0,0.0
"Calibrated Random Forest (Platt, 5 feats)",0.2,0.38,4.87,1126.7,35.93,0.1095,68.4,43.72,32.47,8.23,0.3169,0.2952
"Calibrated Random Forest (Platt, 5 feats)",0.25,0.3662,4.32,1012.3,42.44,0.1233,64.94,16.02,11.26,14.72,0.2476,0.2412
"Calibrated Random Forest (Platt, 5 feats)",0.3,0.3596,4.1,965.8,45.08,0.1299,63.64,4.76,4.33,19.05,0.0833,0.0867
"Calibrated Random Forest (Platt, 5 feats)",0.35,0.3596,4.02,949.7,46.0,0.1299,63.64,0.87,0.87,19.48,0.0,0.0
"Calibrated Random Forest (Platt, 5 feats)",0.4,0.3596,4.0,946.1,46.2,0.1299,63.64,0.0,0.0,19.48,0.0,0.0
"Calibrated Random Forest (Platt, 5 feats)",0.45,0.3596,4.0,946.1,46.2,0.1299,63.64,0.0,0.0,19.48,0.0,0.0
"Calibrated Random Forest (Platt, 5 feats)",0.5,0.3596,4.0,946.1,46.2,0.1299,63.64,0.0,0.0,19.48,0.0,0.0
"Calibrated Random Forest (Platt, 5 feats)",0.55,0.3596,4.0,946.1,46.2,0.1299,63.64,0.0,0.0,19.48,0.0,0.0
"Calibrated Random Forest (Platt, 5 feats)",0.6,0.3596,4.0,946.1,46.2,0.1299,63.64,0.0,0.0,19.48,0.0,0.0
"Calibrated Random Forest (Platt, 5 feats)",0.65,0.3596,4.0,946.1,46.2,0.1299,63.64,0.0,0.0,19.48,0.0,0.0
"Calibrated Random Forest (Platt, 5 feats)",0.7,0.3596,4.0,946.1,46.2,0.1299,63.64,0.0,0.0,19.48,0.0,0.0
"Calibrated XGBoost (Platt, 5 feats)",0.2,0.3759,4.76,1103.4,37.25,0.1137,68.4,38.1,28.57,9.96,0.3247,0.3404
"Calibrated XGBoost (Platt, 5 feats)",0.25,0.359,4.2,987.2,43.86,0.1305,63.64,9.96,7.79,17.32,0.2014,0.2876
"Calibrated XGBoost (Platt, 5 feats)",0.3,0.3611,4.09,964.0,45.18,0.1284,64.5,4.33,3.46,18.61,0.2111,0.0867
"Calibrated XGBoost (Platt, 5 feats)",0.35,0.3596,4.02,949.7,46.0,0.1299,63.64,0.87,0.87,19.48,0.0,0.0
"Calibrated XGBoost (Platt, 5 feats)",0.4,0.3596,4.0,946.1,46.2,0.1299,63.64,0.0,0.0,19.48,0.0,0.0
"Calibrated XGBoost (Platt, 5 feats)",0.45,0.3596,4.0,946.1,46.2,0.1299,63.64,0.0,0.0,19.48,0.0,0.0
"Calibrated XGBoost (Platt, 5 feats)",0.5,0.3596,4.0,946.1,46.2,0.1299,63.64,0.0,0.0,19.48,0.0,0.0
"Calibrated XGBoost (Platt, 5 feats)",0.55,0.3596,4.0,946.1,46.2,0.1299,63.64,0.0,0.0,19.48,0.0,0.0
"Calibrated XGBoost (Platt, 5 feats)",0.6,0.3596,4.0,946.1,46.2,0.1299,63.64,0.0,0.0,19.48,0.0,0.0
"Calibrated XGBoost (Platt, 5 feats)",0.65,0.3596,4.0,946.1,46.2,0.1299,63.64,0.0,0.0,19.48,0.0,0.0
"Calibrated XGBoost (Platt, 5 feats)",0.7,0.3596,4.0,946.1,46.2,0.1299,63.64,0.0,0.0,19.48,0.0,0.0
