audit_id,question_id,anonymous_system_id,question_text,generated_answer,score_0_1_2,optional_notes
1,1002,System A,How have the differences in communication styles between Twitter and Facebook increase the complexity of the problem?,The differences in communication styles between Twitter and Facebook increase the complexity of the problem by making it difficult to generalize the model across domains.,,
2,1002,System B,How have the differences in communication styles between Twitter and Facebook increase the complexity of the problem?,The differences in communication styles between Twitter and Facebook increase the complexity of the problem by making it difficult to handle code-mixed data.,,
3,1002,System C,How have the differences in communication styles between Twitter and Facebook increase the complexity of the problem?,The differences in communication styles between Twitter and Facebook increase the complexity of the problem by making it difficult to handle code-mixed data and styles.,,
4,1004,System A,What is the baseline?,The two baselines are Majority Class baseline (MC) and the Random selection baseline (RAN),,
5,1004,System B,What is the baseline?,LSTM baseline,,
6,1004,System C,What is the baseline?,Naive Bayes classifier,,
7,1028,System A,Will these findings be robust through different datasets and different question answering algorithms?,No,,
8,1028,System B,Will these findings be robust through different datasets and different question answering algorithms?,No,,
9,1028,System C,Will these findings be robust through different datasets and different question answering algorithms?,No,,
10,1067,System A,Is audio data per language balanced in dataset?,No,,
11,1067,System B,Is audio data per language balanced in dataset?,No,,
12,1067,System C,Is audio data per language balanced in dataset?,Yes,,
13,1108,System A,What features of the document are integrated into vectors of every sentence?,The features of the document are integrated into vectors of every sentence,,
14,1108,System B,What features of the document are integrated into vectors of every sentence?,"Document sentences, Document words, Topical category",,
15,1108,System C,What features of the document are integrated into vectors of every sentence?,"Document sentences, Document words, Topical category",,
16,116,System A,Is the semantic hierarchy representation used for any task?,No,,
17,116,System B,Is the semantic hierarchy representation used for any task?,No,,
18,116,System C,Is the semantic hierarchy representation used for any task?,Yes,,
19,1215,System A,What state of the art models are used in the experiments?,"LR, NBSVM, XGBoost and Bidirectional LSTM model using fastText’s skipgram word vector",,
20,1215,System B,What state of the art models are used in the experiments?,"LR, NBSVM, XGBoost, Bidirectional LSTM model using fastText’s skipgram word vector",,
21,1215,System C,What state of the art models are used in the experiments?,"LR, NBSVM, XGBoost and Bidirectional LSTM model using fastText’s skipgram word vector",,
22,1233,System A,Which baseline performs best?,IR,,
23,1233,System B,Which baseline performs best?,IR methods,,
24,1233,System C,Which baseline performs best?,IR methods,,
25,1266,System A,What is the size of the dataset?,"4,7396",,
26,1266,System B,What is the size of the dataset?,"2,396 tweets",,
27,1266,System C,What is the size of the dataset?,4792,,
28,127,System A,Which neural network architectures are employed?,"LSTM, gated neural network, Gated Combination Neural Network (GCNN)",,
29,127,System B,Which neural network architectures are employed?,"LSTM, gated neural network, gated combination neural network",,
30,127,System C,Which neural network architectures are employed?,"LSTM, gated neural network, K-means clustering, convolutional neural network, attention mechanism",,
31,1314,System A,How much gain does the model achieve with pretraining MVCNN?,1.5%,,
32,1314,System B,How much gain does the model achieve with pretraining MVCNN?,1.2%,,
33,1314,System C,How much gain does the model achieve with pretraining MVCNN?,1.5%,,
34,1317,System A,How is MVCNN compared to CNN?,"MVCNN uses variable-size filters, while CNN uses fixed-size filters",,
35,1317,System B,How is MVCNN compared to CNN?,"MVCNN has rich feature maps as input and as output of each convolution layer. Its convolution operation is not only more flexible to extract features of variable-range phrases, but also able to model dependency among all dimensions of representations.",,
36,1317,System C,How is MVCNN compared to CNN?,"MVCNN has rich feature maps as input and as output of each convolution layer. Its convolution operation is more flexible to extract features of variable-range phrases, and able to model dependency among all dimensions of representations.",,
37,1402,System A,What are the differences between FHIR and RDF?,"FHIR makes records of events, whereas RDF makes statements of fact. RDF is intended to have the property of monotonicity, whereas FHIR is not.",,
38,1402,System B,What are the differences between FHIR and RDF?,"FHIR is a healthcare data standard, RDF is a data model",,
39,1402,System C,What are the differences between FHIR and RDF?,"FHIR makes records of events, RDF makes statements of fact. FHIR is not monotonic, RDF is.",,
40,1403,System A,What do FHIR and RDF stand for?,"FHIR: Fast Health Information Records, RDF: Resource Description Framework",,
41,1403,System B,What do FHIR and RDF stand for?,"FHIR: Fast Healthcare Interoperability Resources, RDF: Resource Description Framework",,
42,1403,System C,What do FHIR and RDF stand for?,"FHIR: Fast Healthcare Interoperability Resources, RDF: Resource Description Framework",,
43,1419,System A,Which language(s) are found in the WSD datasets?,"English, Chinese",,
44,1419,System B,Which language(s) are found in the WSD datasets?,"English, Chinese",,
45,1419,System C,Which language(s) are found in the WSD datasets?,"English, Chinese",,
46,1505,System A,How are multimodal representations combined?,concatenation,,
47,1505,System B,How are multimodal representations combined?,within a deep Bayesian framework,,
48,1505,System C,How are multimodal representations combined?,concatenated,,
49,1632,System A,what processing was done on the speeches before being parsed?,"removed all numbers, punctuation marks, and stop words, deleted words that appear in less than 20% of all speeches",,
50,1632,System B,what processing was done on the speeches before being parsed?,downloaded from the official parliament website and further processed and parsed with a Python script,,
51,1632,System C,what processing was done on the speeches before being parsed?,"removed all numbers, punctuation marks, and stop words, deleted words that appear in less than 20% of all speeches",,
52,1670,System A,How does the model recognize entities and their relation to answers at inference time when answers are not accessible?,The model uses a focus attention mechanism to recognize entities and their relations to answers through a focus attention mechanism.,,
53,1670,System B,How does the model recognize entities and their relation to answers at inference time when answers are not accessible?,The model learns to recognize entities and their relation to answers through a focus attention mechanism.,,
54,1670,System C,How does the model recognize entities and their relation to answers at inference time when answers are not accessible?,through a focus attention mechanism,,
55,1683,System A,what are the off-the-shelf systems discussed in the paper?,the method of Cavnar and Trenkle,,
56,1683,System B,what are the off-the-shelf systems discussed in the paper?,"TextCat, TextBlob, LingPipe, OpenNLP, LanguageTool, Google Cloud Translation API, Microsoft Translator, Google Translate, Polyglot 3000, Lextek Language Identifier, Open Xerox Language Identifier",,
57,1683,System C,what are the off-the-shelf systems discussed in the paper?,"TextCat, whatthelang, Wikipedia-based classifier, Twitter-specific tool",,
58,171,System A,How they demonstrate that language-neutral component is sufficiently general in terms of modeling semantics to allow high-accuracy word-alignment?,by training language identification classifiers and assessing how the representation similarity corresponds to phylogenetic language families,,
59,171,System B,How they demonstrate that language-neutral component is sufficiently general in terms of modeling semantics to allow high-accuracy word-alignment?,They demonstrate that language-neutral component is sufficiently general in terms of modeling semantics to allow high-accuracy word-alignment by using a word-alignment model trained on English and French data and fine-tuning the model on the target language.,,
60,171,System C,How they demonstrate that language-neutral component is sufficiently general in terms of modeling semantics to allow high-accuracy word-alignment?,They show that the language-neutral component is sufficiently general in terms of modeling semantics to allow high-accuracy word-alignment by training a supervised projection on a small parallel corpus.,,
61,1808,System A,Which of the model yields the best performance?,GPT-2,,
62,1808,System B,Which of the model yields the best performance?,GPT-2,,
63,1808,System C,Which of the model yields the best performance?,GPT-2,,
64,1809,System A,What is the performance of the models on the tasks?,The models perform well on the tasks,,
65,1809,System B,What is the performance of the models on the tasks?,96.4%,,
66,1809,System C,What is the performance of the models on the tasks?,"GPT-2 achieves the highest score and the $n$-gram the lowest. Transformer-XL and the LSTM LM perform in the middle, and at roughly the same level as each other. All models perform well below estimated human agreement.",,
67,1828,System A,How much better performing is the proposed method over the baselines?,1.2%,,
68,1828,System B,How much better performing is the proposed method over the baselines?,1.5%,,
69,1828,System C,How much better performing is the proposed method over the baselines?,1.5%,,
70,1909,System A,What other embedding models are tested?,"Word2Vec, GloVe, FastText",,
71,1909,System B,What other embedding models are tested?,"GloVe embeddings, w2v-gn",,
72,1909,System C,What other embedding models are tested?,"w2v-gn-500K, w2v-gn-100K, w2v-gn-50K, w2v-gn-10K, w2v-gn-50K, w2v-gn-10K, w2",,
73,1958,System A,Does the paper describe experiments with real humans?,Yes,,
74,1958,System B,Does the paper describe experiments with real humans?,No,,
75,1958,System C,Does the paper describe experiments with real humans?,Yes,,
76,1984,System A,What is the task of slot filling?,extracting pre-defined relations between (named) entities from text data,,
77,1984,System B,What is the task of slot filling?,"extracting information about persons, organizations or geo-political entities from a large collection of news, web and discussion forum documents",,
78,1984,System C,What is the task of slot filling?,extracting pre-defined relations between (named) entities from text data,,
79,2023,System A,What datasets or tasks do they conduct experiments on?,WMT 2016 English-German dataset,,
80,2023,System B,What datasets or tasks do they conduct experiments on?,"language modeling, neural machine translation",,
81,2023,System C,What datasets or tasks do they conduct experiments on?,"WMT 2016 English-German dataset, One-Billion dataset",,
82,2031,System A,How much do they outperform previous state-of-the-art?,9.4 macro-average F1 and 2.6 accuracies improvement over Dmu-Entnet,,
83,2031,System B,How much do they outperform previous state-of-the-art?,9.4 macro-average F1 and 2.6 accuracies improvement over Dmu-Entnet,,
84,2031,System C,How much do they outperform previous state-of-the-art?,9.4 macro-average F1 and 2.6 accuracies improvement over Dmu-Entnet,,
85,2059,System A,What datasets are used to evaluate the model?,"WN18, FB15K, WN18RR, FB15K237, WN18RR-100, FB15K237-100",,
86,2059,System B,What datasets are used to evaluate the model?,"WN18, FB15k, FB15k-237, WN18RR",,
87,2059,System C,What datasets are used to evaluate the model?,"WN18, FB15k, FB15k-237, WN18RR",,
88,2069,System A,What text sequences are associated with each vertex?,text sequences $t_a$ and $t_b$,,
89,2069,System B,What text sequences are associated with each vertex?,The text sequences are the titles of the papers,,
90,2069,System C,What text sequences are associated with each vertex?,The text sequences are the titles and abstracts of the papers associated with each vertex,,
91,2158,System A,What they use as a metric of finding hot spots in meeting?,unweighted average recall (UAR),,
92,2158,System B,What they use as a metric of finding hot spots in meeting?,F1 score,,
93,2158,System C,What they use as a metric of finding hot spots in meeting?,unweighted average recall (UAR),,
94,2161,System A,What annotations are available in ICSI meeting corpus?,"annotations for involvement hot spots , linguistic utterance units, and word time boundaries based on forced alignment",,
95,2161,System B,What annotations are available in ICSI meeting corpus?,"annotations for involvement hot spots , linguistic utterance units, and word time boundaries based on forced alignment",,
96,2161,System C,What annotations are available in ICSI meeting corpus?,"involvement hot spots , linguistic utterance units, and word time boundaries based on forced alignment",,
97,2192,System A,What are the competing models?,"BERT, GPT-2, GPT-Neo, GPT-2-Neo, GPT-2-Neo-Neo",,
98,2192,System B,What are the competing models?,"LeakGAN, AC, REINFORCE, LSTM, LSTM-GAN, LSTM-AC, LSTM-GAN-AC",,
99,2192,System C,What are the competing models?,"TF, SS, LeakGAN, SeqGAN, RankGAN",,
100,2293,System A,what was the evaluation metrics studied in this work?,"Hits@1, Hits@3, Hits@10, Mean Rank, Precision@1, Precision@3, Precision@10",,
101,2293,System B,what was the evaluation metrics studied in this work?,"Hits@1, Hits@3, Hits@5, Hits@10",,
102,2293,System C,what was the evaluation metrics studied in this work?,"Hits@1, Hits@3, Hits@5, Hits@10, MRR(raw), MRR(filtered)",,
103,283,System A,What normalization techniques are mentioned?,FBanks with cepstral mean normalization (CMN),,
104,283,System B,What normalization techniques are mentioned?,"cepstral mean normalization (CMN), variance with mean normalization (CMVN)",,
105,283,System C,What normalization techniques are mentioned?,"cepstral mean normalization (CMN), variance with mean normalization (CMVN)",,
106,285,System A,Which architecture is their best model?,6-layer bLSTM with 1024 hidden units,,
107,285,System B,Which architecture is their best model?,6-layer bLSTM with 1024 hidden units,,
108,285,System C,Which architecture is their best model?,6-layer bLSTM with 1024 hidden units,,
109,420,System A,How does the parameter-free model work?,"The parameter-free model summarizes each set of seed words by its expected vector in embedding space, and classifies concepts into the class of closest expected embedding in Euclidean distance following a softmax rule",,
110,420,System B,How does the parameter-free model work?,"The model is based on the premise that language use can inform people's moral perception toward right or wrong, and we build our methodology by exploring moral biases learned from diachronic word embeddings.",,
111,420,System C,How does the parameter-free model work?,"The Centroid model is a simple, parameter-free model that uses the average of the word vectors as the representation of the word.",,
112,422,System A,Which fine-grained moral dimension examples do they showcase?,"care, fairness, loyalty, purity, sanctity, self-direction, tradition, utility, welfare",,
113,422,System B,Which fine-grained moral dimension examples do they showcase?,"Care / Harm, Fairness / Cheating, Loyalty / Betrayal, Authority / Subversion, Sanctity / Degradation",,
114,422,System C,Which fine-grained moral dimension examples do they showcase?,"fairness, harm, ingroup, loyalty, purity, sanctity, self-direction, tradition, universalism, care",,
115,480,System A,How is the performance on the task evaluated?,accuracy,,
116,480,System B,How is the performance on the task evaluated?,accuracy,,
117,480,System C,How is the performance on the task evaluated?,accuracy,,
118,545,System A,How can the classifier facilitate the annotation task for human annotators?,by filtering out irrelevant tweets,,
119,545,System B,How can the classifier facilitate the annotation task for human annotators?,by predicting pro-Russian and pro-Ukrainian tweets,,
120,545,System C,How can the classifier facilitate the annotation task for human annotators?,by pre-filtering tweets for manual annotation,,
121,550,System A,What dataset is used for this study?,MH17 dataset,,
122,550,System B,What dataset is used for this study?,MH17 Twitter dataset,,
123,550,System C,What dataset is used for this study?,MH17 Twitter dataset,,
124,551,System A,What proxies for data annotation were used in previous datasets?,"small, manually annotated datasets",,
125,551,System B,What proxies for data annotation were used in previous datasets?,"small, manually annotated datasets, or used proxies for data annotation",,
126,551,System C,What proxies for data annotation were used in previous datasets?,"small, manually annotated datasets, or used proxys for data annotation",,
127,632,System A,What other interesting correlations are observed?,Yoga-Veganism,,
128,632,System B,What other interesting correlations are observed?,Yoga-Veganism,,
129,632,System C,What other interesting correlations are observed?,Women-Yoga,,
130,638,System A,What are three main machine translation tasks?,"WMT16, WMT17, WMT18",,
131,638,System B,What are three main machine translation tasks?,"IWSLT 2015 De-En translation, WMT14 En-De translation, WMT14 En-Fr translation",,
132,638,System C,What are three main machine translation tasks?,"WMT14, WMT15, WMT16",,
133,639,System A,How big is improvement in performance over Transformers?,1.4 BLEU scores,,
134,639,System B,How big is improvement in performance over Transformers?,2.2 BLEU gains in En-Fr translation,,
135,639,System C,How big is improvement in performance over Transformers?,2.2 BLEU gains in En-Fr translation,,
136,735,System A,How do they condition the output to a given target-source class?,by prepending the length token to the source text,,
137,735,System B,How do they condition the output to a given target-source class?,by augmenting the source side with a token representing a specific length-ratio class,,
138,735,System C,How do they condition the output to a given target-source class?,by adding a token to the source side,,
139,819,System A,What does Frege's holistic and functional approach to meaning states?,meaning is given by the contexts where it occurs,,
140,819,System B,What does Frege's holistic and functional approach to meaning states?,meaning is something that words have in sentences; and it's something that sentences have in a language,,
141,819,System C,What does Frege's holistic and functional approach to meaning states?,meaning of the whole determines the meaning of parts,,
142,879,System A,How do they obtain the logical forms of their questions in their dataset?,by crowdsourcing,,
143,879,System B,How do they obtain the logical forms of their questions in their dataset?,by reverse-engineering them from a set of follow-up questions,,
144,879,System C,How do they obtain the logical forms of their questions in their dataset?,by reverse-engineering them from a set of follow-up questions,,
145,951,System A,How can a neural model be used for a retrieval if the input is the entire Wikipedia?,We use a Word Level Attention (WLA) mechanism to selectively focus on the relevant parts of the article.,,
146,951,System B,How can a neural model be used for a retrieval if the input is the entire Wikipedia?,The neural model can be used for retrieval by using a mixture model to predict the article to feed the comprehension model.,,
147,951,System C,How can a neural model be used for a retrieval if the input is the entire Wikipedia?,The neural model can be used for retrieval by ranking articles based on the probability of the question given the article.,,
148,964,System A,How do their results compare against other competitors in the PAN 2017 shared task on Author Profiling?,"N-GrAM came first in the shared task, with a score of 0.8253 for gender 0.9184 for variety, a joint score of 0.8361 and an average score of 0.8599 (final rankings were taken from",,
149,964,System B,How do their results compare against other competitors in the PAN 2017 shared task on Author Profiling?,"N-GrAM came first in the shared task, with a score of 0.8253 for gender 0.9184 for variety, a joint score of 0.8361 and an average score of 0.8599 (final rankings were taken from",,
150,964,System C,How do their results compare against other competitors in the PAN 2017 shared task on Author Profiling?,The authors' best performing system is a linear support vector machine with word unigrams and character 3-5 grams as features. The authors' best performing system is a linear support vector machine with word unigrams and character 3-5 grams as features.,,
