question_id,paper_id,passage_rank,passage_id,match_category,bm25_score,full_mean_logprob,replaced_mean_logprob,delta_replace,orig_passage_tokens,replacement_passage_tokens,token_length_diff,donor_paper_id,donor_question_id,donor_passage_rank
1001,293,1,293_chunk_c447ec3e-cdf7-4cb0-9131-2f242ec381fd,WEAK,3.1186,-1.24219,-1.19531,-0.046875,132,132,0,388,1264,2
1001,293,2,293_chunk_6097e73f-f027-4ea0-8e93-8f1691ced556,STRONG,2.6776,-1.24219,-1.21875,-0.023438,240,240,0,92,344,4
1001,293,3,293_chunk_754090fb-31ff-4385-9948-c68c14a23a06,WEAK,1.8465,-1.24219,-1.26562,0.023438,266,262,-4,640,1917,8
1001,293,4,293_chunk_92b075a7-4be7-46b4-a3c4-56893abfb7e2,WEAK,1.7771,-1.24219,-1.24219,0.0,274,274,0,394,1282,6
1001,293,5,293_chunk_7192a83a-a6f6-4173-a99d-34c339d2b887,WEAK,1.5857,-1.24219,-1.21094,-0.03125,168,168,0,591,1800,2
1001,293,6,293_chunk_11813f79-19af-44f4-9d2f-3ae82f54ba73,STRONG,1.3377,-1.24219,-1.48438,0.242188,229,225,-4,298,1013,8
1001,293,7,293_chunk_16888280-6d35-4370-8cec-4921dab36d38,WEAK,0.9547,-1.24219,-1.25,0.007812,22,22,0,837,2262,6
1001,293,8,293_chunk_33e28109-92fe-4d0f-a2f5-91a4cd799f34,PARTIAL,0.9092,-1.24219,-1.23438,-0.007812,230,228,-2,379,1234,10
1001,293,9,293_chunk_7785834a-114c-4570-a2c2-5761cb12e393,PARTIAL,0.7731,-1.24219,-1.59375,0.351562,53,48,-5,467,1496,8
1001,293,10,293_chunk_a09d114c-3126-438a-abc7-01af371bb87d,PARTIAL,0.7725,-1.24219,-1.26562,0.023438,268,264,-4,372,1213,10
105,28,1,28_chunk_be25c2d0-5242-4edd-b623-7a90d164e538,WEAK,3.3282,-0.21777,-0.23535,0.017578,28,28,0,467,1494,9
105,28,2,28_chunk_6d6497bf-29a7-477e-b2d2-45bb9d7a778e,NONE,2.6243,-0.21777,-0.25195,0.03418,180,180,0,294,1005,1
105,28,3,28_chunk_42c18401-a1af-4f5f-9406-320ad123fa70,STRONG,1.8511,-0.21777,-1.19531,0.977539,264,263,-1,575,1763,8
105,28,4,28_chunk_fed14b07-6e55-4284-aeee-f3b90772001d,WEAK,1.8234,-0.21777,-0.22852,0.010742,235,232,-3,282,965,5
105,28,5,28_chunk_3d8fed03-a804-4ac3-99fe-3b21f83d9d80,NONE,1.1065,-0.21777,-0.22168,0.003906,106,106,0,692,2023,3
105,28,6,28_chunk_0c6307f4-0d21-4cf2-82c0-6ae16d163d04,NONE,0.9967,-0.21777,-0.23438,0.016602,115,115,0,549,1704,4
105,28,7,28_chunk_de789d2c-050c-4742-a3af-f7304bc3aa87,NONE,0.9364,-0.21777,-0.23438,0.016602,232,230,-2,388,1267,2
105,28,8,28_chunk_53c2a8ef-fa65-49cf-8b5d-d64b7bde3a7e,WEAK,0.8223,-0.21777,-0.22754,0.009766,255,254,-1,640,1918,3
105,28,9,28_chunk_96f44d04-f885-4cad-bfc7-b94bf6041126,WEAK,0.7575,-0.21777,-0.23047,0.012695,244,244,0,254,883,2
105,28,10,28_chunk_022c5cec-5bdd-4341-be18-1e6fcafcd48d,NONE,0.7508,-0.21777,-0.20898,-0.008789,257,257,0,665,1964,3
1067,317,1,317_chunk_565896f1-c6d3-4e92-a6a4-36ff98ad1585,STRONG,2.8357,-0.45508,-0.96875,0.513672,183,183,0,692,2023,9
1067,317,2,317_chunk_46fe5e35-acf8-4093-ad09-501a243531b6,WEAK,1.5005,-0.45508,-0.36914,-0.085938,253,248,-5,591,1801,5
1067,317,3,317_chunk_1e64f157-6401-463d-ad97-6cac1079e416,STRONG,1.3535,-0.45508,-0.53906,0.083984,215,215,0,294,1005,7
1067,317,4,317_chunk_0258d4f2-7ee1-46e2-b0c1-cc8b186fe2c2,PARTIAL,1.0081,-0.45508,-0.53906,0.083984,285,281,-4,92,345,4
1067,317,5,317_chunk_144d99e3-982b-42e8-8445-a12897f015c6,WEAK,0.9404,-0.45508,-0.44531,-0.009766,254,254,0,595,1809,5
1067,317,6,317_chunk_82b5aeba-d5b2-47a9-a87d-983436c3910f,PARTIAL,0.9146,-0.45508,-0.4668,0.011719,133,132,-1,294,1004,8
1067,317,7,317_chunk_895fbf63-821c-4f33-8ccf-f851273ff691,WEAK,0.5432,-0.45508,-0.44531,-0.009766,178,173,-5,505,1587,2
1067,317,8,317_chunk_046a61c5-7f79-4b37-a4a4-d98340c383c5,WEAK,0.5349,-0.45508,-0.42773,-0.027344,177,177,0,294,1005,1
1067,317,9,317_chunk_104051ad-a048-4fc9-b58e-cb17bc7b3a4a,WEAK,0.4812,-0.45508,-0.42578,-0.029297,250,247,-3,590,1799,1
1067,317,10,317_chunk_88bf16ff-aafb-4912-accf-063750457521,PARTIAL,0.4287,-0.45508,-0.46875,0.013672,156,156,0,304,1030,1
1108,332,1,332_chunk_6315f649-8a93-4435-8681-6cf704eb34f1,WEAK,2.664,-1.45312,-1.46875,0.015625,197,193,-4,199,723,8
1108,332,2,332_chunk_2476ba5b-c4ea-40db-95c6-fb80501781cf,STRONG,1.4769,-1.45312,-1.46094,0.007812,187,187,0,379,1234,9
1108,332,3,332_chunk_85065e10-9490-4d27-80fe-921fdc3209c9,STRONG,1.3875,-1.45312,-1.67188,0.21875,240,238,-2,520,1632,3
1108,332,4,332_chunk_41e82eeb-e171-485c-a418-a3c93a362133,PARTIAL,1.3388,-1.45312,-1.46094,0.007812,247,243,-4,92,344,4
1108,332,5,332_chunk_ccb47632-b39c-4c3f-bdbc-66adc3603108,PARTIAL,1.0049,-1.45312,-1.46094,0.007812,133,133,0,388,1264,2
1108,332,6,332_chunk_da21b2be-fa93-42aa-98fc-c21514bd978a,PARTIAL,0.9366,-1.45312,-1.45312,0.0,191,191,0,575,1763,3
1108,332,7,332_chunk_473bf422-ccfc-484a-9770-1cf7c0558067,STRONG,0.8694,-1.45312,-1.46094,0.007812,187,183,-4,419,1366,2
1108,332,8,332_chunk_ccb83189-bd30-43ac-b00b-c2bddfb3cc56,STRONG,0.834,-1.45312,-1.45312,0.0,232,232,0,621,1871,4
1108,332,9,332_chunk_8b949fdc-8486-4d4d-b520-84b36ba38293,PARTIAL,0.829,-1.45312,-1.45312,0.0,209,209,0,282,966,5
1108,332,10,332_chunk_db0b0e0d-f7e3-4025-a70c-7905f89e90fa,PARTIAL,0.7893,-1.45312,-1.98438,0.53125,262,262,0,790,2190,1
1134,340,1,340_chunk_e6f1351a-97a2-4000-ace3-fddc012b5282,WEAK,2.0818,-0.35938,-0.32812,-0.03125,159,159,0,129,481,3
1134,340,2,340_chunk_b9c021b3-db14-48f3-8b8d-beb2bb80b6b9,STRONG,1.9291,-0.35938,-1.69531,1.335938,197,193,-4,351,1160,9
1134,340,3,340_chunk_e3ee7a9c-8c85-4b04-979c-fa625b7af032,NONE,1.7952,-0.35938,-0.35352,-0.005859,117,117,0,36,125,5
1134,340,4,340_chunk_8204e026-127f-4eb4-83e5-80e8a36a4745,PARTIAL,1.6206,-0.35938,-0.34961,-0.009766,234,234,0,549,1704,1
1134,340,5,340_chunk_e2cc996c-b11c-4fcb-bf7a-a10cfa593f89,WEAK,1.4304,-0.35938,-0.3418,-0.017578,269,269,0,199,722,8
1134,340,6,340_chunk_6c946bbb-86c6-4b4c-bbcb-fdf1de79707e,NONE,1.2119,-0.35938,-0.39453,0.035156,263,263,0,419,1366,7
1134,340,7,340_chunk_3ec9d791-3a9b-462e-a8be-44c66e8e7c6d,WEAK,1.187,-0.35938,-0.25586,-0.103516,152,152,0,470,1505,9
1134,340,8,340_chunk_d65fe459-bcac-4079-b21c-4253d8dbd05f,NONE,1.1031,-0.35938,-0.30859,-0.050781,93,93,0,199,722,7
1134,340,9,340_chunk_b0aec424-c854-4503-af86-52bb9bed1128,WEAK,0.9391,-0.35938,-0.33594,-0.023438,251,249,-2,254,884,7
1134,340,10,340_chunk_5fd23cc4-a00b-4769-99b6-51aa155fc0d1,WEAK,0.9315,-0.35938,-0.3457,-0.013672,205,201,-4,595,1810,7
116,33,1,33_chunk_2ad57f33-69dd-4fa1-aa64-07daeb85e449,WEAK,2.1783,-2.0625,-2.34375,0.28125,62,59,-3,594,1807,7
116,33,2,33_chunk_978e39c6-b0b3-4820-adfb-b7723a27a7b6,WEAK,1.3021,-2.0625,-2.17188,0.109375,140,140,0,379,1233,7
116,33,3,33_chunk_efd7acdd-8547-489a-8262-b53594f31fbe,PARTIAL,1.2582,-2.0625,-1.96875,-0.09375,262,259,-3,419,1365,10
116,33,4,33_chunk_9d3deab3-8213-499e-9ebb-8d06762f3208,WEAK,0.7865,-2.0625,-2.375,0.3125,92,92,0,199,723,2
116,33,5,33_chunk_28d2c60f-2945-4846-9241-72d22aece537,STRONG,0.7525,-2.0625,-4.96875,2.90625,232,232,0,199,723,3
116,33,6,33_chunk_9bf831a4-627b-413b-ab2d-4e0f021beb38,NONE,0.7002,-2.0625,-2.28125,0.21875,130,130,0,687,2014,3
116,33,7,33_chunk_27d110c4-0cba-4e54-895b-5a48049db710,NONE,0.4592,-2.0625,-2.26562,0.203125,42,42,0,665,1964,9
116,33,8,33_chunk_d24a75bd-dc38-43b6-b09f-e053013a9eb5,NONE,0.3935,-2.0625,-2.125,0.0625,203,203,0,467,1494,4
116,33,9,33_chunk_cabd0646-a1bb-4bbc-af44-ff4c6f60baa7,NONE,0.3446,-2.0625,-2.0,-0.0625,128,123,-5,575,1763,9
116,33,10,33_chunk_b18c36e5-ce14-4c90-a8c7-90f206bd429d,WEAK,0.3242,-2.0625,-2.28125,0.21875,182,177,-5,505,1586,2
1188,361,1,361_chunk_712ffda6-f6e2-459a-9dc6-860e8d43e73c,NONE,0.6755,-0.12256,-0.11523,-0.007324,138,138,0,129,480,6
1188,361,2,361_chunk_56be5778-2476-4062-a607-f7885271ae58,NONE,0.6604,-0.12256,-0.36523,0.242676,152,149,-3,591,1800,7
1188,361,3,361_chunk_3073fe0e-9501-4c95-a68d-47880ae50540,NONE,0.4468,-0.12256,-0.12402,0.001465,171,171,0,505,1587,2
1188,361,4,361_chunk_6670eb72-4a64-42b5-af15-8621d453901b,NONE,0.4042,-0.12256,-0.13574,0.013184,230,230,0,837,2262,9
1188,361,5,361_chunk_10b090f1-71f6-44a6-81d9-12347ef9784b,STRONG,0.3867,-0.12256,-0.30469,0.182129,227,227,0,388,1267,2
1188,361,6,361_chunk_7a5b1c23-229e-4fdd-94fa-208f06f5ea26,WEAK,0.3801,-0.12256,-0.0918,-0.030762,270,269,-1,549,1705,2
1188,361,7,361_chunk_0e63bfbe-1289-40b3-91d8-8badd4c85a78,NONE,0.3737,-0.12256,-0.13086,0.008301,283,281,-2,304,1029,2
1188,361,8,361_chunk_38138143-1f3c-4b9d-9a0a-cb5538cd0ce7,WEAK,0.3721,-0.12256,-0.10498,-0.017578,267,267,0,665,1965,6
1188,361,9,361_chunk_1ea5b198-0fa4-4b69-99d4-e07ca664795f,NONE,0.3675,-0.12256,-0.12988,0.007324,266,266,0,199,721,1
1188,361,10,361_chunk_6adf71d7-3add-4d97-9bf0-a5c034449c49,NONE,0.0,-0.12256,-0.13086,0.008301,157,157,0,276,951,2
1378,423,1,423_chunk_e2a99b17-c228-49ca-bf26-c6578f01adb1,NONE,3.1099,-1.89844,-1.90625,0.007812,226,226,0,572,1757,6
1378,423,2,423_chunk_f64a7afe-d94a-432d-9667-02e15a5d5e2a,WEAK,1.3794,-1.89844,-1.84375,-0.054688,241,240,-1,199,723,7
1378,423,3,423_chunk_ad49d378-a746-4777-8c34-acaf3bcbe744,NONE,1.3261,-1.89844,-1.80469,-0.09375,244,239,-5,304,1029,5
1378,423,4,423_chunk_05b817db-37e0-4f8e-a29f-0c8f7b031090,NONE,1.2244,-1.89844,-1.97656,0.078125,241,241,0,665,1965,4
1378,423,5,423_chunk_7cd857a2-4ade-4e38-ba48-0ff6d1b537fc,WEAK,1.1644,-1.89844,-1.79688,-0.101562,253,249,-4,549,1705,1
1378,423,6,423_chunk_bfea7c71-1ef9-4557-9163-1c6f5f89d73b,WEAK,1.0929,-1.89844,-1.8125,-0.085938,261,261,0,404,1313,5
1378,423,7,423_chunk_c16749d0-9081-401a-9263-baff85ffb5cc,NONE,0.8951,-1.89844,-1.90625,0.007812,234,234,0,92,346,10
1378,423,8,423_chunk_bf3aaa27-6be7-444d-8a86-13213db54cd3,NONE,0.8878,-1.89844,-1.89844,0.0,193,193,0,199,723,8
1378,423,9,423_chunk_6ec89520-b1da-4abb-8bc6-f8b85b7501cb,WEAK,0.6129,-1.89844,-1.88281,-0.015625,276,276,0,419,1364,3
1378,423,10,423_chunk_d1072745-744d-44b1-bfa3-e027628ac12c,WEAK,0.5982,-1.89844,-1.89062,-0.007812,274,274,0,199,722,3
1403,431,1,431_chunk_9f181ced-26d6-448f-8f32-220594d7ff56,NONE,3.4058,-0.28125,-0.26367,-0.017578,40,40,0,351,1158,9
1403,431,2,431_chunk_d512c6a7-ce6a-4e4d-bbeb-5f3dc16c746c,PARTIAL,1.5045,-0.28125,-0.28516,0.003906,227,227,0,715,2059,10
1403,431,3,431_chunk_c1c51f72-ca59-45ff-a2aa-ed03479173e2,PARTIAL,1.2969,-0.28125,-0.31641,0.035156,138,138,0,129,480,9
1403,431,4,431_chunk_f9838a0a-262b-4e94-8327-1fbd8562dd10,PARTIAL,1.1068,-0.28125,-0.24805,-0.033203,265,264,-1,692,2023,1
1403,431,5,431_chunk_5fe09df1-bd71-4182-b2e3-50ae4edc5b6e,WEAK,1.1003,-0.28125,-0.25781,-0.023438,246,241,-5,304,1030,9
1403,431,6,431_chunk_8a429184-7c0f-4cc0-b9db-8665329a0848,WEAK,1.0753,-0.28125,-0.25391,-0.027344,276,272,-4,254,883,1
1403,431,7,431_chunk_d123048b-bc6d-4256-a91e-796d0c65e65c,WEAK,0.9262,-0.28125,-0.25391,-0.027344,219,214,-5,621,1871,2
1403,431,8,431_chunk_7f496e64-8f4e-4a9c-97d2-984800c5a3b3,WEAK,0.9261,-0.28125,-0.26953,-0.011719,88,82,-6,282,966,1
1403,431,9,431_chunk_e0d8204d-f4dc-43c9-b965-195b66761e81,STRONG,0.8575,-0.28125,-0.68359,0.402344,270,265,-5,790,2190,8
1403,431,10,431_chunk_4e67f703-b409-4f0d-b81c-6e507b8a320d,WEAK,0.7586,-0.28125,-0.27148,-0.009766,188,188,0,595,1808,9
1420,438,1,438_chunk_16c777dc-99ee-4607-8e8c-e583653697d5,STRONG,2.539,-0.1582,-0.33984,0.181641,264,264,0,798,2201,10
1420,438,2,438_chunk_ff77770b-dd94-45d8-abcd-5001ac322c92,WEAK,1.652,-0.1582,-0.16699,0.008789,167,165,-2,640,1917,10
1420,438,3,438_chunk_6a9d3ba1-aa7b-4bc5-814d-07f333ea3ced,NONE,1.1378,-0.1582,-0.16113,0.00293,274,269,-5,419,1364,8
1420,438,4,438_chunk_c064b703-a784-4769-beb6-43b17076f195,WEAK,1.0242,-0.1582,-0.16699,0.008789,283,281,-2,467,1493,6
1420,438,5,438_chunk_c73c2119-f5e1-4b97-a93d-bd1daa47a811,NONE,0.9896,-0.1582,-0.18652,0.02832,166,163,-3,282,964,2
1420,438,6,438_chunk_6e90ef6c-eee4-4812-bc55-9c69ab0c5fe5,STRONG,0.8263,-0.1582,-0.87109,0.712891,259,259,0,372,1213,10
1420,438,7,438_chunk_127c9bb2-c21f-44d1-a955-d6a5c203e76f,WEAK,0.7115,-0.1582,-0.20117,0.042969,132,127,-5,647,1934,4
1420,438,8,438_chunk_e95fda97-d531-4bb2-bdfe-37e3956b6bd2,NONE,0.7059,-0.1582,-0.16699,0.008789,116,116,0,36,126,2
1420,438,9,438_chunk_e4cc575e-b691-4b67-bfbb-48e7b2801a24,NONE,0.6192,-0.1582,-0.1709,0.012695,239,239,0,388,1267,5
1420,438,10,438_chunk_2f5fb7c4-aab4-4f3a-bb17-56f4b420ac53,NONE,0.5805,-0.1582,-0.18262,0.024414,242,241,-1,372,1213,2
1460,454,1,454_chunk_9f5ee6e9-2985-48ba-9fef-e7e63d24f126,STRONG,0.8582,-0.76172,-0.82031,0.058594,59,59,0,867,2293,2
1460,454,2,454_chunk_122038ff-eaaf-4dd1-a895-07503a5b779e,NONE,0.7248,-0.76172,-0.78125,0.019531,108,108,0,467,1495,6
1460,454,3,454_chunk_8545f33e-c5a7-47b3-ba92-3f004b13677c,NONE,0.6883,-0.76172,-0.76953,0.007812,265,261,-4,640,1920,1
1460,454,4,454_chunk_ab8fd23b-e201-48ea-933f-fadd7bf594e4,PARTIAL,0.6316,-0.76172,-0.80078,0.039062,206,206,0,467,1494,4
1460,454,5,454_chunk_705d5c15-4caa-4f74-b14f-65796a5e3870,PARTIAL,0.5194,-0.76172,-0.85156,0.089844,259,259,0,505,1586,6
1460,454,6,454_chunk_98631679-d3ac-4415-98f5-ed6380daeb3f,WEAK,0.4322,-0.76172,-0.98047,0.21875,132,132,0,282,964,6
1460,454,7,454_chunk_8a3fb61d-db5c-4ead-904e-347611432bc7,NONE,0.4065,-0.76172,-0.86719,0.105469,253,253,0,520,1632,6
1460,454,8,454_chunk_d428b153-ba5c-4922-a32e-ee02c1ac0913,WEAK,0.3587,-0.76172,-0.8125,0.050781,44,44,0,665,1964,9
1460,454,9,454_chunk_ed4d987e-5769-483f-8e35-a75808a55290,NONE,0.2788,-0.76172,-0.82812,0.066406,280,278,-2,92,344,8
1460,454,10,454_chunk_517d0d34-863e-4a6a-b21f-ce63b4b7246a,STRONG,0.2452,-0.76172,-0.75781,-0.003906,150,150,0,92,343,1
156,45,1,45_chunk_fceee1f1-3845-4551-9d13-f7a5b35fbb3d,WEAK,3.9394,-0.3125,-0.28906,-0.023438,260,260,0,36,126,9
156,45,2,45_chunk_c19fbe42-45c4-40b8-9ca5-65ad62060994,WEAK,2.5468,-0.3125,-0.28906,-0.023438,261,257,-4,404,1313,4
156,45,3,45_chunk_54161f2d-ae4c-48fc-b576-5dee750de85e,STRONG,2.3065,-0.3125,-0.23926,-0.073242,116,112,-4,467,1496,3
156,45,4,45_chunk_5bd3746a-26f1-4842-8372-e03ce2f4fc2a,WEAK,2.1468,-0.3125,-0.33008,0.017578,238,238,0,92,340,10
156,45,5,45_chunk_908f176b-ef32-4904-a579-bce1a330df06,STRONG,2.0039,-0.3125,-1.5625,1.25,203,203,0,254,884,1
156,45,6,45_chunk_914c295e-7b0d-4d75-9c32-ff6c8428d972,WEAK,2.0038,-0.3125,-0.32227,0.009766,219,215,-4,640,1919,10
156,45,7,45_chunk_cc3c72cc-200f-4fdb-982b-009118148bf5,WEAK,1.8292,-0.3125,-0.30469,-0.007812,128,128,0,92,345,8
156,45,8,45_chunk_40f89e1c-6b98-448d-aee8-5edd351986cc,WEAK,1.3311,-0.3125,-0.29883,-0.013672,254,254,0,404,1316,6
156,45,9,45_chunk_d43d0665-fef7-48e6-aa3f-d9252c57a3dc,WEAK,1.2314,-0.3125,-0.31445,0.001953,261,257,-4,590,1799,7
156,45,10,45_chunk_0292418b-7f11-401a-9339-69489e34a696,WEAK,0.9452,-0.3125,-0.31641,0.003906,261,256,-5,467,1495,7
1663,535,1,535_chunk_51ae1d54-3d3c-461f-84cc-918f8121e121,WEAK,2.589,-0.72266,-0.73828,0.015625,118,118,0,594,1807,5
1663,535,2,535_chunk_6712426d-9e55-42da-8f17-3f61e26fc48a,WEAK,2.0664,-0.72266,-0.73828,0.015625,220,220,0,470,1504,2
1663,535,3,535_chunk_195d8b6b-dc54-46de-8aaa-3b028695ef86,WEAK,1.3126,-0.72266,-0.86328,0.140625,70,69,-1,790,2190,6
1663,535,4,535_chunk_de8435e9-090f-4469-8741-ead0b084c0a9,WEAK,1.2713,-0.72266,-0.76172,0.039062,205,201,-4,595,1810,7
1663,535,5,535_chunk_58ec79c7-af55-4b5b-aaa1-4950347a0863,NONE,1.2536,-0.72266,-0.72656,0.003906,236,235,-1,798,2201,9
1663,535,6,535_chunk_c2dac4cf-4b82-432a-b538-473dd70a9d3c,STRONG,1.1503,-0.72266,-0.79297,0.070312,266,266,0,798,2201,10
1663,535,7,535_chunk_d06206f8-e6b9-4225-b65b-e8b3c1737891,STRONG,1.0123,-0.72266,-0.74609,0.023438,258,254,-4,254,884,10
1663,535,8,535_chunk_59d3ab07-16c9-472b-8da0-1f3564c0ec1a,WEAK,0.4448,-0.72266,-0.76562,0.042969,247,246,-1,595,1809,8
1663,535,9,535_chunk_d44e3ea9-26de-4b02-b5ff-9a131d93e5fd,NONE,0.374,-0.72266,-0.76562,0.042969,137,137,0,799,2202,6
1663,535,10,535_chunk_7db82936-480f-4488-9097-7a2da5aadfbc,NONE,0.3658,-0.72266,-0.73828,0.015625,249,249,0,591,1800,5
1670,538,1,538_chunk_389ec807-ac4d-43fe-a78e-b8a0d58e22ec,WEAK,4.145,-2.6875,-2.5625,-0.125,189,189,0,351,1158,6
1670,538,2,538_chunk_022074ae-c519-4273-8766-b5d296425af8,WEAK,2.7379,-2.6875,-2.76562,0.078125,251,251,0,594,1807,6
1670,538,3,538_chunk_0e868543-4415-44aa-a7d1-7cb00e37af60,WEAK,2.6109,-2.6875,-2.71875,0.03125,248,248,0,351,1161,8
1670,538,4,538_chunk_e97c0a60-ccb1-4061-b939-7ee18608dc37,WEAK,2.4603,-2.6875,-2.60938,-0.078125,267,267,0,640,1920,7
1670,538,5,538_chunk_d5f080f9-65f6-488c-977c-5ed95d859149,WEAK,1.989,-2.6875,-2.71875,0.03125,248,248,0,591,1801,5
1670,538,6,538_chunk_cde3bc68-3974-4538-99b8-86e006e219d1,STRONG,1.7859,-2.6875,-2.8125,0.125,234,234,0,640,1918,7
1670,538,7,538_chunk_1b6a16b1-0639-4394-991c-da6536d1710f,WEAK,1.568,-2.6875,-2.75,0.0625,254,251,-3,505,1587,10
1670,538,8,538_chunk_ec5f9de8-1564-41da-b324-91e4f2b82918,STRONG,1.503,-2.6875,-2.65625,-0.03125,192,190,-2,687,2014,2
1670,538,9,538_chunk_4abee977-8771-4ef0-8630-62d439ea46e4,WEAK,1.3962,-2.6875,-2.75,0.0625,189,189,0,351,1159,4
1670,538,10,538_chunk_d080db03-03b3-4034-ae4f-9c82c3ca6b93,WEAK,1.392,-2.6875,-2.95312,0.265625,247,247,0,505,1587,10
1682,542,1,542_chunk_a784fa8c-2452-4052-be26-5bcd61757ede,NONE,2.6348,-0.71094,-0.73438,0.023438,241,241,0,621,1871,5
1682,542,2,542_chunk_9facb7e6-641e-4737-bf22-086acce463d6,NONE,2.4459,-0.71094,-0.70312,-0.007812,89,84,-5,404,1313,8
1682,542,3,542_chunk_396cc800-e4c7-42e5-a92f-aaeeba749b7f,WEAK,2.0945,-0.71094,-0.69531,-0.015625,254,249,-5,294,1005,9
1682,542,4,542_chunk_cab66ecb-3dfc-4548-815e-aced5024106f,WEAK,2.0078,-0.71094,-0.75391,0.042969,236,236,0,404,1315,9
1682,542,5,542_chunk_899969bf-98d3-403f-be63-06332e5bb968,NONE,1.839,-0.71094,-0.74219,0.03125,188,188,0,276,951,7
1682,542,6,542_chunk_010d813e-b0b3-4d48-a52c-cfe3fa3c3d4a,STRONG,1.8369,-0.71094,-1.42969,0.71875,262,262,0,469,1503,5
1682,542,7,542_chunk_6dea9424-0420-47a1-a1db-43dfef06af2a,NONE,1.8036,-0.71094,-0.72266,0.011719,247,245,-2,372,1214,4
1682,542,8,542_chunk_0eb9fa0b-0dce-4d01-9383-263a2c1e73b8,WEAK,1.7987,-0.71094,-0.6875,-0.023438,183,183,0,469,1502,5
1682,542,9,542_chunk_1b58d8f5-f59a-4757-915e-0962497ec5d0,NONE,1.774,-0.71094,-0.72656,0.015625,52,48,-4,467,1493,2
1682,542,10,542_chunk_8754ce8c-89a2-4de9-bce3-0e43e61689e8,WEAK,1.6359,-0.71094,-0.73438,0.023438,277,277,0,304,1030,8
171,49,1,49_chunk_7ccebe43-bc65-4369-a832-b671a265bee4,WEAK,8.8433,-0.1582,-0.15918,0.000977,189,187,-2,388,1265,10
171,49,2,49_chunk_85a7b6d8-0868-4698-904d-662e3eaa1c61,STRONG,2.8816,-0.1582,-0.16016,0.001953,264,264,0,419,1366,9
171,49,3,49_chunk_67321cf0-a4b1-4796-80c2-467e26fab00b,PARTIAL,2.3633,-0.1582,-0.14258,-0.015625,193,193,0,351,1161,4
171,49,4,49_chunk_7327608b-7801-4b70-9d07-34655264a771,WEAK,2.2818,-0.1582,-0.15918,0.000977,257,257,0,404,1313,4
171,49,5,49_chunk_f53b6048-0cbd-49c4-8f7a-d996feb0f6dd,STRONG,2.2285,-0.1582,-0.14258,-0.015625,224,222,-2,78,285,4
171,49,6,49_chunk_f207f5d4-11a0-4da0-a308-b643557bf5af,STRONG,2.22,-0.1582,-2.59375,2.435547,85,80,-5,798,2201,2
171,49,7,49_chunk_266ba80a-a72d-4a34-a3c4-e579369ae390,STRONG,1.7428,-0.1582,-0.14941,-0.008789,274,274,0,92,344,8
171,49,8,49_chunk_734d631d-ed88-45e9-a2b8-34c123a5de65,WEAK,1.7105,-0.1582,-0.1543,-0.003906,140,140,0,687,2015,1
171,49,9,49_chunk_3aa249a9-e34a-4a33-90d2-32dea9878616,PARTIAL,1.7056,-0.1582,-0.14648,-0.011719,157,156,-1,379,1234,5
171,49,10,49_chunk_89eae547-7c41-4fc6-b6dd-fc0efbe6b6c1,WEAK,1.5271,-0.1582,-0.1543,-0.003906,120,120,0,129,479,6
1779,583,1,583_chunk_60d86fcc-5d72-4a72-a585-4192907f94bd,WEAK,5.1079,-1.02344,-0.78906,-0.234375,178,176,-2,304,1030,10
1779,583,2,583_chunk_82148b7b-b970-4f7e-bc7a-afedd5b902b0,WEAK,2.7669,-1.02344,-2.3125,1.289062,207,202,-5,129,478,4
1779,583,3,583_chunk_296e4f24-d20f-4f79-aff2-065ee40b04df,STRONG,1.3284,-1.02344,-0.96484,-0.058594,245,244,-1,388,1264,7
1779,583,4,583_chunk_41717075-6e30-4a42-afb0-0cdcbb415b35,WEAK,1.0983,-1.02344,-0.99219,-0.03125,175,170,-5,647,1934,7
1779,583,5,583_chunk_41c50020-b3fb-45cc-a22a-d5a27b5ca51c,WEAK,0.7781,-1.02344,-1.01562,-0.007812,156,156,0,78,285,1
1779,583,6,583_chunk_432bec4f-3f72-4b2b-bdf9-ffcda3b9fff8,WEAK,0.7218,-1.02344,-1.0,-0.023438,238,237,-1,92,347,8
1779,583,7,583_chunk_b018b699-8dd4-4ada-bac3-d57d4ee34bbe,NONE,0.7188,-1.02344,-1.0,-0.023438,251,251,0,294,1004,7
1779,583,8,583_chunk_d638045f-b7ca-4674-984a-c9ecf53fcf24,NONE,0.5629,-1.02344,-1.01562,-0.007812,232,232,0,621,1871,7
1779,583,9,583_chunk_f38c2646-f722-44fc-ae89-746b454fd239,NONE,0.4744,-1.02344,-1.00781,-0.015625,185,185,0,470,1504,7
1779,583,10,583_chunk_06b06c7f-a987-40b3-8bf5-f65fb69a4c19,NONE,0.3983,-1.02344,-1.02344,0.0,223,218,-5,520,1632,1
1830,604,1,604_chunk_7168e3dc-cc11-42fb-88fb-03064695f156,WEAK,1.6116,-0.22266,-0.31641,0.09375,135,132,-3,294,1004,8
1830,604,2,604_chunk_39655a7a-4f32-4ad0-b7da-ea9e6e4143af,STRONG,1.1943,-0.22266,-1.65625,1.433594,238,238,0,282,966,9
1830,604,3,604_chunk_afc77ee4-5c4e-41ab-bc46-adbe360a7df8,WEAK,0.9104,-0.22266,-0.22949,0.006836,151,151,0,469,1502,3
1830,604,4,604_chunk_2a38cd56-3500-4a2c-ad80-1572ffd1febd,NONE,0.8085,-0.22266,-0.2373,0.014648,146,144,-2,715,2059,8
1830,604,5,604_chunk_e448e908-ccd5-471f-875d-087c22d32af4,NONE,0.6145,-0.22266,-0.23633,0.013672,265,265,0,595,1808,7
1830,604,6,604_chunk_3cd4f03b-7921-4789-a1ba-0947c019feba,WEAK,0.5223,-0.22266,-0.21777,-0.004883,159,157,-2,36,125,6
1830,604,7,604_chunk_7db6af00-350e-4486-b8d5-0eacaa4c58f7,NONE,0.5053,-0.22266,-0.21973,-0.00293,158,158,0,470,1505,3
1830,604,8,604_chunk_6bc31426-5d4a-444f-9466-c8eec50d31fe,NONE,0.487,-0.22266,-0.22949,0.006836,87,83,-4,388,1264,8
1830,604,9,604_chunk_e44042fc-0035-4ee5-97b4-76a00fa37ab2,NONE,0.38,-0.22266,-0.22266,0.0,145,141,-4,687,2015,1
1830,604,10,604_chunk_dde2aa9c-ae85-4550-81c2-042b523c6820,NONE,0.2827,-0.22266,-0.23242,0.009766,251,251,0,92,340,9
1909,637,1,637_chunk_1be6ee5a-9bb7-4c8d-a8f0-a26ca533c1fc,WEAK,1.4806,-0.37891,-0.375,-0.003906,95,95,0,92,343,10
1909,637,2,637_chunk_66e61aef-e8bb-4386-8317-648f7e692cc7,WEAK,1.0084,-0.37891,-0.38867,0.009766,278,278,0,92,346,8
1909,637,3,637_chunk_f47d0437-b070-45eb-be50-8cd57cec47c0,WEAK,0.9027,-0.37891,-0.38672,0.007812,273,268,-5,404,1316,10
1909,637,4,637_chunk_22b36135-d91e-4a84-99ff-9b9e0ecd451c,WEAK,0.7641,-0.37891,-0.37891,0.0,252,252,0,259,897,5
1909,637,5,637_chunk_970704fd-5ead-4eba-aac5-d03bc65bcdff,WEAK,0.7616,-0.37891,-0.37695,-0.001953,108,108,0,298,1013,5
1909,637,6,637_chunk_744345df-f1aa-4d6b-8833-36618ac01d07,WEAK,0.7404,-0.37891,-0.36328,-0.015625,252,247,-5,294,1005,3
1909,637,7,637_chunk_32fb20a9-94bf-4398-a414-f8b6319caf13,NONE,0.6421,-0.37891,-0.375,-0.003906,42,42,0,419,1364,1
1909,637,8,637_chunk_f5b08cc6-5d30-4b6c-a10e-429fab09fdd7,WEAK,0.5091,-0.37891,-0.37305,-0.005859,167,165,-2,304,1028,10
1909,637,9,637_chunk_75d50d9c-4171-449a-a030-abbc798d176d,STRONG,0.4787,-0.37891,-1.64062,1.261719,216,213,-3,372,1214,8
1909,637,10,637_chunk_f0a978c3-2f50-4ad6-bd27-50264e5bb309,WEAK,0.4551,-0.37891,-0.375,-0.003906,172,168,-4,254,884,9
1926,643,1,643_chunk_f48edb8c-0d43-4074-b1b8-4f8e7dc0b721,STRONG,1.125,-1.89062,-2.70312,0.8125,225,225,0,470,1504,9
1926,643,2,643_chunk_bece27a5-d61a-44ea-bdff-520905eb96fe,WEAK,0.9429,-1.89062,-1.97656,0.085938,164,164,0,351,1161,10
1926,643,3,643_chunk_71c842c3-74fa-40eb-b09d-d1b98c84ef3e,PARTIAL,0.7567,-1.89062,-1.875,-0.015625,279,279,0,467,1493,6
1926,643,4,643_chunk_a9a7a446-db60-4bd4-85bc-154130ce51bf,NONE,0.5802,-1.89062,-1.88281,-0.007812,263,263,0,595,1808,7
1926,643,5,643_chunk_161bc451-62c8-40ac-bd33-75d2eb043eb0,NONE,0.3245,-1.89062,-1.89844,0.007812,24,24,0,304,1029,7
1926,643,6,643_chunk_8b1a37f0-96b1-46c1-9ebf-c2673978bfd5,WEAK,0.3162,-1.89062,-1.92969,0.039062,284,282,-2,595,1810,8
1926,643,7,643_chunk_d0961965-c680-4e2f-a2eb-572db0fc72ad,WEAK,0.2681,-1.89062,-1.92188,0.03125,194,194,0,798,2201,6
1926,643,8,643_chunk_32aa5acd-a1af-419f-91c6-3362d58353b7,NONE,0.2665,-1.89062,-1.91406,0.023438,249,249,0,254,883,5
1926,643,9,643_chunk_561bf296-f4ea-4ee1-80ef-8666fcc9c0c5,WEAK,0.2612,-1.89062,-1.91406,0.023438,74,74,0,254,883,6
1926,643,10,643_chunk_d4a76cc0-29c5-4f32-b2fa-b82c095ea57e,NONE,0.2372,-1.89062,-1.92188,0.03125,108,108,0,467,1494,2
1958,660,1,660_chunk_4e53e99e-0870-40fd-abb6-e7bd826f59d0,WEAK,2.882,-0.02612,-0.03027,0.00415,273,273,0,92,344,8
1958,660,2,660_chunk_2f7316e9-254f-42c3-9e79-8ec5f02858d7,WEAK,2.8783,-0.02612,-0.02405,-0.002075,231,231,0,388,1267,9
1958,660,3,660_chunk_9752e6fc-78d3-4e3b-83df-cd7102d09032,NONE,2.2964,-0.02612,-0.03296,0.006836,260,260,0,520,1632,5
1958,660,4,660_chunk_4fedaa8a-324c-4006-8cdd-9e9c298027cd,WEAK,2.0935,-0.02612,-0.02368,-0.002441,246,245,-1,372,1214,4
1958,660,5,660_chunk_16cee75b-4bf2-4c14-b7c7-646c104af690,PARTIAL,1.9765,-0.02612,-0.0249,-0.001221,256,254,-2,254,883,5
1958,660,6,660_chunk_62c86dca-9f85-419a-9ea7-c769f1604229,WEAK,1.9483,-0.02612,-0.02771,0.001587,227,227,0,199,723,3
1958,660,7,660_chunk_3d0d14bc-7922-46a5-a860-206b12fd9c7e,STRONG,1.7983,-0.02612,-0.02905,0.00293,259,259,0,199,721,3
1958,660,8,660_chunk_b6204845-3f5f-40c9-a2f5-f0a7108ff980,STRONG,1.7873,-0.02612,-0.04077,0.014648,265,262,-3,640,1917,8
1958,660,9,660_chunk_7c8eaa2d-a671-42d9-858d-4d91050bd27e,WEAK,1.6991,-0.02612,-0.03003,0.003906,243,243,0,294,1005,3
1958,660,10,660_chunk_e0bf7d99-abfa-4b1f-a629-6f4cc22b4533,NONE,1.6744,-0.02612,-0.02368,-0.002441,247,246,-1,36,125,9
1984,676,1,676_chunk_856cb7e7-ca11-45c4-b8f7-83b490784e48,PARTIAL,0.7736,-0.23926,-0.23926,0.0,260,260,0,199,721,5
1984,676,2,676_chunk_0e84e52f-3885-415a-882b-a96c4ab9f90f,WEAK,0.7424,-0.23926,-0.26172,0.022461,256,254,-2,92,341,10
1984,676,3,676_chunk_9e20ad3c-1619-4733-a947-c3cd814db9d6,WEAK,0.7191,-0.23926,-0.24707,0.007812,113,107,-6,78,283,1
1984,676,4,676_chunk_ba0a4f68-e08e-485d-985f-78e61fb25826,WEAK,0.7159,-0.23926,-0.24316,0.003906,86,86,0,78,283,10
1984,676,5,676_chunk_0594ef22-fc15-454a-b69a-b1e5fabaa952,STRONG,0.7066,-0.23926,-1.125,0.885742,261,261,0,199,721,2
1984,676,6,676_chunk_0672d65f-7427-4ee9-a2d4-ddcf7d603fe6,WEAK,0.6838,-0.23926,-0.25977,0.020508,239,239,0,572,1757,7
1984,676,7,676_chunk_a39e39df-4492-44ea-a273-f42a7998fd0a,WEAK,0.6315,-0.23926,-0.2373,-0.001953,253,249,-4,640,1920,2
1984,676,8,676_chunk_d599a0c0-2986-4c9c-87f1-cf006f8ac972,NONE,0.3048,-0.23926,-0.24219,0.00293,238,238,0,294,1004,9
1984,676,9,676_chunk_eb8e3df1-4800-4333-a96b-ae18b7e74813,PARTIAL,0.3047,-0.23926,-0.24414,0.004883,155,155,0,665,1964,10
1984,676,10,676_chunk_0a12c91f-be74-4c19-8d1a-5293a9ee9150,WEAK,0.2867,-0.23926,-0.25,0.010742,262,262,0,665,1964,8
2029,695,1,695_chunk_2973bcda-4ede-4814-930c-390aaa543214,WEAK,2.897,-1.64844,-1.625,-0.023438,224,224,0,794,2196,1
2029,695,2,695_chunk_64878603-8b51-4d3d-b871-1e2c020a37c9,WEAK,2.511,-1.64844,-1.61719,-0.03125,240,240,0,372,1214,2
2029,695,3,695_chunk_8474ec30-c707-49c8-8830-e3a64e040a92,STRONG,2.1408,-1.64844,-4.25,2.601562,238,238,0,36,127,10
2029,695,4,695_chunk_01495a28-a97d-4b90-9864-d8a256dcf3dd,WEAK,1.0878,-1.64844,-1.67188,0.023438,231,231,0,621,1871,4
2029,695,5,695_chunk_f9bc3a68-0276-4945-b000-0d3e4a610bf9,NONE,0.5901,-1.64844,-1.71094,0.0625,255,254,-1,92,341,10
2029,695,6,695_chunk_6f8f8a5d-5f05-498b-96e8-736350aea9e9,NONE,0.4181,-1.64844,-1.6875,0.039062,223,223,0,304,1030,2
2029,695,7,695_chunk_598e1c89-c3f6-417a-8a6d-c292b33d8302,WEAK,0.3953,-1.64844,-1.67969,0.03125,262,262,0,575,1763,6
2029,695,8,695_chunk_c0f6a395-d387-49d5-921a-68ac9a55128a,WEAK,0.0,-1.64844,-1.6875,0.039062,69,66,-3,470,1505,1
2029,695,9,695_chunk_ddcd240a-dff0-4fe8-9b18-c9c5057df706,WEAK,0.0,-1.64844,-1.69531,0.046875,163,163,0,687,2014,5
2029,695,10,695_chunk_3d9aa887-c7f2-4886-94a9-c9a6527b54e1,NONE,0.0,-1.64844,-1.71094,0.0625,67,67,0,590,1799,4
2031,696,1,696_chunk_a1dbbab9-d262-4ffa-9313-7b28b3ad306c,WEAK,1.5278,-1.75781,-1.75,-0.007812,197,196,-1,572,1757,4
2031,696,2,696_chunk_eddaf77a-68f9-469b-85d1-5304ea874f2e,WEAK,1.5105,-1.75781,-1.73438,-0.023438,263,263,0,799,2202,5
2031,696,3,696_chunk_4a3fec5d-587c-4020-9a2d-e402ca6e8236,NONE,1.474,-1.75781,-1.73438,-0.023438,215,214,-1,470,1505,2
2031,696,4,696_chunk_0cbf183e-0b34-4c75-aa4e-6b8120040010,NONE,1.357,-1.75781,-1.73438,-0.023438,120,120,0,78,285,6
2031,696,5,696_chunk_a1d4b3bf-f6f3-4ae5-b158-b7a5ccf13eba,WEAK,1.3333,-1.75781,-1.74219,-0.015625,144,144,0,351,1159,10
2031,696,6,696_chunk_871a65b4-57bc-47a7-9520-3671fef8dea0,WEAK,0.6513,-1.75781,-1.71875,-0.039062,265,265,0,595,1808,6
2031,696,7,696_chunk_96ff4042-9961-42d7-b076-6185158b061c,WEAK,0.4434,-1.75781,-1.75,-0.007812,256,256,0,467,1495,7
2031,696,8,696_chunk_0414c230-286e-4819-8727-c9f4b3ec4ab6,NONE,0.4242,-1.75781,-1.75,-0.007812,254,253,-1,129,478,6
2031,696,9,696_chunk_5dafd657-47a2-42bf-a12a-113e8305c13a,WEAK,0.4223,-1.75781,-1.74219,-0.015625,252,252,0,549,1705,4
2031,696,10,696_chunk_7378239f-3cdf-4202-94e4-038306fc15ad,NONE,0.4223,-1.75781,-1.73438,-0.023438,269,269,0,595,1810,3
2069,720,1,720_chunk_67c65baa-e2da-4198-8a95-6019e515756b,WEAK,1.9057,-2.5,-2.375,-0.125,232,227,-5,404,1313,7
2069,720,2,720_chunk_dfb5c389-0cfe-4131-aa8d-cb1437fb0e69,WEAK,1.7757,-2.5,-2.5,0.0,251,251,0,78,283,8
2069,720,3,720_chunk_89851e5f-3d40-4115-a472-cc72f5c172ef,STRONG,1.4528,-2.5,-2.57812,0.078125,209,209,0,372,1215,9
2069,720,4,720_chunk_127243dd-0ec6-4713-815c-edc8f7c97f4f,WEAK,1.4391,-2.5,-2.35938,-0.140625,265,265,0,404,1316,2
2069,720,5,720_chunk_b68911cf-115f-4209-8daf-f1aa66897471,WEAK,1.4296,-2.5,-2.375,-0.125,149,144,-5,379,1235,5
2069,720,6,720_chunk_54c512f7-8658-45ed-ad41-6f2b1fbd8743,WEAK,1.3931,-2.5,-2.14062,-0.359375,258,258,0,92,340,3
2069,720,7,720_chunk_aac935e6-dfbe-4434-b78d-9f090d166aa0,STRONG,1.2428,-2.5,-3.21875,0.71875,268,264,-4,36,126,9
2069,720,8,720_chunk_a617a8a3-11d3-4320-9fd5-e73e9ab075b1,WEAK,1.1492,-2.5,-2.32812,-0.171875,272,270,-2,388,1266,1
2069,720,9,720_chunk_02b47600-39eb-4b35-8c2a-032b6bac6934,WEAK,1.1067,-2.5,-2.3125,-0.1875,196,193,-3,351,1158,3
2069,720,10,720_chunk_1c5b2772-9a9b-4e77-8ef7-b251f4a8f7ac,WEAK,1.0707,-2.5,-2.40625,-0.09375,248,248,0,129,480,2
2102,735,1,735_chunk_708f8a6d-e361-485b-be38-77a2ad1b16b1,WEAK,1.1022,-1.92188,-1.9375,0.015625,277,277,0,394,1282,1
2102,735,2,735_chunk_4ede89e0-891c-4a99-9f73-e04820d6d159,PARTIAL,0.9951,-1.92188,-1.98438,0.0625,213,209,-4,467,1494,4
2102,735,3,735_chunk_d0ceca11-1098-4369-8a2e-b355b2cd404a,WEAK,0.9703,-1.92188,-2.0,0.078125,209,209,0,595,1810,2
2102,735,4,735_chunk_263d8483-a5e0-49a1-878f-4aee125f54d8,PARTIAL,0.8505,-1.92188,-1.96094,0.039062,168,164,-4,254,884,3
2102,735,5,735_chunk_647f1ad0-342d-4b7f-8655-25ec95b13236,PARTIAL,0.6884,-1.92188,-2.0,0.078125,264,264,0,419,1366,4
2102,735,6,735_chunk_936c6859-7fc8-4627-8cbc-1f1135324a29,PARTIAL,0.6631,-1.92188,-1.95312,0.03125,155,155,0,470,1504,4
2102,735,7,735_chunk_0379abc3-367d-4e7c-8f09-39d9ddb77135,WEAK,0.6242,-1.92188,-1.96094,0.039062,181,176,-5,372,1214,7
2102,735,8,735_chunk_ab559807-b3fd-41ad-8e20-b3a4701dbbc8,WEAK,0.5389,-1.92188,-1.96094,0.039062,240,240,0,259,897,9
2102,735,9,735_chunk_28e5d10e-f727-4a42-963f-c598470797b7,PARTIAL,0.5081,-1.92188,-1.9375,0.015625,228,228,0,590,1799,9
2102,735,10,735_chunk_4664a810-2d05-49fa-a9c7-1939314eccf9,WEAK,0.5057,-1.92188,-1.91406,-0.007812,258,256,-2,790,2190,10
2159,772,1,772_chunk_f3eeea58-3ed9-4c04-ae71-0728d2f142f8,WEAK,1.786,-1.03125,-2.625,1.59375,131,131,0,394,1282,8
2159,772,2,772_chunk_978a619c-d470-46cb-ba4c-23969871d39e,NONE,1.2193,-1.03125,-0.94141,-0.089844,82,82,0,404,1316,5
2159,772,3,772_chunk_6eb6cd84-29a6-4113-b1d2-3e2f14c186f9,WEAK,1.1007,-1.03125,-1.03125,0.0,213,211,-2,595,1810,2
2159,772,4,772_chunk_93a0c310-3657-4ea3-8d0b-1bf6690e4999,WEAK,1.0134,-1.03125,-1.10938,0.078125,107,107,0,92,341,9
2159,772,5,772_chunk_34931dc7-079b-4bc1-88b3-84fcb4eabbdc,NONE,0.913,-1.03125,-1.10938,0.078125,133,132,-1,687,2015,4
2159,772,6,772_chunk_dbdb3b12-2fc9-49fa-ac82-fd6fa4720636,WEAK,0.6769,-1.03125,-1.07031,0.039062,184,181,-3,294,1005,1
2159,772,7,772_chunk_71234d80-84b1-489e-935a-474184277980,PARTIAL,0.6749,-1.03125,-1.22656,0.195312,237,232,-5,351,1161,7
2159,772,8,772_chunk_477ea82b-9ba6-4efb-abb6-2e7e378c5f1d,WEAK,0.6278,-1.03125,-1.1875,0.15625,208,208,0,595,1809,10
2159,772,9,772_chunk_ffc09194-67f0-4347-b4b8-30606431c3a5,WEAK,0.0,-1.03125,-1.10938,0.078125,153,153,0,304,1030,1
2159,772,10,772_chunk_bb80b6b0-3bf3-4e81-bfa1-f698b5f89484,WEAK,0.0,-1.03125,-1.10938,0.078125,254,254,0,595,1810,10
2191,791,1,791_chunk_70027c5a-310b-42e8-a9fe-a4faaf27f74b,STRONG,1.9191,-0.63672,-1.48438,0.847656,71,69,-2,92,341,7
2191,791,2,791_chunk_ae3c8c1a-ee24-4e4c-9e89-7b3f46836919,STRONG,1.3714,-0.63672,-0.48828,-0.148438,181,181,0,294,1005,1
2191,791,3,791_chunk_a33ed659-5cd1-4521-a9ef-e25bded4da32,WEAK,1.226,-0.63672,-0.64062,0.003906,87,87,0,351,1158,2
2191,791,4,791_chunk_f5823ef7-8f8f-4bd9-a75b-e7c832ab89d4,WEAK,1.1154,-0.63672,-0.31641,-0.320312,188,188,0,692,2023,9
2191,791,5,791_chunk_65e5eb4f-9f07-4700-88be-5e9cde7f251c,NONE,0.9084,-0.63672,-0.63281,-0.003906,186,181,-5,294,1005,1
2191,791,6,791_chunk_2f7931aa-fb70-439b-955b-51b636d99732,WEAK,0.8362,-0.63672,-0.67969,0.042969,252,252,0,467,1494,7
2191,791,7,791_chunk_8d5a18af-e1ef-415a-a158-a08f58191414,WEAK,0.7885,-0.63672,-0.64062,0.003906,269,268,-1,640,1917,7
2191,791,8,791_chunk_b5adac96-ff9c-45df-ba46-cba5a209f41d,WEAK,0.5807,-0.63672,-0.64844,0.011719,131,125,-6,379,1235,2
2191,791,9,791_chunk_beff57fc-f768-4606-bd32-c666244f7959,NONE,0.0,-0.63672,-0.65234,0.015625,52,48,-4,467,1493,2
2191,791,10,791_chunk_443a18b9-86e2-4adb-bf9e-81f5cd53f3d7,WEAK,0.0,-0.63672,-0.625,-0.011719,258,253,-5,92,340,8
2239,821,1,821_chunk_093b9610-ce15-4566-b44b-f79d558e2261,PARTIAL,2.1072,-0.45508,-0.26172,-0.193359,243,241,-2,379,1233,9
2239,821,2,821_chunk_cc1e7938-fa45-42db-8a08-500260430128,NONE,1.6511,-0.45508,-0.54297,0.087891,256,252,-4,351,1161,8
2239,821,3,821_chunk_63e1f5d5-8f91-42d3-9a45-fea0a7511818,WEAK,1.5584,-0.45508,-0.42383,-0.03125,248,248,0,92,345,6
2239,821,4,821_chunk_30a9ebb2-5509-4eba-80d1-f345c79a3f59,WEAK,1.5039,-0.45508,-0.43555,-0.019531,253,253,0,799,2202,8
2239,821,5,821_chunk_205e0423-8975-498d-9881-4cfd5008cf25,WEAK,1.0775,-0.45508,-0.43555,-0.019531,248,243,-5,404,1313,9
2239,821,6,821_chunk_4be672d3-f75b-44dc-8f4a-62d55cebf5fb,WEAK,1.0729,-0.45508,-0.38086,-0.074219,237,237,0,304,1030,6
2239,821,7,821_chunk_5b8a371e-9d77-470b-bc6c-77851fce1083,WEAK,1.0197,-0.45508,-0.44922,-0.005859,236,235,-1,640,1919,6
2239,821,8,821_chunk_dc773385-ad5c-46f8-8dc5-d7074cd003c0,WEAK,0.9033,-0.45508,-0.4375,-0.017578,263,263,0,78,284,10
2239,821,9,821_chunk_4343ba80-8873-429f-9d0e-a985beb06b0c,WEAK,0.809,-0.45508,-0.49609,0.041016,70,68,-2,467,1493,1
2239,821,10,821_chunk_14dae46a-1f48-4e82-b263-afc4eef41cec,STRONG,0.7512,-0.45508,-0.45508,0.0,275,270,-5,640,1918,2
398,105,1,105_chunk_8b84242a-4620-49d4-91de-00bc2f25fb9f,NONE,5.5225,-3.09375,-3.15625,0.0625,163,163,0,254,883,9
398,105,2,105_chunk_30ce730d-04d2-4572-b704-136cbf7e55f4,NONE,5.4852,-3.09375,-3.10938,0.015625,227,222,-5,78,283,6
398,105,3,105_chunk_c200c31c-4c9c-48eb-9dfb-18415fda3992,NONE,2.5389,-3.09375,-3.0625,-0.03125,266,266,0,640,1917,5
398,105,4,105_chunk_1e397196-234e-45b5-a17c-e8851c662d56,NONE,2.476,-3.09375,-3.07812,-0.015625,270,270,0,647,1934,2
398,105,5,105_chunk_6828ff29-c123-41ab-a6ca-b8a872dcfb02,WEAK,2.4171,-3.09375,-3.0625,-0.03125,273,272,-1,186,677,1
398,105,6,105_chunk_8df9c9b2-d840-45e5-9e79-091b7acb5a02,NONE,1.9514,-3.09375,-3.10938,0.015625,168,168,0,647,1934,7
398,105,7,105_chunk_8090fab6-424d-402a-adc8-18f6b7f238f8,WEAK,1.7566,-3.09375,-3.35938,0.265625,237,236,-1,388,1265,7
398,105,8,105_chunk_14f449f8-2c95-4580-b06a-5debb6f8dd32,NONE,1.7394,-3.09375,-3.0625,-0.03125,247,247,0,92,342,7
398,105,9,105_chunk_e0365575-33ef-4242-99b3-8776661c921f,NONE,1.4779,-3.09375,-3.10938,0.015625,273,271,-2,282,964,3
398,105,10,105_chunk_7d4883bd-a754-4299-85c4-46a4642484f3,NONE,1.4693,-3.09375,-3.09375,0.0,253,252,-1,78,284,3
420,110,1,110_chunk_eca22d24-66d0-42c2-94e7-9ce70b1b9ea3,NONE,2.6694,-0.17578,-0.16797,-0.007812,175,175,0,505,1586,2
420,110,2,110_chunk_9395484a-85da-4e1e-97f3-4207ec4e95f3,STRONG,2.4254,-0.17578,-0.21289,0.037109,56,56,0,298,1013,10
420,110,3,110_chunk_6c2063ad-cef1-40f2-b4cd-e9f85d3abfd4,NONE,1.5483,-0.17578,-0.17285,-0.00293,233,229,-4,304,1030,4
420,110,4,110_chunk_4d0e30dd-b47a-4d85-a5e2-6fbac7264cc8,WEAK,1.3917,-0.17578,-0.15625,-0.019531,275,275,0,394,1283,5
420,110,5,110_chunk_fcfa7aae-8fa3-4b40-a47f-8c063f44cf5d,NONE,1.2532,-0.17578,-0.16699,-0.008789,257,257,0,837,2262,5
420,110,6,110_chunk_1a5d527c-3326-45c3-be48-340183683433,NONE,1.2439,-0.17578,-0.17383,-0.001953,283,280,-3,351,1160,3
420,110,7,110_chunk_fac2f981-198d-4b85-b801-3e2eb28089e6,NONE,1.1037,-0.17578,-0.16992,-0.005859,261,256,-5,467,1495,7
420,110,8,110_chunk_ff02584e-ec9d-48d2-8229-44b0de7db01f,STRONG,0.8808,-0.17578,-2.45312,2.277344,251,247,-4,186,677,5
420,110,9,110_chunk_37f682fd-891a-4ec7-96a9-11ba175824e5,WEAK,0.7171,-0.17578,-0.16699,-0.008789,232,230,-2,388,1265,6
420,110,10,110_chunk_8c446e39-93b1-4a11-8c63-fd2158116099,NONE,0.4715,-0.17578,-0.16992,-0.005859,253,253,0,549,1705,9
548,150,1,150_chunk_062c4259-790e-485f-8a07-84d9adb45af9,NONE,2.4459,-0.24902,-0.37891,0.129883,229,229,0,595,1810,6
548,150,2,150_chunk_01232135-f0bd-46b5-b263-55b77eb1f94e,STRONG,2.2044,-0.24902,-0.35352,0.104492,125,125,0,404,1317,2
548,150,3,150_chunk_1899eec2-cd4c-41c2-bd6e-43f319a59e0b,PARTIAL,1.9084,-0.24902,-0.24316,-0.005859,68,63,-5,282,966,8
548,150,4,150_chunk_86099818-bc95-495a-98c0-4bb25bcbb5eb,WEAK,1.6199,-0.24902,-0.3457,0.09668,42,38,-4,259,897,10
548,150,5,150_chunk_c0acb436-1643-48e4-852e-0fa9f4da74bc,NONE,1.3012,-0.24902,-0.25,0.000977,226,226,0,469,1502,9
548,150,6,150_chunk_0b0254ed-7e6a-4e51-adda-4a6ce83725cd,NONE,0.9918,-0.24902,-0.26953,0.020508,113,107,-6,692,2023,3
548,150,7,150_chunk_9e03be36-6152-4273-95f3-c47e8adb88a0,NONE,0.984,-0.24902,-0.2793,0.030273,136,132,-4,294,1004,8
548,150,8,150_chunk_19ad0c10-8ec4-4157-80b0-4a038509ce3b,NONE,0.7955,-0.24902,-0.25195,0.00293,248,246,-2,36,125,9
548,150,9,150_chunk_8ff33831-ae89-404c-9948-486e274c0cfa,NONE,0.5237,-0.24902,-0.25195,0.00293,231,227,-4,404,1313,7
548,150,10,150_chunk_124ab712-3e60-479f-b7cc-e1348b6b07d7,NONE,0.5056,-0.24902,-0.27539,0.026367,168,164,-4,199,722,10
556,152,1,152_chunk_ac39927f-5b17-41d5-97a4-c3714b5c716a,WEAK,2.238,-1.80469,-1.80469,0.0,82,79,-3,351,1158,1
556,152,2,152_chunk_f1b72a75-b071-4997-8d0f-8724bb7b4db3,NONE,2.0068,-1.80469,-1.80469,0.0,255,253,-2,837,2262,1
556,152,3,152_chunk_0a2a0a6c-a8dc-4162-93e7-9dcafecc4b4b,PARTIAL,1.3477,-1.80469,-1.8125,0.007812,201,196,-5,798,2201,6
556,152,4,152_chunk_941621e0-ebfd-4f4e-b952-a866189ab0de,PARTIAL,1.2381,-1.80469,-1.78125,-0.023438,265,264,-1,372,1213,10
556,152,5,152_chunk_abf17f99-7885-4cb8-bc6c-34ec7a345fbe,WEAK,1.0749,-1.80469,-1.82812,0.023438,169,169,0,621,1871,3
556,152,6,152_chunk_9829c7db-9d9e-4ad2-ae61-cdb8eb1a5b4e,STRONG,0.9324,-1.80469,-1.83594,0.03125,243,243,0,419,1366,10
556,152,7,152_chunk_a8b5c2dd-b316-4c3d-842d-df943d8d52fb,PARTIAL,0.9029,-1.80469,-1.92969,0.125,191,186,-5,304,1029,10
556,152,8,152_chunk_474652af-6301-4305-bbe9-0edc4289737a,PARTIAL,0.6211,-1.80469,-1.82031,0.015625,231,231,0,470,1504,5
556,152,9,152_chunk_cccfaa23-b0b0-4c8c-8ef0-457beb44e3bd,PARTIAL,0.5812,-1.80469,-1.8125,0.007812,213,211,-2,595,1810,2
556,152,10,152_chunk_8e1cd93c-e716-4372-bce9-62d9cdd5a4f3,PARTIAL,0.4755,-1.80469,-1.79688,-0.007812,212,212,0,621,1871,2
632,173,1,173_chunk_8810b651-c813-4393-841d-9ab7a5e83224,WEAK,2.354,-0.35547,-0.65625,0.300781,166,166,0,186,677,6
632,173,2,173_chunk_83b1be87-11e0-4856-8584-40e17bbf3f43,WEAK,2.1664,-0.35547,-0.44922,0.09375,234,234,0,388,1264,4
632,173,3,173_chunk_b8dbd114-feeb-4068-a49a-249809b0e4e1,WEAK,1.8615,-0.35547,-0.52344,0.167969,116,114,-2,199,721,10
632,173,4,173_chunk_28393061-6610-47db-a0c6-e5a67e4e1fd9,WEAK,1.4906,-0.35547,-0.41797,0.0625,208,202,-6,867,2293,7
632,173,5,173_chunk_94deb981-97c1-4a0e-b8e9-55211a173ac2,PARTIAL,1.3009,-0.35547,-0.3418,-0.013672,273,270,-3,388,1264,5
632,173,6,173_chunk_125100ff-bc68-4847-8e0a-1f596a926314,WEAK,1.0837,-0.35547,-0.36523,0.009766,259,254,-5,549,1705,9
632,173,7,173_chunk_949c144a-555d-4e9b-ad35-a9362f71b591,NONE,0.7483,-0.35547,-0.52734,0.171875,139,139,0,379,1235,1
632,173,8,173_chunk_262c0e97-b845-4461-be49-307fbf4c68f5,STRONG,0.7285,-0.35547,-3.48438,3.128906,70,68,-2,467,1496,9
632,173,9,173_chunk_bcb1c50a-cfb8-429b-8879-0a5ae6305ff4,WEAK,0.6933,-0.35547,-0.34766,-0.007812,119,114,-5,199,723,9
632,173,10,173_chunk_8756d9cf-494a-4fbc-8adf-43f76abf435c,NONE,0.6729,-0.35547,-0.34766,-0.007812,264,264,0,575,1763,7
638,175,1,175_chunk_ccd60cd7-a96a-40e5-b7b7-bdbf2f3782bb,WEAK,3.0576,-1.41406,-1.5,0.085938,87,82,-5,687,2015,7
638,175,2,175_chunk_e8fd6af3-ba07-423b-a517-b87620a7da2c,WEAK,2.3428,-1.41406,-1.49219,0.078125,275,271,-4,505,1587,4
638,175,3,175_chunk_09657e1d-7a08-4a36-bc52-8e68084ee2a6,NONE,1.7524,-1.41406,-1.48438,0.070312,102,102,0,621,1871,8
638,175,4,175_chunk_f644cf6d-c824-4b69-aba7-c9727578922d,WEAK,1.7353,-1.41406,-1.42969,0.015625,28,28,0,419,1365,9
638,175,5,175_chunk_a7bb44a1-7dbe-4f58-9580-64993b63a31b,NONE,1.4416,-1.41406,-1.45312,0.039062,246,243,-3,92,340,10
638,175,6,175_chunk_d992473e-3c21-4124-8096-b47a530d5c27,NONE,1.4254,-1.41406,-1.42188,0.007812,165,165,0,687,2015,3
638,175,7,175_chunk_ae66a08a-f0b1-410f-a262-e493c0f0e668,NONE,1.4157,-1.41406,-1.53906,0.125,267,267,0,549,1705,6
638,175,8,175_chunk_d0c6c298-590e-47a8-a67a-1947d5576e64,WEAK,1.3868,-1.41406,-1.4375,0.023438,255,254,-1,259,897,5
638,175,9,175_chunk_e2f924c7-7648-4975-83de-6f99365f9b92,NONE,1.3192,-1.41406,-1.40625,-0.007812,258,257,-1,687,2014,7
638,175,10,175_chunk_2db949ec-bd8a-461b-a1c9-3bbee0abfaf3,WEAK,1.3078,-1.41406,-1.41406,0.0,283,280,-3,394,1282,4
738,203,1,203_chunk_2cd99692-2227-40d5-b81f-910eff4c9dd5,STRONG,1.8596,-0.08887,-0.14355,0.054688,87,83,-4,388,1266,8
738,203,2,203_chunk_a6f9ef80-5054-486b-a0b4-482519aae737,WEAK,1.7448,-0.08887,-0.1875,0.098633,198,194,-4,351,1158,6
738,203,3,203_chunk_44ea0109-12bf-43ca-ac92-52c313ec53de,WEAK,1.628,-0.08887,-0.11865,0.029785,237,237,0,304,1029,5
738,203,4,203_chunk_03de0948-10d5-4bce-9870-634280e40c0e,PARTIAL,1.5766,-0.08887,-0.22266,0.133789,219,219,0,419,1366,6
738,203,5,203_chunk_b2036341-3b5c-4dd2-8eab-1bc704894811,NONE,1.5136,-0.08887,-0.0957,0.006836,286,282,-4,595,1810,8
738,203,6,203_chunk_5e2934d9-d599-497e-820f-f9a9ef563552,PARTIAL,1.4764,-0.08887,-0.10693,0.018066,223,220,-3,259,897,3
738,203,7,203_chunk_8422bf86-0f97-4ff1-a6f9-3753fd940c54,PARTIAL,1.3943,-0.08887,-0.1084,0.019531,246,246,0,92,346,7
738,203,8,203_chunk_97178fbf-310a-4dc0-860b-555af5038d5d,WEAK,1.095,-0.08887,-0.09326,0.004395,157,153,-4,92,344,3
738,203,9,203_chunk_e35179ae-7127-4bb7-9aeb-a23d0685d523,PARTIAL,1.0582,-0.08887,-0.11914,0.030273,118,117,-1,549,1704,4
738,203,10,203_chunk_db2a48d9-6e31-4cca-9f81-0cb5f64bc947,PARTIAL,1.004,-0.08887,-0.09619,0.007324,258,254,-4,78,285,5
819,234,1,234_chunk_901e793d-d33b-4e86-bda8-4d0e1b490588,WEAK,4.8746,-0.48438,-0.39062,-0.09375,177,175,-2,92,342,10
819,234,2,234_chunk_d95a42f8-d34f-410b-821c-ec6df814a1e9,PARTIAL,2.761,-0.48438,-0.40039,-0.083984,253,252,-1,715,2059,2
819,234,3,234_chunk_4b1643ba-c95e-4fe9-8b2d-fea107b4b368,PARTIAL,2.4356,-0.48438,-0.4668,-0.017578,265,265,0,595,1809,9
819,234,4,234_chunk_be31fa8a-ce92-4c18-a5db-54f8acaed6b2,STRONG,2.3984,-0.48438,-1.625,1.140625,257,257,0,372,1213,7
819,234,5,234_chunk_6a11e3d2-8746-407c-b609-0d93fa019e1d,WEAK,2.0013,-0.48438,-0.47852,-0.005859,231,231,0,388,1267,9
819,234,6,234_chunk_6d7b5139-2e91-4c7c-b81e-7a521b1aa027,WEAK,1.2037,-0.48438,-0.53125,0.046875,199,199,0,419,1367,5
819,234,7,234_chunk_5fed4170-853e-4322-8c13-773c36ce6e16,WEAK,1.1555,-0.48438,-0.47656,-0.007812,151,151,0,799,2202,4
819,234,8,234_chunk_44cfd038-9d87-4e8c-a55f-0f0987948a7a,WEAK,1.096,-0.48438,-0.46094,-0.023438,195,191,-4,404,1313,6
819,234,9,234_chunk_dfc6008f-8658-4675-9bf0-878e0516cfa5,WEAK,1.0227,-0.48438,-0.47852,-0.005859,244,244,0,78,285,9
819,234,10,234_chunk_bbba9548-ff0f-4193-8976-2c8222f0a19b,WEAK,0.9798,-0.48438,-0.45898,-0.025391,260,255,-5,549,1705,4
879,252,1,252_chunk_f767e7a5-929b-466e-bf9b-ffd4444c387c,WEAK,4.0916,-0.43164,-0.42383,-0.007812,167,167,0,78,285,2
879,252,2,252_chunk_f52f7c99-17c2-4b22-bf33-0e0102dc922a,WEAK,1.9345,-0.43164,-0.41602,-0.015625,36,36,0,467,1494,8
879,252,3,252_chunk_fae463fd-b07c-4ff3-98c5-34c67d1c8ac6,STRONG,1.8596,-0.43164,-2.89062,2.458984,273,267,-6,640,1920,7
879,252,4,252_chunk_de8301bd-5896-498e-a33b-79e3864106da,WEAK,1.5809,-0.43164,-0.4375,0.005859,247,247,0,549,1705,5
879,252,5,252_chunk_0276a12d-c254-4804-802a-1d0912471d62,WEAK,1.4972,-0.43164,-0.43359,0.001953,198,194,-4,351,1160,5
879,252,6,252_chunk_fb792b9a-9116-442a-8e2f-906af45be133,NONE,1.4704,-0.43164,-0.42969,-0.001953,106,106,0,92,348,1
879,252,7,252_chunk_23bcf6d0-8572-4c16-a7be-3f23ab57ebbc,WEAK,1.4326,-0.43164,-0.42578,-0.005859,264,262,-2,505,1586,10
879,252,8,252_chunk_d930581f-6070-4745-a13f-ddf0c30165fc,WEAK,1.4007,-0.43164,-0.43164,0.0,171,168,-3,372,1215,5
879,252,9,252_chunk_382ee909-c65c-4958-9a54-ab947130b2b6,WEAK,1.341,-0.43164,-0.43164,0.0,283,281,-2,92,340,1
879,252,10,252_chunk_6ac634d0-c122-4997-841a-077276a64501,WEAK,1.2915,-0.43164,-0.42383,-0.007812,266,261,-5,92,345,5
90,24,1,24_chunk_7e66da5c-b5b1-4138-b76a-ea60d860f7c8,WEAK,3.1322,-3.1875,-3.21875,0.03125,120,117,-3,388,1267,10
90,24,2,24_chunk_4a200ab7-de48-4539-83f1-0f67cd25725e,PARTIAL,3.0657,-3.1875,-3.21875,0.03125,264,264,0,640,1918,8
90,24,3,24_chunk_8861d728-105a-4144-a4be-1c461ca5cf4f,WEAK,1.4815,-3.1875,-3.15625,-0.03125,247,247,0,549,1704,10
90,24,4,24_chunk_9f8c5aa5-97b9-4f65-9323-9fa3ee5a4e89,WEAK,1.365,-3.1875,-3.21875,0.03125,100,96,-4,199,723,2
90,24,5,24_chunk_c152a6d1-aee0-43c9-a0ca-c1b7a72acc8f,WEAK,1.2598,-3.1875,-3.21875,0.03125,139,139,0,379,1233,7
90,24,6,24_chunk_331d784a-8364-449e-b65a-b2c15b5d6965,WEAK,1.155,-3.1875,-3.25,0.0625,256,254,-2,78,285,5
90,24,7,24_chunk_58ef1fb1-638f-4f10-b6d6-2dfa6cc3c4df,WEAK,0.981,-3.1875,-3.125,-0.0625,244,244,0,549,1705,1
90,24,8,24_chunk_08b4302a-04ca-45c0-93b5-bb70b302dae7,WEAK,0.9631,-3.1875,-3.23438,0.046875,256,255,-1,799,2202,2
90,24,9,24_chunk_ff583718-4e73-442e-b8c6-5fd26c5ca4cc,STRONG,0.9619,-3.1875,-2.57812,-0.609375,241,241,0,505,1587,3
90,24,10,24_chunk_aaa12d79-1d57-46b2-97a0-167e8787ca79,WEAK,0.9203,-3.1875,-3.23438,0.046875,203,199,-4,276,951,3
919,266,1,266_chunk_6826ff19-a0a8-46a9-8117-705ae725181e,WEAK,2.7195,-0.63281,-0.66016,0.027344,166,164,-2,351,1158,10
919,266,2,266_chunk_0995cd37-633a-4fc8-b2eb-2cc2081fb855,WEAK,2.4048,-0.63281,-0.64453,0.011719,264,264,0,404,1314,10
919,266,3,266_chunk_5651734c-24ee-4373-8869-af17f3e4733b,STRONG,1.71,-0.63281,-2.8125,2.179688,174,171,-3,647,1934,5
919,266,4,266_chunk_f28e546d-3f89-4dfc-b0f7-83ddc4553ee1,WEAK,1.6832,-0.63281,-0.64844,0.015625,278,278,0,199,722,3
919,266,5,266_chunk_2226fcac-fda6-4577-bf16-2c3e2aabcba6,NONE,1.6018,-0.63281,-0.64062,0.007812,112,112,0,467,1496,3
919,266,6,266_chunk_05e76fe2-f372-4850-ac63-f727c75f2256,WEAK,1.4325,-0.63281,-0.62891,-0.003906,277,277,0,304,1029,2
919,266,7,266_chunk_ad21eb41-039b-4a8e-81b6-5076619900cf,NONE,1.208,-0.63281,-0.64062,0.007812,164,164,0,78,285,2
919,266,8,266_chunk_3d884056-d0fe-4236-9068-92b727feef2a,NONE,1.2037,-0.63281,-0.61328,-0.019531,211,211,0,372,1215,9
919,266,9,266_chunk_2cdfb282-144b-4b0f-94c0-969fc173909c,NONE,1.1426,-0.63281,-0.63672,0.003906,216,216,0,294,1005,4
919,266,10,266_chunk_312e3da2-22f0-446e-b31e-e0552d0d627d,NONE,1.1365,-0.63281,-0.63281,0.0,96,93,-3,351,1161,1
