feature,target,target_type,spearman_rho,spearman_p,pearson_r,pearson_p,kruskal_wallis_h,kruskal_wallis_p,effect_size,interpretation
rho_1,best_k_qual,ordinal_budget,0.0518,0.4336,,,2.9776,0.5616,Negligible,"Spearman rho=0.052 (p=4.336e-01), KW H=2.98 (p=5.616e-01). Negligible association with best_k_qual."
rho_1,selected_k_epsilon,ordinal_budget,0.049,0.4582,,,2.8709,0.5797,Negligible,"Spearman rho=0.049 (p=4.582e-01), KW H=2.87 (p=5.797e-01). Negligible association with selected_k_epsilon."
rho_1,oracle_gain,continuous_quality,-0.0435,0.511,-0.0584,0.3767,,,Negligible,"Spearman rho=-0.043 (p=5.110e-01), Pearson r=-0.058 (p=3.767e-01). Negligible association with oracle_gain."
rho_1,f1_range,continuous_quality,0.0209,0.7526,-0.0065,0.9216,,,Negligible,"Spearman rho=0.021 (p=7.526e-01), Pearson r=-0.007 (p=9.216e-01). Negligible association with f1_range."
delta_12,best_k_qual,ordinal_budget,0.132,0.045,,,4.3727,0.3579,Weak,"Spearman rho=0.132 (p=4.498e-02), KW H=4.37 (p=3.579e-01). Weak association with best_k_qual."
delta_12,selected_k_epsilon,ordinal_budget,0.126,0.0559,,,4.535,0.3384,Weak,"Spearman rho=0.126 (p=5.586e-02), KW H=4.53 (p=3.384e-01). Weak association with selected_k_epsilon."
delta_12,oracle_gain,continuous_quality,0.0295,0.6554,-0.0559,0.3977,,,Negligible,"Spearman rho=0.030 (p=6.554e-01), Pearson r=-0.056 (p=3.977e-01). Negligible association with oracle_gain."
delta_12,f1_range,continuous_quality,0.0443,0.5025,-0.0266,0.688,,,Negligible,"Spearman rho=0.044 (p=5.025e-01), Pearson r=-0.027 (p=6.880e-01). Negligible association with f1_range."
entropy,best_k_qual,ordinal_budget,0.0532,0.421,,,3.2453,0.5176,Negligible,"Spearman rho=0.053 (p=4.210e-01), KW H=3.25 (p=5.176e-01). Negligible association with best_k_qual."
entropy,selected_k_epsilon,ordinal_budget,0.0479,0.4686,,,2.9828,0.5607,Negligible,"Spearman rho=0.048 (p=4.686e-01), KW H=2.98 (p=5.607e-01). Negligible association with selected_k_epsilon."
entropy,oracle_gain,continuous_quality,0.0842,0.2021,0.0203,0.759,,,Negligible,"Spearman rho=0.084 (p=2.021e-01), Pearson r=0.020 (p=7.590e-01). Negligible association with oracle_gain."
entropy,f1_range,continuous_quality,0.0453,0.4935,-0.037,0.5761,,,Negligible,"Spearman rho=0.045 (p=4.935e-01), Pearson r=-0.037 (p=5.761e-01). Negligible association with f1_range."
entropy_normalized,best_k_qual,ordinal_budget,0.0532,0.4214,,,3.2447,0.5177,Negligible,"Spearman rho=0.053 (p=4.214e-01), KW H=3.24 (p=5.177e-01). Negligible association with best_k_qual."
entropy_normalized,selected_k_epsilon,ordinal_budget,0.0479,0.4691,,,2.982,0.5608,Negligible,"Spearman rho=0.048 (p=4.691e-01), KW H=2.98 (p=5.608e-01). Negligible association with selected_k_epsilon."
entropy_normalized,oracle_gain,continuous_quality,0.0843,0.202,0.0203,0.759,,,Negligible,"Spearman rho=0.084 (p=2.020e-01), Pearson r=0.020 (p=7.590e-01). Negligible association with oracle_gain."
entropy_normalized,f1_range,continuous_quality,0.0453,0.4934,-0.037,0.5761,,,Negligible,"Spearman rho=0.045 (p=4.934e-01), Pearson r=-0.037 (p=5.761e-01). Negligible association with f1_range."
n_high,best_k_qual,ordinal_budget,-0.1421,0.0308,,,5.3897,0.2496,Weak,"Spearman rho=-0.142 (p=3.080e-02), KW H=5.39 (p=2.496e-01). Weak association with best_k_qual."
n_high,selected_k_epsilon,ordinal_budget,-0.1352,0.0401,,,6.0636,0.1944,Weak,"Spearman rho=-0.135 (p=4.009e-02), KW H=6.06 (p=1.944e-01). Weak association with selected_k_epsilon."
n_high,oracle_gain,continuous_quality,-0.0193,0.7707,0.0365,0.581,,,Negligible,"Spearman rho=-0.019 (p=7.707e-01), Pearson r=0.037 (p=5.810e-01). Negligible association with oracle_gain."
n_high,f1_range,continuous_quality,-0.0619,0.349,0.0377,0.5689,,,Negligible,"Spearman rho=-0.062 (p=3.490e-01), Pearson r=0.038 (p=5.689e-01). Negligible association with f1_range."
query_token_length,best_k_qual,ordinal_budget,-0.0125,0.8503,,,1.4946,0.8276,Negligible,"Spearman rho=-0.012 (p=8.503e-01), KW H=1.49 (p=8.276e-01). Negligible association with best_k_qual."
query_token_length,selected_k_epsilon,ordinal_budget,-0.0232,0.7253,,,1.0837,0.8968,Negligible,"Spearman rho=-0.023 (p=7.253e-01), KW H=1.08 (p=8.968e-01). Negligible association with selected_k_epsilon."
query_token_length,oracle_gain,continuous_quality,-0.0632,0.3389,-0.118,0.0734,,,Negligible,"Spearman rho=-0.063 (p=3.389e-01), Pearson r=-0.118 (p=7.341e-02). Negligible association with oracle_gain."
query_token_length,f1_range,continuous_quality,-0.062,0.3481,-0.0975,0.1398,,,Negligible,"Spearman rho=-0.062 (p=3.481e-01), Pearson r=-0.097 (p=1.398e-01). Negligible association with f1_range."
