question_id,max_f1,n_tied_k,tied_k_set,smallest_tied_k,is_strict_winner,is_all_zero_tie,n_near_tied_k
1000,1.0,4,"4,5,6,8",4,False,False,4
1001,0.6,1,6,6,True,False,1
1002,0.2105,3,"5,6,8",5,False,False,3
1003,0.0,5,"2,4,5,6,8",2,False,True,5
1004,0.8889,1,5,5,True,False,1
1005,1.0,1,8,8,True,False,1
1013,0.0,5,"2,4,5,6,8",2,False,True,5
1028,1.0,2,"4,8",4,False,False,2
1029,0.0,5,"2,4,5,6,8",2,False,True,5
1030,0.4,2,"4,8",4,False,False,2
104,0.0,5,"2,4,5,6,8",2,False,True,5
105,0.4444,4,"4,5,6,8",4,False,False,4
1065,0.5,1,2,2,True,False,1
1066,0.125,3,"4,5,6",4,False,False,3
1067,1.0,4,"4,5,6,8",4,False,False,4
1107,1.0,4,"4,5,6,8",4,False,False,4
1108,0.3333,4,"4,5,6,8",4,False,False,4
1109,0.0,5,"2,4,5,6,8",2,False,True,5
1110,1.0,4,"2,5,6,8",2,False,False,4
1132,0.6047,1,8,8,True,False,1
1133,0.0,5,"2,4,5,6,8",2,False,True,5
1134,1.0,4,"2,4,5,6",2,False,False,4
1135,0.0,5,"2,4,5,6,8",2,False,True,5
1158,1.0,2,"2,4",2,False,False,2
1159,1.0,5,"2,4,5,6,8",2,False,False,5
116,0.5,2,"6,8",6,False,False,2
1160,0.0,5,"2,4,5,6,8",2,False,True,5
1161,0.75,5,"2,4,5,6,8",2,False,False,5
117,0.4762,1,8,8,True,False,1
118,0.0,5,"2,4,5,6,8",2,False,True,5
1187,1.0,5,"2,4,5,6,8",2,False,False,5
1188,1.0,5,"2,4,5,6,8",2,False,False,5
1213,1.0,5,"2,4,5,6,8",2,False,False,5
1214,0.0,5,"2,4,5,6,8",2,False,True,5
1215,0.8387,1,8,8,True,False,1
1233,0.4444,3,"2,4,5",2,False,False,3
1234,0.5,1,4,4,True,False,1
1235,0.5333,2,"2,4",2,False,False,2
125,0.5306,5,"2,4,5,6,8",2,False,False,5
126,0.3438,1,6,6,True,False,2
1264,1.0,5,"2,4,5,6,8",2,False,False,5
1265,0.5714,5,"2,4,5,6,8",2,False,False,5
1266,0.4,3,"5,6,8",5,False,False,3
1267,1.0,5,"2,4,5,6,8",2,False,False,5
127,0.8571,1,6,6,True,False,1
1282,0.88,1,6,6,True,False,1
1283,0.0,5,"2,4,5,6,8",2,False,True,5
1313,0.8,4,"4,5,6,8",4,False,False,4
1314,0.0,5,"2,4,5,6,8",2,False,True,5
1315,0.2609,2,"4,8",4,False,False,2
1316,0.1667,1,2,2,True,False,1
1317,0.3429,1,4,4,True,False,1
1364,0.8852,4,"4,5,6,8",4,False,False,4
1365,1.0,1,6,6,True,False,1
1366,0.3,1,4,4,True,False,1
1367,0.3158,2,"6,8",6,False,False,2
1377,0.4242,3,"5,6,8",5,False,False,3
1378,0.0,5,"2,4,5,6,8",2,False,True,5
1379,0.1481,1,8,8,True,False,1
1400,0.2069,1,2,2,True,False,1
1401,0.1739,1,2,2,True,False,1
1402,0.2105,1,8,8,True,False,1
1403,0.8182,3,"5,6,8",5,False,False,3
1419,0.3636,5,"2,4,5,6,8",2,False,False,5
1420,0.9091,1,8,8,True,False,1
1459,1.0,1,2,2,True,False,1
1460,0.6667,5,"2,4,5,6,8",2,False,False,5
1493,0.9091,2,"6,8",6,False,False,2
1494,1.0,4,"2,4,5,8",2,False,False,4
1495,1.0,5,"2,4,5,6,8",2,False,False,5
1496,1.0,5,"2,4,5,6,8",2,False,False,5
1497,0.5,4,"4,5,6,8",4,False,False,4
1502,0.0,5,"2,4,5,6,8",2,False,True,5
1503,1.0,5,"2,4,5,6,8",2,False,False,5
1504,0.0,5,"2,4,5,6,8",2,False,True,5
1505,0.0,5,"2,4,5,6,8",2,False,True,5
153,1.0,5,"2,4,5,6,8",2,False,False,5
154,0.2857,1,6,6,True,False,1
155,0.1667,1,2,2,True,False,3
156,0.5333,1,8,8,True,False,1
1586,0.0,5,"2,4,5,6,8",2,False,True,5
1587,0.0,5,"2,4,5,6,8",2,False,True,5
1632,0.2222,2,"6,8",6,False,False,2
1663,1.0,3,"4,6,8",4,False,False,3
1670,0.2667,1,8,8,True,False,1
1682,0.8889,2,"6,8",6,False,False,2
1683,0.5263,1,6,6,True,False,1
1704,0.0,5,"2,4,5,6,8",2,False,True,5
1705,1.0,5,"2,4,5,6,8",2,False,False,5
171,0.6087,1,8,8,True,False,1
172,1.0,4,"2,4,5,6",2,False,False,4
173,0.75,5,"2,4,5,6,8",2,False,False,5
174,0.1429,1,8,8,True,False,1
1757,1.0,5,"2,4,5,6,8",2,False,False,5
1763,0.0,5,"2,4,5,6,8",2,False,True,5
1779,0.4444,1,2,2,True,False,1
1799,0.0,5,"2,4,5,6,8",2,False,True,5
1800,0.0,5,"2,4,5,6,8",2,False,True,5
1801,0.2857,1,6,6,True,False,1
1807,0.1818,5,"2,4,5,6,8",2,False,False,5
1808,1.0,5,"2,4,5,6,8",2,False,False,5
1809,0.2,2,"6,8",6,False,False,2
1810,0.8837,2,"5,6",5,False,False,2
1828,0.0,5,"2,4,5,6,8",2,False,True,5
1829,0.0,5,"2,4,5,6,8",2,False,True,5
1830,0.5714,4,"4,5,6,8",4,False,False,4
1871,0.0625,2,"2,4",2,False,False,2
1909,0.16,2,"5,8",5,False,False,2
1910,0.1395,1,4,4,True,False,1
1911,0.2,1,2,2,True,False,1
1912,0.5,1,8,8,True,False,1
1917,0.0,5,"2,4,5,6,8",2,False,True,5
1918,0.0,5,"2,4,5,6,8",2,False,True,5
1919,0.75,1,2,2,True,False,1
1920,1.0,5,"2,4,5,6,8",2,False,False,5
1926,0.5,4,"4,5,6,8",4,False,False,4
1934,1.0,4,"4,5,6,8",4,False,False,4
1958,1.0,4,"4,5,6,8",4,False,False,4
1964,1.0,5,"2,4,5,6,8",2,False,False,5
1965,1.0,3,"4,5,6",4,False,False,3
1984,0.9286,2,"6,8",6,False,False,2
2014,0.2632,1,2,2,True,False,1
2015,0.0,5,"2,4,5,6,8",2,False,True,5
2023,0.6154,1,6,6,True,False,1
2027,0.0,5,"2,4,5,6,8",2,False,True,5
2028,1.0,5,"2,4,5,6,8",2,False,False,5
2029,0.6957,2,"4,5",4,False,False,2
2030,1.0,1,4,4,True,False,1
2031,0.0488,5,"2,4,5,6,8",2,False,False,5
2032,0.5079,3,"2,4,5",2,False,False,3
2059,0.6667,4,"4,5,6,8",4,False,False,4
2069,0.2222,2,"5,6",5,False,False,2
2100,1.0,1,4,4,True,False,1
2101,1.0,5,"2,4,5,6,8",2,False,False,5
2102,0.0,5,"2,4,5,6,8",2,False,True,5
2158,0.8889,3,"5,6,8",5,False,False,3
2159,0.0,5,"2,4,5,6,8",2,False,True,5
2160,0.7692,1,4,4,True,False,1
2161,0.1429,3,"5,6,8",5,False,False,5
2190,0.8889,1,8,8,True,False,1
2191,0.8,1,2,2,True,False,1
2192,0.8,1,8,8,True,False,1
2196,1.0,5,"2,4,5,6,8",2,False,False,5
2201,0.8,1,2,2,True,False,1
2202,1.0,5,"2,4,5,6,8",2,False,False,5
2239,1.0,5,"2,4,5,6,8",2,False,False,5
2240,1.0,5,"2,4,5,6,8",2,False,False,5
2262,0.6667,1,8,8,True,False,1
2293,0.5333,1,4,4,True,False,2
283,1.0,1,8,8,True,False,1
284,0.1905,5,"2,4,5,6,8",2,False,False,5
285,1.0,5,"2,4,5,6,8",2,False,False,5
340,0.0,5,"2,4,5,6,8",2,False,True,5
341,0.0,5,"2,4,5,6,8",2,False,True,5
342,0.5,5,"2,4,5,6,8",2,False,False,5
343,0.3636,1,5,5,True,False,1
344,1.0,4,"4,5,6,8",4,False,False,4
345,0.0,5,"2,4,5,6,8",2,False,True,5
346,0.0,5,"2,4,5,6,8",2,False,True,5
347,0.0,5,"2,4,5,6,8",2,False,True,5
348,1.0,5,"2,4,5,6,8",2,False,False,5
398,0.4615,1,2,2,True,False,1
399,0.0,5,"2,4,5,6,8",2,False,True,5
400,0.0,5,"2,4,5,6,8",2,False,True,5
401,0.2778,1,2,2,True,False,1
402,0.3333,2,"2,8",2,False,False,2
403,0.6667,1,5,5,True,False,1
404,0.5,5,"2,4,5,6,8",2,False,False,5
405,0.0,5,"2,4,5,6,8",2,False,True,5
406,0.3333,1,8,8,True,False,1
418,0.0,5,"2,4,5,6,8",2,False,True,5
419,0.6,1,4,4,True,False,1
420,0.6154,1,8,8,True,False,1
421,0.16,4,"2,4,5,6",2,False,False,4
422,0.6,1,8,8,True,False,1
478,1.0,5,"2,4,5,6,8",2,False,False,5
479,0.0,5,"2,4,5,6,8",2,False,True,5
480,0.125,1,6,6,True,False,1
481,1.0,5,"2,4,5,6,8",2,False,False,5
545,0.1667,2,"4,5",4,False,False,2
546,0.0,5,"2,4,5,6,8",2,False,True,5
547,0.0,5,"2,4,5,6,8",2,False,True,5
548,0.75,5,"2,4,5,6,8",2,False,False,5
549,0.6667,5,"2,4,5,6,8",2,False,False,5
550,1.0,4,"4,5,6,8",4,False,False,4
551,0.0526,4,"2,5,6,8",2,False,False,4
556,0.24,1,4,4,True,False,1
557,0.0,5,"2,4,5,6,8",2,False,True,5
558,0.0,5,"2,4,5,6,8",2,False,True,5
559,0.087,1,8,8,True,False,1
631,1.0,5,"2,4,5,6,8",2,False,False,5
632,1.0,1,8,8,True,False,1
636,0.6667,5,"2,4,5,6,8",2,False,False,5
637,1.0,5,"2,4,5,6,8",2,False,False,5
638,0.2353,1,8,8,True,False,1
639,0.75,1,5,5,True,False,1
677,0.0,5,"2,4,5,6,8",2,False,True,5
721,0.8,1,4,4,True,False,1
722,0.0,5,"2,4,5,6,8",2,False,True,5
723,0.1176,1,5,5,True,False,1
732,1.0,5,"2,4,5,6,8",2,False,False,5
733,0.3333,4,"4,5,6,8",4,False,False,4
734,0.1111,1,2,2,True,False,4
735,0.1818,2,"2,6",2,False,False,2
736,0.5714,2,"4,5",4,False,False,2
737,0.3333,4,"4,5,6,8",4,False,False,4
738,1.0,5,"2,4,5,6,8",2,False,False,5
818,0.6364,1,4,4,True,False,1
819,0.2857,1,6,6,True,False,1
877,0.4444,1,5,5,True,False,1
878,0.381,1,5,5,True,False,1
879,0.2581,4,"4,5,6,8",4,False,False,4
880,1.0,5,"2,4,5,6,8",2,False,False,5
883,1.0,1,6,6,True,False,1
884,1.0,2,"2,4",2,False,False,2
897,0.6316,1,6,6,True,False,1
90,0.1176,2,"2,5",2,False,False,2
91,0.0,5,"2,4,5,6,8",2,False,True,5
916,0.5,3,"4,5,8",4,False,False,3
917,1.0,1,8,8,True,False,1
918,0.4878,1,2,2,True,False,1
919,0.0,5,"2,4,5,6,8",2,False,True,5
92,1.0,2,"2,5",2,False,False,2
920,1.0,1,2,2,True,False,1
93,0.0,5,"2,4,5,6,8",2,False,True,5
94,0.0,5,"2,4,5,6,8",2,False,True,5
95,0.0,5,"2,4,5,6,8",2,False,True,5
951,0.2,2,"6,8",6,False,False,3
964,0.2,3,"5,6,8",5,False,False,3
965,0.5,5,"2,4,5,6,8",2,False,False,5
966,0.0,5,"2,4,5,6,8",2,False,True,5
