feature,target,spearman_rho,bootstrap_ci_low,bootstrap_ci_high,bootstrap_ci_width,bootstrap_sign_stable
rho_1,oracle_k,0.049045455885046496,-0.09713371060788631,0.18295274786651128,0.2800864584743976,False
rho_1,G_2_to_4,0.026607548950443254,-0.10917430557310581,0.15687493272125722,0.266049238294363,False
rho_1,G_4_to_6,-0.049171122258566326,-0.17114484049379824,0.06551362704485648,0.23665846753865472,False
rho_1,G_6_to_8,0.12080932036076363,-0.00012918782013002765,0.2378441497683525,0.23797333758848252,False
rho_1,G_2_to_8,0.026814942330330424,-0.10269277170300484,0.14936401620507225,0.25205678790807706,False
delta_12,oracle_k,0.12599022935868923,-0.010462017287500203,0.2532630704343319,0.26372508772183206,False
delta_12,G_2_to_4,0.00578901527395938,-0.1334865041077137,0.13445649184286593,0.26794299595057963,False
delta_12,G_4_to_6,0.04966281071779738,-0.07085341420024634,0.1677905358374118,0.23864395003765815,False
delta_12,G_6_to_8,0.1055316748788969,-0.03571049403399229,0.25054293572902675,0.28625342976301904,False
delta_12,G_2_to_8,0.049255351452048304,-0.0991897901520133,0.17984937205910684,0.27903916221112013,False
entropy,oracle_k,-0.06034519201111429,-0.18299516402184962,0.07069525104016065,0.2536904150620103,False
entropy,G_2_to_4,-0.0005200717633743022,-0.14955561608076096,0.15116469189524648,0.30072030797600746,False
entropy,G_4_to_6,-0.07282279904166042,-0.20624604262411594,0.06309420373290768,0.26934024635702364,False
entropy,G_6_to_8,-0.028321476898430606,-0.15350842401385306,0.11271214038133617,0.26622056439518926,False
entropy,G_2_to_8,-0.031820120133608666,-0.15586422383785248,0.09177573304623365,0.24763995688408613,False
entropy_normalized,oracle_k,-0.06034519201111429,-0.18299516402184962,0.07069525104016065,0.2536904150620103,False
entropy_normalized,G_2_to_4,-0.0005200717633743022,-0.14955561608076096,0.15116469189524648,0.30072030797600746,False
entropy_normalized,G_4_to_6,-0.07282279904166042,-0.20624604262411594,0.06309420373290768,0.26934024635702364,False
entropy_normalized,G_6_to_8,-0.028321476898430606,-0.15350842401385306,0.11271214038133617,0.26622056439518926,False
entropy_normalized,G_2_to_8,-0.031820120133608666,-0.15586422383785248,0.09177573304623365,0.24763995688408613,False
query_token_length,oracle_k,-0.02324452680654668,-0.13977005444467067,0.10467665027827022,0.2444467047229409,False
query_token_length,G_2_to_4,-0.11995017507904657,-0.2383600514382124,0.0001315471352427252,0.23849159857345512,False
query_token_length,G_4_to_6,0.103660590145269,-0.017358867265284062,0.23394317179918286,0.2513020390644669,False
query_token_length,G_6_to_8,0.06416004237158143,-0.06666378118097782,0.19050234034657476,0.2571661215275526,False
query_token_length,G_2_to_8,0.008419968713692043,-0.13107262700796127,0.1392671827226877,0.27033980973064897,False
n_high,oracle_k,-0.03417038613148009,-0.17263400964438916,0.1028425678610801,0.2754765775054693,False
n_high,G_2_to_4,0.008590640062301926,-0.13507160693407058,0.15367918275296688,0.2887507896870375,False
n_high,G_4_to_6,0.019168278398697922,-0.10561009217053652,0.14146799147129058,0.2470780836418271,False
n_high,G_6_to_8,-0.10149721875504909,-0.22204226553440093,0.01936490880325434,0.24140717433765527,False
n_high,G_2_to_8,-0.01925841811831271,-0.14776651971042157,0.11026459559798239,0.25803111530840395,False
bm25_top1_score,oracle_k,0.12178653449046158,-0.009001066558994351,0.23753795251250268,0.24653901907149703,False
bm25_top1_score,G_2_to_4,0.024809666019050318,-0.12310933452099561,0.17568740099668498,0.2987967355176806,False
bm25_top1_score,G_4_to_6,0.14785709343006884,0.011305482732132078,0.27997623607516287,0.2686707533430308,True
bm25_top1_score,G_6_to_8,-0.02380310110205873,-0.16308787614107131,0.1110415071249008,0.27412938326597214,False
bm25_top1_score,G_2_to_8,0.0845427674176948,-0.048209827020764345,0.21231129914522168,0.260521126165986,False
bm25_top2_score,oracle_k,0.08516272086998479,-0.040131283551454545,0.20507075861096377,0.2452020421624183,False
bm25_top2_score,G_2_to_4,0.014343362528998054,-0.13207561671733856,0.17229768335819237,0.30437330007553093,False
bm25_top2_score,G_4_to_6,0.11413605679733452,-0.013682204531505704,0.23351848684251308,0.2472006913740188,False
bm25_top2_score,G_6_to_8,-0.056946382741625584,-0.18596580028533935,0.0706010065972805,0.25656680688261985,False
bm25_top2_score,G_2_to_8,0.060725128189700536,-0.08780430946499108,0.2081486452370882,0.2959529547020793,False
bm25_top3_score,oracle_k,0.10920729548517867,-0.02814834155142307,0.2359472632408142,0.26409560479223726,False
bm25_top3_score,G_2_to_4,0.043467437771973254,-0.10074170473963022,0.19638958163559433,0.29713128637522457,False
bm25_top3_score,G_4_to_6,0.1370600320540809,0.00457270551705733,0.26436123475432394,0.2597885292372666,True
bm25_top3_score,G_6_to_8,-0.08478233245330208,-0.22684972137212753,0.050220834650099244,0.27707055602222674,False
bm25_top3_score,G_2_to_8,0.0767275549667403,-0.07002655491232872,0.21969963982701296,0.2897261947393417,False
bm25_mean_score,oracle_k,0.1292885899771351,0.000358902136213147,0.25178280770778655,0.2514239055715734,True
bm25_mean_score,G_2_to_4,0.01672114601790881,-0.12476035188883543,0.17332491204142567,0.2980852639302611,False
bm25_mean_score,G_4_to_6,0.17433936864933153,0.04599564988166094,0.29575581625103947,0.24976016636937853,True
bm25_mean_score,G_6_to_8,-0.07238415878660992,-0.21318850629031658,0.0624847801402211,0.2756732864305377,False
bm25_mean_score,G_2_to_8,0.07988590296046554,-0.07748557683080434,0.2307329826056957,0.3082185594365,False
bm25_std_score,oracle_k,0.050618339388398964,-0.08375937156379223,0.17585323229432104,0.25961260385811324,False
bm25_std_score,G_2_to_4,-0.012174152998557753,-0.1603857461363077,0.13313656561076637,0.2935223117470741,False
bm25_std_score,G_4_to_6,0.0803614511645446,-0.05028976248577237,0.20601313337683677,0.2563028958626091,False
bm25_std_score,G_6_to_8,0.013475970345802543,-0.12458616327494383,0.14652246795594692,0.27110863123089074,False
bm25_std_score,G_2_to_8,0.03096954554513123,-0.09493889790028334,0.1612442888319492,0.2561831867322325,False
bm25_score_range,oracle_k,0.05923389245827662,-0.06699541565030813,0.17701888866722582,0.24401430431753396,False
bm25_score_range,G_2_to_4,-0.0007074094415790431,-0.14762414395809173,0.14686787761747835,0.2944920215755701,False
bm25_score_range,G_4_to_6,0.07056922748533657,-0.06559274904429913,0.20872863680124276,0.2743213858455419,False
bm25_score_range,G_6_to_8,0.008641495448010267,-0.12995791286230088,0.14240553751587864,0.27236345037817955,False
bm25_score_range,G_2_to_8,0.019716589314687852,-0.10080696828663349,0.1423801939934492,0.2431871622800827,False
bm25_coeff_variation,oracle_k,-0.02445292694117161,-0.1585098799318075,0.09851793739944696,0.25702781733125446,False
bm25_coeff_variation,G_2_to_4,-0.0026093062880693783,-0.13801908791065215,0.12811344861984253,0.2661325365304947,False
bm25_coeff_variation,G_4_to_6,-0.08336792049082202,-0.19371396154165268,0.028605707315728063,0.22231966885738075,False
bm25_coeff_variation,G_6_to_8,0.11286525569612725,-0.008197481604292988,0.22860655337572097,0.23680403498001396,False
bm25_coeff_variation,G_2_to_8,-0.0052854164220424655,-0.13538731038570403,0.12295263260602945,0.25833994299173346,False
bm25_top2_ratio,oracle_k,-0.0008852458226921459,-0.13263296596705915,0.12463351711630818,0.2572664830833673,False
bm25_top2_ratio,G_2_to_4,0.016485731731529656,-0.11861148551106453,0.15782477445900434,0.2764362599700689,False
bm25_top2_ratio,G_4_to_6,-0.07766976075352952,-0.1879700493067503,0.0367995651438832,0.22476961445063348,False
bm25_top2_ratio,G_6_to_8,0.11325035913773066,-0.008972405269742011,0.223621479421854,0.23259388469159603,False
bm25_top2_ratio,G_2_to_8,0.014149914753499544,-0.12107119150459766,0.1440242614597081,0.26509545296430576,False
bm25_top4_ratio,oracle_k,-0.04659989769862785,-0.1708130806684494,0.07551750671118491,0.2463305873796343,False
bm25_top4_ratio,G_2_to_4,0.0029498945392264445,-0.12668897844851018,0.13330751694738863,0.2599964953958988,False
bm25_top4_ratio,G_4_to_6,-0.11450972653171392,-0.21847211942076683,-0.012350651482120188,0.20612146793864664,True
bm25_top4_ratio,G_6_to_8,0.10051611068520731,-0.01306267406325787,0.21703511029481884,0.2300977843580767,False
bm25_top4_ratio,G_2_to_8,-0.0193782922511632,-0.15344095043838024,0.11170466355979441,0.26514561399817466,False
bm25_mean_adjacent_gap,oracle_k,0.05923389245827662,-0.06699541565030813,0.17701888866722582,0.24401430431753396,False
bm25_mean_adjacent_gap,G_2_to_4,-0.0007074094415790431,-0.14762414395809173,0.14686787761747835,0.2944920215755701,False
bm25_mean_adjacent_gap,G_4_to_6,0.07056922748533657,-0.06559274904429913,0.20872863680124276,0.2743213858455419,False
bm25_mean_adjacent_gap,G_6_to_8,0.008641495448010267,-0.12995791286230088,0.14240553751587864,0.27236345037817955,False
bm25_mean_adjacent_gap,G_2_to_8,0.019716589314687852,-0.10080696828663349,0.1423801939934492,0.2431871622800827,False
bm25_first_gap_ratio,oracle_k,0.14778224082838257,0.011684341588988904,0.27573979273438454,0.26405545114539564,True
bm25_first_gap_ratio,G_2_to_4,0.009090630737002961,-0.14165417477488518,0.14457140229642385,0.286225577071309,False
bm25_first_gap_ratio,G_4_to_6,0.08332637737879893,-0.04495865451171994,0.2030958574265241,0.24805451193824404,False
bm25_first_gap_ratio,G_6_to_8,0.09898676500003972,-0.05683726286515593,0.24658128172159194,0.3034185445867479,False
bm25_first_gap_ratio,G_2_to_8,0.06499824810652237,-0.07841516435146331,0.1964321669191122,0.2748473312705755,False
query_word_count,oracle_k,-0.02324452680654668,-0.13977005444467067,0.10467665027827022,0.2444467047229409,False
query_word_count,G_2_to_4,-0.11995017507904657,-0.2383600514382124,0.0001315471352427252,0.23849159857345512,False
query_word_count,G_4_to_6,0.103660590145269,-0.017358867265284062,0.23394317179918286,0.2513020390644669,False
query_word_count,G_6_to_8,0.06416004237158143,-0.06666378118097782,0.19050234034657476,0.2571661215275526,False
query_word_count,G_2_to_8,0.008419968713692043,-0.13107262700796127,0.1392671827226877,0.27033980973064897,False
query_char_length,oracle_k,0.005622544347877086,-0.11156673952937127,0.12358195353299378,0.23514869306236505,False
query_char_length,G_2_to_4,-0.1036638567131269,-0.22706073559820653,0.0136793102137744,0.2407400458119809,False
query_char_length,G_4_to_6,0.11822530913356565,-0.013248404674232005,0.25377915278077123,0.26702755745500323,False
query_char_length,G_6_to_8,0.03820965798005117,-0.07908522319048643,0.1537385921925306,0.23282381538301705,False
query_char_length,G_2_to_8,0.018815400509047245,-0.10277060847729444,0.14142232500016688,0.24419293347746132,False
query_comma_count,oracle_k,-0.0101448856188985,-0.08819009624421596,0.06683630850166082,0.15502640474587678,False
query_comma_count,G_2_to_4,0.0559489132182442,-0.025795388501137495,0.1536109060049057,0.1794062945060432,False
query_comma_count,G_4_to_6,-0.08356085255312405,-0.18422786258161067,0.0,0.18422786258161067,False
query_comma_count,G_6_to_8,0.07482359799559064,-0.008888679696246982,0.17596364691853522,0.1848523266147822,False
query_comma_count,G_2_to_8,0.027692193170691538,-0.03875144263729453,0.10380157623440026,0.14255301887169478,False
query_conjunction_count,oracle_k,0.18877841801609224,0.049442626629024745,0.32911713421344757,0.2796745075844228,True
query_conjunction_count,G_2_to_4,0.03719532356468968,-0.10093002505600453,0.19522730074822894,0.2961573258042335,False
query_conjunction_count,G_4_to_6,0.0888089085414642,-0.05375498030334711,0.22683935835957522,0.2805943386629223,False
query_conjunction_count,G_6_to_8,-0.044415153688483824,-0.23580669462680817,0.13364915959537021,0.3694558542221784,False
query_conjunction_count,G_2_to_8,0.08713121908472876,-0.06308711487799883,0.21912311017513267,0.2822102250531315,False
query_num_count,oracle_k,0.016631360157677123,-0.11032612081617117,0.13790034539997575,0.2482264662161469,False
query_num_count,G_2_to_4,-0.11397297818347749,-0.20982042104005813,-0.007887084758840533,0.2019333362812176,True
query_num_count,G_4_to_6,0.08798153888467411,-0.01816601571626961,0.19802781976759432,0.21619383548386392,False
query_num_count,G_6_to_8,-0.05786317005049514,-0.16125268079340457,0.004258201294578609,0.16551088208798317,False
query_num_count,G_2_to_8,0.03685319120261792,-0.04019293403252959,0.11945117469877004,0.15964410873129964,False
query_is_comparison,oracle_k,-0.00795669119744272,-0.13827623799443245,0.1406638540327549,0.27894009202718734,False
query_is_comparison,G_2_to_4,-0.07734964610633034,-0.20026555582880973,0.038400831632316,0.23866638746112573,False
query_is_comparison,G_4_to_6,0.009060649980799869,-0.0780024429783225,0.09903418067842717,0.17703662365674966,False
query_is_comparison,G_6_to_8,0.03653617673784206,-0.07617682218551636,0.15767890810966487,0.23385573029518122,False
query_is_comparison,G_2_to_8,-0.05936698629531121,-0.16450402550399304,0.06785343308001757,0.2323574585840106,False
query_is_how_why,oracle_k,-0.00597709340985743,-0.12668563313782216,0.1264298118650913,0.2531154450029135,False
query_is_how_why,G_2_to_4,0.001833091113267399,-0.12133350372314453,0.12074874211102724,0.24208224583417176,False
query_is_how_why,G_4_to_6,0.04553354851922543,-0.08814837913960218,0.17756832800805566,0.2657167071476578,False
query_is_how_why,G_6_to_8,-0.061325594843828365,-0.19105041734874248,0.07024933286011216,0.26129975020885465,False
query_is_how_why,G_2_to_8,-0.1044239317931616,-0.2299786664545536,0.01958239977248011,0.2495610662270337,False
query_is_factoid,oracle_k,0.13122612869317501,0.0,0.21661438569426536,0.21661438569426536,False
query_is_factoid,G_2_to_4,0.1241717760837109,-0.024807664472609757,0.2448676548898219,0.26967531936243166,False
query_is_factoid,G_4_to_6,-0.0677062487550866,-0.16227482706308366,1.0857789157348123e-18,0.16227482706308366,False
query_is_factoid,G_6_to_8,0.13526904560626885,-0.005250939226243645,0.25007288455963134,0.255323823785875,False
query_is_factoid,G_2_to_8,0.16352026334324676,0.0,0.25084974691271783,0.25084974691271783,False
query_is_what_which,oracle_k,0.17519420985126732,0.041362585872411727,0.3013094782829285,0.25994689241051677,True
query_is_what_which,G_2_to_4,-0.02850818662372274,-0.1618198849260807,0.11836414374411106,0.28018402867019176,False
query_is_what_which,G_4_to_6,-0.0036645704403714665,-0.13503077030181884,0.1282624777406454,0.26329324804246423,False
query_is_what_which,G_6_to_8,0.07175671582644856,-0.05723024904727936,0.18711675219237803,0.24434700123965739,False
query_is_what_which,G_2_to_8,0.10525046283377905,-0.019668212113901972,0.2271324299275875,0.24680064204148947,False
query_is_numerical,oracle_k,-0.12296245431924395,-0.1742789089679718,-0.05351667422801257,0.12076223473995923,True
query_is_numerical,G_2_to_4,-0.0320317292555303,-0.05865671057254076,-0.003649859217694029,0.05500685135484673,True
query_is_numerical,G_4_to_6,-0.018254260848535774,-0.043275878112763164,0.0032646237523294786,0.04654050186509264,False
query_is_numerical,G_6_to_8,-0.008308543788773834,-0.029292307002469896,0.014103720244020223,0.04339602724649012,False
query_is_numerical,G_2_to_8,-0.050030914891683306,-0.08171842489391565,-0.01787632396444679,0.06384210092946886,True
query_quote_count,oracle_k,0.011361808846076002,-0.11952855475246907,0.14587508626282214,0.26540364101529124,False
query_quote_count,G_2_to_4,0.0766128226721487,-0.0351433421485126,0.21646518222987646,0.25160852437838904,False
query_quote_count,G_4_to_6,-0.02676395783502816,-0.05446116365492344,0.0,0.05446116365492344,False
query_quote_count,G_6_to_8,-0.058702089036370766,-0.13769942112267017,0.002874645515112206,0.14057406663778238,False
query_quote_count,G_2_to_8,-0.04146102607603072,-0.07452579811215401,0.0,0.07452579811215401,False
query_capitalized_spans,oracle_k,0.08803610481231064,-0.03469990491867066,0.19230092503130436,0.227000829949975,False
query_capitalized_spans,G_2_to_4,0.052583568253403545,-0.10180171839892864,0.20303623117506497,0.3048379495739936,False
query_capitalized_spans,G_4_to_6,-0.051067014661312554,-0.15847812369465827,0.05070458063855763,0.2091827043332159,False
query_capitalized_spans,G_6_to_8,0.035431386451284276,-0.0815187331289053,0.15379028357565402,0.23530901670455934,False
query_capitalized_spans,G_2_to_8,0.013086624095126911,-0.09876283947378398,0.1133610490709543,0.2121238885447383,False
sem_sim_top1,oracle_k,0.1354484420839129,0.0018538966280175378,0.26490964516997334,0.2630557485419558,True
sem_sim_top1,G_2_to_4,0.008402234671719336,-0.12977155707776547,0.13411462940275667,0.26388618648052214,False
sem_sim_top1,G_4_to_6,0.125142649590585,-0.02136979578062892,0.2638777583837509,0.2852475541643798,False
sem_sim_top1,G_6_to_8,0.02393968629848133,-0.12002748344093561,0.16496810652315616,0.2849955899640918,False
sem_sim_top1,G_2_to_8,0.09462642296811342,-0.03008645777590573,0.21073585189878938,0.24082230967469512,False
sem_sim_top2,oracle_k,0.06327034927312018,-0.05283271791413426,0.1804269541054964,0.23325967201963066,False
sem_sim_top2,G_2_to_4,-0.004172876879891512,-0.1599624775350094,0.13670493885874746,0.2966674163937568,False
sem_sim_top2,G_4_to_6,0.12386050395513107,-0.017006058571860192,0.2577957652509212,0.2748018238227814,False
sem_sim_top2,G_6_to_8,-0.053350869190251046,-0.18484748862683772,0.07629614770412442,0.26114363633096216,False
sem_sim_top2,G_2_to_8,0.041171241495683825,-0.06933098454028368,0.1641722425818443,0.23350322712212795,False
sem_sim_max,oracle_k,0.12542506221465993,0.0013704088662052543,0.2443657454103231,0.24299533654411784,True
sem_sim_max,G_2_to_4,0.0016905128394414319,-0.1344568759202957,0.1355896584689617,0.2700465343892574,False
sem_sim_max,G_4_to_6,0.14686343725769785,0.0038976950920186957,0.2816342547535896,0.2777365596615709,True
sem_sim_max,G_6_to_8,-0.01940740385585798,-0.15715090669691562,0.10771753676235675,0.26486844345927235,False
sem_sim_max,G_2_to_8,0.0927734597448044,-0.03822795366868376,0.21592897027730937,0.25415692394599315,False
sem_sim_mean_top10,oracle_k,0.11561635289317461,-0.008608925808221101,0.23739028796553596,0.24599921377375705,False
sem_sim_mean_top10,G_2_to_4,0.002655721294908163,-0.14307655319571494,0.13824738375842566,0.2813239369541406,False
sem_sim_mean_top10,G_4_to_6,0.16864397871607686,0.02115869182161987,0.30899733304977417,0.2878386412281543,True
sem_sim_mean_top10,G_6_to_8,0.008889293261248762,-0.13470015190541743,0.14415201880037784,0.27885217070579527,False
sem_sim_mean_top10,G_2_to_8,0.10574524213020278,-0.017795056663453577,0.22414480485022065,0.24193986151367422,False
sem_sim_std_top10,oracle_k,0.03551550741666354,-0.09098237231373787,0.15087097510695457,0.24185334742069245,False
sem_sim_std_top10,G_2_to_4,-0.0033748742924343453,-0.13520206436514853,0.1189441295340657,0.2541461938992142,False
sem_sim_std_top10,G_4_to_6,0.061499171054859664,-0.05528367049992084,0.17713910005986688,0.23242277055978772,False
sem_sim_std_top10,G_6_to_8,-0.11107083689733425,-0.22617832124233245,0.016537899710237978,0.24271622095257042,False
sem_sim_std_top10,G_2_to_8,0.011507192766974815,-0.1241023337468505,0.13590483665466307,0.26000717040151355,False
sem_sim_gap_12,oracle_k,0.11888791035726014,-0.009996904502622781,0.2447214376181364,0.25471834212075917,False
sem_sim_gap_12,G_2_to_4,0.049360961730670394,-0.07880813889205456,0.1710449941456318,0.24985313303768636,False
sem_sim_gap_12,G_4_to_6,0.020238893643712043,-0.10394131969660521,0.1472063813358545,0.2511477010324597,False
sem_sim_gap_12,G_6_to_8,0.1211948885304032,-0.006100329849869009,0.24391392134129997,0.250014251191169,False
sem_sim_gap_12,G_2_to_8,0.12122039654709188,-0.004676649952307344,0.24118189401924606,0.2458585439715534,False
sem_sim_mean_top2,oracle_k,0.11152622844138914,-0.012264916789717972,0.234667769446969,0.24693268623668696,False
sem_sim_mean_top2,G_2_to_4,0.008868062390956747,-0.13541065007448197,0.1472603354603052,0.2826709855347872,False
sem_sim_mean_top2,G_4_to_6,0.12888380600757307,-0.01583449123427272,0.266704273968935,0.2825387652032077,False
sem_sim_mean_top2,G_6_to_8,-0.02002568961913359,-0.16282459497451782,0.11475703809410333,0.27758163306862116,False
sem_sim_mean_top2,G_2_to_8,0.07310262260846985,-0.04569954890757799,0.18979754149913783,0.23549709040671582,False
sem_sim_mean_top4,oracle_k,0.12701828630528916,0.009339987975545232,0.24951550923287868,0.24017552125733346,True
sem_sim_mean_top4,G_2_to_4,0.010051365456870767,-0.1397657673805952,0.15350491069257252,0.29327067807316776,False
sem_sim_mean_top4,G_4_to_6,0.14761235144156706,0.0008351003605639574,0.2905871972441673,0.28975209688360337,True
sem_sim_mean_top4,G_6_to_8,-0.01488962665108273,-0.16565850526094436,0.11750058010220527,0.2831590853631496,False
sem_sim_mean_top4,G_2_to_8,0.0907172112744938,-0.025120022660121314,0.20280163437128063,0.22792165703140194,False
sem_sim_mean_top6,oracle_k,0.12555408138225765,0.005212629167363048,0.24799547791481016,0.24278284874744713,True
sem_sim_mean_top6,G_2_to_4,0.013694104668290396,-0.13167585730552672,0.15743514373898504,0.28911100104451176,False
sem_sim_mean_top6,G_4_to_6,0.17208636617673412,0.02630467750132084,0.31960490345954895,0.29330022595822813,True
sem_sim_mean_top6,G_6_to_8,-0.019186198978674324,-0.1655748099088669,0.11846281234174956,0.28403762225061646,False
sem_sim_mean_top6,G_2_to_8,0.10556899226131904,-0.017857058718800545,0.22004146203398703,0.23789852075278758,False
sem_sim_mean_top8,oracle_k,0.11925870493976792,0.0018127035873476425,0.23861197158694267,0.23679926799959503,True
sem_sim_mean_top8,G_2_to_4,0.002187097490921436,-0.1417929269373417,0.14172833971679205,0.28352126665413374,False
sem_sim_mean_top8,G_4_to_6,0.1639285509595872,0.016180693497881295,0.30544934794306744,0.2892686544451861,True
sem_sim_mean_top8,G_6_to_8,0.006236043504865706,-0.13012427017092704,0.13741943016648284,0.2675437003374099,False
sem_sim_mean_top8,G_2_to_8,0.10085391833533995,-0.02058138237334788,0.2215318575501442,0.2421132399234921,False
sem_sim_saturation_ratio,oracle_k,0.06614075470349849,-0.06660309322178364,0.19234804436564445,0.2589511375874281,False
sem_sim_saturation_ratio,G_2_to_4,0.05208602592736172,-0.08737022522836924,0.17571572102606295,0.26308594625443216,False
sem_sim_saturation_ratio,G_4_to_6,-0.05388369262891897,-0.1750148631632328,0.0687284268438816,0.24374329000711442,False
sem_sim_saturation_ratio,G_6_to_8,-0.08263875756031183,-0.21496736146509646,0.037300727516412675,0.25226808898150915,False
sem_sim_saturation_ratio,G_2_to_8,-0.03184091657831471,-0.17425573766231536,0.09533572439104315,0.2695914620533585,False
passage_sim_mean,oracle_k,0.09622060175861506,-0.04053465509787202,0.2448021005839109,0.2853367556817829,False
passage_sim_mean,G_2_to_4,0.024418332920240617,-0.134425650164485,0.1752719525247812,0.30969760268926616,False
passage_sim_mean,G_4_to_6,-0.052391822877969486,-0.17955812960863113,0.08186157327145334,0.2614197028800845,False
passage_sim_mean,G_6_to_8,-0.01747043951128179,-0.1472594205290079,0.09608733374625443,0.2433467542752623,False
passage_sim_mean,G_2_to_8,0.004869512416456623,-0.12251938506960869,0.12433729283511638,0.24685667790472507,False
passage_sim_median,oracle_k,0.06350791874030402,-0.06727653797715902,0.21034804023802275,0.27762457821518177,False
passage_sim_median,G_2_to_4,0.015280699851705345,-0.13091793954372405,0.15269430391490452,0.28361224345862857,False
passage_sim_median,G_4_to_6,-0.09300651102770378,-0.2110694669187069,0.028968223975971312,0.24003769089467822,False
passage_sim_median,G_6_to_8,0.007745241638060836,-0.12072315644472838,0.1230296794325113,0.24375283587723967,False
passage_sim_median,G_2_to_8,-0.025835066832152552,-0.15975213125348092,0.1052952928468585,0.26504742410033943,False
passage_sim_max,oracle_k,0.030468080557563303,-0.10478785894811153,0.15742428973317146,0.262212148681283,False
passage_sim_max,G_2_to_4,-0.038564440732418825,-0.17171346284449102,0.10470474418252705,0.2764182070270181,False
passage_sim_max,G_4_to_6,0.0009871473224240292,-0.1380540370941162,0.14255061186850065,0.28060464896261683,False
passage_sim_max,G_6_to_8,0.04823371649162901,-0.09947815425693989,0.17223406657576562,0.2717122208327055,False
passage_sim_max,G_2_to_8,-0.008122900600055891,-0.1331546615809202,0.0991676559671759,0.23232231754809612,False
passage_sim_min,oracle_k,0.04405383778933879,-0.09537056870758533,0.17976521477103227,0.2751357834786176,False
passage_sim_min,G_2_to_4,0.012319708323324846,-0.1338799275457859,0.17202750146389006,0.30590742900967594,False
passage_sim_min,G_4_to_6,0.02128998137404601,-0.09321263190358876,0.14371547438204285,0.2369281062856316,False
passage_sim_min,G_6_to_8,-0.11493101490744498,-0.23837901875376702,0.010252306261099868,0.2486313250148669,False
passage_sim_min,G_2_to_8,-0.017964200665890634,-0.15093689560890197,0.11980028171092272,0.2707371773198247,False
passage_sim_std,oracle_k,-0.03735629895594591,-0.17668964564800263,0.07591380290687079,0.25260344855487343,False
passage_sim_std,G_2_to_4,0.02969142383555968,-0.09725187104195356,0.1368141420185566,0.23406601306051017,False
passage_sim_std,G_4_to_6,-0.10169524961810367,-0.20871732719242572,0.0005969436489976925,0.20931427084142343,False
passage_sim_std,G_6_to_8,0.15692956649167422,0.0154135056771338,0.2830587185919285,0.2676452129147947,True
passage_sim_std,G_2_to_8,0.01730424805634882,-0.12297011483460665,0.14740200378000734,0.27037211861461397,False
passage_nearest_neighbor_mean,oracle_k,0.0499924603061024,-0.08567329104989767,0.18366852067410946,0.2693418117240071,False
passage_nearest_neighbor_mean,G_2_to_4,-0.03482428663338775,-0.16293749921023845,0.09998264648020266,0.2629201456904411,False
passage_nearest_neighbor_mean,G_4_to_6,-0.081525055141345,-0.20612795166671277,0.0446061011403799,0.25073405280709266,False
passage_nearest_neighbor_mean,G_6_to_8,0.04071640083518354,-0.08710676711052656,0.16148958839476107,0.24859635550528764,False
passage_nearest_neighbor_mean,G_2_to_8,-0.05250347978761192,-0.17213664092123507,0.05980920121073721,0.23194584213197228,False
passage_nearest_neighbor_min,oracle_k,0.06214962597335931,-0.07053449973464013,0.2077797975391149,0.278314297273755,False
passage_nearest_neighbor_min,G_2_to_4,-0.07003645341977408,-0.20795371942222118,0.08418993800878517,0.29214365743100634,False
passage_nearest_neighbor_min,G_4_to_6,-0.031048372211444634,-0.15779015831649304,0.09621103238314388,0.2540011906996369,False
passage_nearest_neighbor_min,G_6_to_8,0.05866458806257486,-0.08486322145909071,0.20791850052773952,0.2927817219868302,False
passage_nearest_neighbor_min,G_2_to_8,-0.019015934256570218,-0.14878321662545205,0.12197285406291485,0.2707560706883669,False
passage_diversity_score,oracle_k,-0.09622060175861506,-0.24480210058391094,0.040534655097872,0.28533675568178296,False
passage_diversity_score,G_2_to_4,-0.024418332920240617,-0.17527195252478123,0.13442565016448496,0.30969760268926616,False
passage_diversity_score,G_4_to_6,0.052391822877969486,-0.08186157327145338,0.17955812960863113,0.26141970288008454,False
passage_diversity_score,G_6_to_8,0.01747043951128179,-0.09608733374625444,0.14725942052900787,0.2433467542752623,False
passage_diversity_score,G_2_to_8,-0.004869512416456623,-0.12433729283511638,0.12251938506960867,0.24685667790472504,False
passage_cluster_count,oracle_k,-0.04410266224860393,-0.18846784755587578,0.1084618454799056,0.2969296930357814,False
passage_cluster_count,G_2_to_4,0.010925458548145221,-0.12812619768083094,0.15061042867600913,0.27873662635684004,False
passage_cluster_count,G_4_to_6,0.0765675695774388,-0.053436203859746456,0.20250045061111444,0.2559366544708609,False
passage_cluster_count,G_6_to_8,-0.013608492098602926,-0.1342506542801857,0.11582938898354764,0.25008004326373334,False
passage_cluster_count,G_2_to_8,0.03525391153081025,-0.09900160599499941,0.1839007418602705,0.2829023478552699,False
passage_largest_cluster_frac,oracle_k,0.0751388454296701,-0.06834817957133055,0.20390490554273127,0.2722530851140618,False
passage_largest_cluster_frac,G_2_to_4,0.04516658641620985,-0.09395868815481663,0.17582789286971087,0.2697865810245275,False
passage_largest_cluster_frac,G_4_to_6,-0.0375728336928321,-0.1660046499222517,0.10252336598932742,0.2685280159115791,False
passage_largest_cluster_frac,G_6_to_8,-0.03193836689212435,-0.1616561308503151,0.08769646231085063,0.24935259316116573,False
passage_largest_cluster_frac,G_2_to_8,0.024188026443081146,-0.11827678475528955,0.14700425527989863,0.26528104003518815,False
lex_coverage_top1,oracle_k,0.17347799452324036,0.04439937081187964,0.31640407815575594,0.2720047073438763,True
lex_coverage_top1,G_2_to_4,0.01984790617273366,-0.12015007436275482,0.16422884799540033,0.28437892235815515,False
lex_coverage_top1,G_4_to_6,0.15258464423051574,-0.002606486808508634,0.30051788836717597,0.3031243751756846,False
lex_coverage_top1,G_6_to_8,-0.08713082290422473,-0.22008174881339074,0.03286719797179098,0.2529489467851817,False
lex_coverage_top1,G_2_to_8,0.05264606829982605,-0.07219311576336622,0.17562168538570402,0.24781480114907023,False
lex_coverage_top2,oracle_k,0.10380284024325215,-0.029501451086252926,0.24330090470612045,0.2728023557923734,False
lex_coverage_top2,G_2_to_4,-0.011457201860090013,-0.1565819326788187,0.13440918698906895,0.29099111966788765,False
lex_coverage_top2,G_4_to_6,0.16725410043907088,0.018633905984461307,0.3189346708357333,0.300300764851272,True
lex_coverage_top2,G_6_to_8,-0.17012884418556465,-0.3001974277198315,-0.040513559151440864,0.25968386856839065,True
lex_coverage_top2,G_2_to_8,-0.005058248659163985,-0.14229783564805984,0.11640897616744034,0.25870681181550015,False
lex_coverage_top4,oracle_k,0.06937333723636739,-0.04825927186757326,0.20048045739531517,0.24873972926288843,False
lex_coverage_top4,G_2_to_4,0.02415037240560071,-0.11202766504138707,0.16880054175853723,0.2808282067999243,False
lex_coverage_top4,G_4_to_6,0.11002740407553337,-0.034923040214926,0.2358747653663158,0.2707978055812418,False
lex_coverage_top4,G_6_to_8,-0.12690159974070808,-0.2555505931377411,-0.00840228225570173,0.24714831088203937,True
lex_coverage_top4,G_2_to_8,0.018744314741180306,-0.10728380009531975,0.14153302498161793,0.2488168250769377,False
lex_coverage_top6,oracle_k,0.07423373087636403,-0.04943004474043846,0.2057720672339201,0.25520211197435855,False
lex_coverage_top6,G_2_to_4,0.03026173511350627,-0.10358519926667213,0.17538752034306526,0.2789727196097374,False
lex_coverage_top6,G_4_to_6,0.10387487827572818,-0.03232535775750875,0.23794496804475782,0.27027032580226656,False
lex_coverage_top6,G_6_to_8,-0.13766116714153318,-0.2625277563929558,-0.010439673950895704,0.2520880824420601,True
lex_coverage_top6,G_2_to_8,0.01109880210930679,-0.11666054427623748,0.1416134227067232,0.2582739669829607,False
lex_coverage_top8,oracle_k,0.11005877421314234,-0.010000999853946264,0.24230703823268412,0.2523080380866304,False
lex_coverage_top8,G_2_to_4,0.05079810184910247,-0.08760607186704873,0.1914241835474968,0.2790302554145455,False
lex_coverage_top8,G_4_to_6,0.11829071142754609,-0.01639883769676089,0.25052825957536695,0.2669270972721278,False
lex_coverage_top8,G_6_to_8,-0.12159460605584765,-0.23251755498349666,-0.00745775788091125,0.22505979710258542,True
lex_coverage_top8,G_2_to_8,0.04048099105640292,-0.08490340262651444,0.1665693793445825,0.2514727819710969,False
lex_coverage_top10,oracle_k,0.07942850070652223,-0.04509790260344743,0.2098896488547325,0.2549875514581799,False
lex_coverage_top10,G_2_to_4,0.021025597716910375,-0.11340054050087929,0.16932240501046178,0.2827229455113411,False
lex_coverage_top10,G_4_to_6,0.11559563920459985,-0.024719201819971205,0.2510181501507759,0.2757373519707471,False
lex_coverage_top10,G_6_to_8,-0.11541777012090236,-0.22656937092542648,-0.0007526102664996929,0.22581676065892678,True
lex_coverage_top10,G_2_to_8,0.024297932435882488,-0.10211810041218997,0.15005807355046266,0.2521761739626526,False
lex_coverage_gain_1_to_4,oracle_k,-0.14789584243995377,-0.25657588094472883,-0.018734053568914538,0.2378418273758143,True
lex_coverage_gain_1_to_4,G_2_to_4,-0.0026323854653392564,-0.13267455883324147,0.13561804853379722,0.2682926073670387,False
lex_coverage_gain_1_to_4,G_4_to_6,-0.07396137747279641,-0.19350427836179734,0.04638133551925413,0.23988561388105148,False
lex_coverage_gain_1_to_4,G_6_to_8,-0.0069220497029277815,-0.11209834478795529,0.10434548370540138,0.21644382849335667,False
lex_coverage_gain_1_to_4,G_2_to_8,-0.039154255497729634,-0.16154707372188568,0.08289154842495916,0.24443862214684484,False
lex_missing_terms_top10,oracle_k,-0.07815696835405955,-0.19737688228487968,0.04302552584558725,0.24040240813046693,False
lex_missing_terms_top10,G_2_to_4,-0.038177089810531674,-0.179675504937768,0.0903194699436426,0.26999497488141055,False
lex_missing_terms_top10,G_4_to_6,-0.07530936214751886,-0.2022683024406433,0.05175351733341812,0.2540218197740614,False
lex_missing_terms_top10,G_6_to_8,0.118677433356924,0.004812351742293692,0.23137034326791758,0.2265579915256239,True
lex_missing_terms_top10,G_2_to_8,-0.0009771638365487095,-0.11985880676656961,0.12085378896445034,0.24071259573101994,False
evidence_high_sim_count,oracle_k,-0.033565648963177576,-0.15791677124798298,0.0916752427816391,0.24959201402962208,False
evidence_high_sim_count,G_2_to_4,-0.005654155694623857,-0.12541137970983982,0.1378567304462194,0.2632681101560592,False
evidence_high_sim_count,G_4_to_6,0.038670657051347465,-0.08719653524458408,0.16123309507966038,0.24842963032424448,False
evidence_high_sim_count,G_6_to_8,0.016089517090918912,-0.11871980410069227,0.14278792850673197,0.2615077326074242,False
evidence_high_sim_count,G_2_to_8,-0.019244879350354464,-0.14828214831650258,0.13876463025808333,0.28704677857458594,False
evidence_length_mean,oracle_k,0.05205913052697243,-0.06898024957627058,0.18569038882851593,0.25467063840478654,False
evidence_length_mean,G_2_to_4,0.0872678332811378,-0.02793349204584956,0.2221729956567287,0.25010648770257826,False
evidence_length_mean,G_4_to_6,-0.03501449166576885,-0.13636694848537445,0.0730853198096156,0.20945226829499006,False
evidence_length_mean,G_6_to_8,-0.019372311376267055,-0.14450442269444466,0.10266434922814364,0.2471687719225883,False
evidence_length_mean,G_2_to_8,0.005868316767984706,-0.11577483303844928,0.1405880216509104,0.25636285468935965,False
evidence_length_std,oracle_k,0.01254637113577151,-0.11130775213241577,0.12852549366652963,0.23983324579894538,False
evidence_length_std,G_2_to_4,-0.059665147637912024,-0.2070202834904194,0.07310468479990956,0.28012496829032896,False
evidence_length_std,G_4_to_6,0.027324708080482974,-0.07317655831575394,0.14124365635216235,0.21442021466791628,False
evidence_length_std,G_6_to_8,0.0583452283131478,-0.07693018298596144,0.17827072516083717,0.25520090814679863,False
evidence_length_std,G_2_to_8,0.04493512961719962,-0.07076818253844976,0.1576263803988693,0.22839456293731908,False
evidence_lexical_overlap_mean,oracle_k,0.07304076523065839,-0.061708164587616916,0.21215628385543822,0.27386444844305513,False
evidence_lexical_overlap_mean,G_2_to_4,0.1215998144317606,-0.01855200296267867,0.2663745582103729,0.2849265611730516,False
evidence_lexical_overlap_mean,G_4_to_6,-0.08928406940259537,-0.20449779853224753,0.038798323366791,0.24329612189903854,False
evidence_lexical_overlap_mean,G_6_to_8,-0.09705178434770734,-0.22016035690903663,0.027748389402404424,0.24790874631144105,False
evidence_lexical_overlap_mean,G_2_to_8,-0.0616522652110073,-0.18991153538227082,0.0755363143980503,0.2654478497803211,False
evidence_unique_word_count,oracle_k,0.08082791821175069,-0.0494457515887916,0.21245041824877253,0.26189616983756414,False
evidence_unique_word_count,G_2_to_4,0.10273173143336074,-0.04804173149168491,0.25155211016535756,0.29959384165704245,False
evidence_unique_word_count,G_4_to_6,0.014233757946221158,-0.10173079334199428,0.11581663358956572,0.21754742693155998,False
evidence_unique_word_count,G_6_to_8,-0.022519263704238065,-0.14445825442671775,0.102012450248003,0.24647070467472076,False
evidence_unique_word_count,G_2_to_8,0.09109569952092887,-0.041179392300546167,0.21379135921597472,0.2549707515165209,False
evidence_query_cluster_span,oracle_k,-0.017228261653884056,-0.13960412479937076,0.11138343233615158,0.25098755713552234,False
evidence_query_cluster_span,G_2_to_4,-0.00443595169938346,-0.14983471520245076,0.14336994066834444,0.2932046558707952,False
evidence_query_cluster_span,G_4_to_6,0.15216742433192318,0.012936566467396915,0.276646963506937,0.2637103970395401,True
evidence_query_cluster_span,G_6_to_8,-0.0853525822404204,-0.2063227031379938,0.04555864278227089,0.2518813459202647,False
evidence_query_cluster_span,G_2_to_8,0.0479778165144755,-0.07875983417034149,0.18935115672647948,0.268110990896821,False
