feature,target,pearson_r,abs_pearson_r,p_value_naive,n_samples
rho_1,G_2_to_4,-0.09274376319331994,0.09274376319331994,0.160031279477272,231
rho_1,G_4_to_6,0.0147006024492493,0.0147006024492493,0.8241350233183696,231
rho_1,G_6_to_8,0.1272682798986049,0.1272682798986049,0.05339910535457526,231
rho_1,G_2_to_8,0.018050516279689493,0.018050516279689493,0.7849469404050385,231
delta_12,G_2_to_4,-0.08636851210865643,0.08636851210865643,0.19086917389267402,231
delta_12,G_4_to_6,0.0726659749360182,0.0726659749360182,0.27137977162907656,231
delta_12,G_6_to_8,0.05934843415565558,0.05934843415565558,0.36923000222522406,231
delta_12,G_2_to_8,0.024845383777473865,0.024845383777473865,0.7071944767590342,231
entropy,G_2_to_4,0.06930832553547935,0.06930832553547935,0.29420443539703495,231
entropy,G_4_to_6,-0.05299163396542857,0.05299163396542857,0.42278589403785705,231
entropy,G_6_to_8,-0.02238008387517006,0.02238008387517006,0.735103227120241,231
entropy,G_2_to_8,0.0019374992868913114,0.0019374992868913114,0.9766351197965323,231
entropy_normalized,G_2_to_4,0.06930832553547939,0.06930832553547939,0.29420443539703495,231
entropy_normalized,G_4_to_6,-0.05299163396542856,0.05299163396542856,0.42278589403785705,231
entropy_normalized,G_6_to_8,-0.02238008387517007,0.02238008387517007,0.735103227120241,231
entropy_normalized,G_2_to_8,0.0019374992868913439,0.0019374992868913439,0.9766351197965323,231
query_token_length,G_2_to_4,-0.028511330741582023,0.028511330741582023,0.6664162955810913,231
query_token_length,G_4_to_6,-0.02040849548312243,0.02040849548312243,0.7576777473797668,231
query_token_length,G_6_to_8,0.07069023154046704,0.07069023154046704,0.2846601928059537,231
query_token_length,G_2_to_8,0.0066857051923785585,0.0066857051923785585,0.919499800301427,231
n_high,G_2_to_4,0.11489226016871558,0.11489226016871558,0.08141869272546128,231
n_high,G_4_to_6,0.0022150351492787896,0.0022150351492787896,0.9732893967928335,231
n_high,G_6_to_8,-0.1065735080489084,0.1065735080489084,0.10618200126874879,231
n_high,G_2_to_8,0.02992468631674742,0.02992468631674742,0.6509448830875398,231
bm25_top1_score,G_2_to_4,-0.0037488607728396158,0.0037488607728396158,0.9548089819106943,231
bm25_top1_score,G_4_to_6,0.07163350370680792,0.07163350370680792,0.27826623646785636,231
bm25_top1_score,G_6_to_8,-0.03426277492857657,0.03426277492857657,0.6044050372027536,231
bm25_top1_score,G_2_to_8,0.03244700679310005,0.03244700679310005,0.6237052972513377,231
bm25_top2_score,G_2_to_4,0.049874202567799,0.049874202567799,0.4506212130544175,231
bm25_top2_score,G_4_to_6,0.01673993318590917,0.01673993318590917,0.8002199219465318,231
bm25_top2_score,G_6_to_8,-0.06454068006378283,0.06454068006378283,0.32875201160018497,231
bm25_top2_score,G_2_to_8,0.013447861163806581,0.013447861163806581,0.8389082004773123,231
bm25_top3_score,G_2_to_4,0.10349382520216076,0.10349382520216076,0.11672902133858068,231
bm25_top3_score,G_4_to_6,0.011247133399650817,0.011247133399650817,0.864994655283518,231
bm25_top3_score,G_6_to_8,-0.08477471290253885,0.08477471290253885,0.1992165967863812,231
bm25_top3_score,G_2_to_8,0.042398906392144074,0.042398906392144074,0.5213925961142961,231
bm25_mean_score,G_2_to_4,0.06669600467837263,0.06669600467837263,0.31282273980720815,231
bm25_mean_score,G_4_to_6,0.058271414237140155,0.058271414237140155,0.37799653259756805,231
bm25_mean_score,G_6_to_8,-0.08565246234455072,0.08565246234455072,0.1945872401598117,231
bm25_mean_score,G_2_to_8,0.048226126451794596,0.048226126451794596,0.46574356636921965,231
bm25_std_score,G_2_to_4,-0.03747947949067003,0.03747947949067003,0.5708855494188029,231
bm25_std_score,G_4_to_6,0.029443976373629457,0.029443976373629457,0.6561906910855244,231
bm25_std_score,G_6_to_8,0.008508367398430533,0.008508367398430533,0.8976608676039665,231
bm25_std_score,G_2_to_8,-0.002879052549676249,0.002879052549676249,0.9652866043601624,231
bm25_score_range,G_2_to_4,-0.04919739075816926,0.04919739075816926,0.4567978008404685,231
bm25_score_range,G_4_to_6,0.0498999988337593,0.0498999988337593,0.4503867294708627,231
bm25_score_range,G_6_to_8,-0.0007268848444080471,0.0007268848444080471,0.9912332097472439,231
bm25_score_range,G_2_to_8,-0.0026665303275115342,0.0026665303275115342,0.9678476001628439,231
bm25_coeff_variation,G_2_to_4,-0.1009418493565135,0.1009418493565135,0.12607353450595513,231
bm25_coeff_variation,G_4_to_6,-0.014110412615079122,0.014110412615079122,0.8310875695483433,231
bm25_coeff_variation,G_6_to_8,0.15174832858395731,0.15174832858395731,0.021041385368077224,231
bm25_coeff_variation,G_2_to_8,0.0038008335129912476,0.0038008335129912476,0.9541831511708668,231
bm25_top2_ratio,G_2_to_4,-0.10032783798861077,0.10032783798861077,0.12840599571334896,231
bm25_top2_ratio,G_4_to_6,-0.006030608300780962,0.006030608300780962,0.9273647279513388,231
bm25_top2_ratio,G_6_to_8,0.13412956027041517,0.13412956027041517,0.04167545909071851,231
bm25_top2_ratio,G_2_to_8,-0.0011324505188387921,0.0011324505188387921,0.9863421654487708,231
bm25_top4_ratio,G_2_to_4,-0.11214574047281958,0.11214574047281958,0.08902001104964068,231
bm25_top4_ratio,G_4_to_6,-0.03832988495584772,0.03832988495584772,0.5621732024557075,231
bm25_top4_ratio,G_6_to_8,0.13746872400815402,0.13746872400815402,0.03680394466096106,231
bm25_top4_ratio,G_2_to_8,-0.036104639971906625,0.036104639971906625,0.5851042568020915,231
bm25_mean_adjacent_gap,G_2_to_4,-0.04919739075816927,0.04919739075816927,0.4567978008404685,231
bm25_mean_adjacent_gap,G_4_to_6,0.0498999988337593,0.0498999988337593,0.4503867294708627,231
bm25_mean_adjacent_gap,G_6_to_8,-0.0007268848444080558,0.0007268848444080558,0.9912332097472439,231
bm25_mean_adjacent_gap,G_2_to_8,-0.002666530327511538,0.002666530327511538,0.9678476001628439,231
bm25_first_gap_ratio,G_2_to_4,-0.0693566851671966,0.0693566851671966,0.2938668786181369,231
bm25_first_gap_ratio,G_4_to_6,0.08098069408250115,0.08098069408250115,0.22014675813690096,231
bm25_first_gap_ratio,G_6_to_8,0.03729085918128591,0.03729085918128591,0.5728265704765353,231
bm25_first_gap_ratio,G_2_to_8,0.03156482736250315,0.03156482736250315,0.6331767840571586,231
query_word_count,G_2_to_4,-0.028511330741582023,0.028511330741582023,0.6664162955810913,231
query_word_count,G_4_to_6,-0.02040849548312243,0.02040849548312243,0.7576777473797668,231
query_word_count,G_6_to_8,0.07069023154046704,0.07069023154046704,0.2846601928059537,231
query_word_count,G_2_to_8,0.0066857051923785585,0.0066857051923785585,0.919499800301427,231
query_char_length,G_2_to_4,-0.013205351179674871,0.013205351179674871,0.8417747407005292,231
query_char_length,G_4_to_6,-0.03125765890149518,0.03125765890149518,0.6364888641192662,231
query_char_length,G_6_to_8,0.04217342619994752,0.04217342619994752,0.5236121837456509,231
query_char_length,G_2_to_8,-0.00848087133137507,0.00848087133137507,0.8979897928893691,231
query_comma_count,G_2_to_4,0.006315920977812304,0.006315920977812304,0.923938423975035,231
query_comma_count,G_4_to_6,-0.027684917772795834,0.027684917772795834,0.6755289842671974,231
query_comma_count,G_6_to_8,0.012859637677703983,0.012859637677703983,0.8458647728806434,231
query_comma_count,G_2_to_8,-0.008492562216744331,0.008492562216744331,0.8978499370184659,231
query_conjunction_count,G_2_to_4,0.1256726078433527,0.1256726078433527,0.05648627908148767,231
query_conjunction_count,G_4_to_6,0.0009672913446789972,0.0009672913446789972,0.988333902225692,231
query_conjunction_count,G_6_to_8,-0.09825412622039677,0.09825412622039677,0.1365302536351698,231
query_conjunction_count,G_2_to_8,0.044192892515673196,0.044192892515673196,0.5039058890989112,231
query_num_count,G_2_to_4,-0.027469228795675725,0.027469228795675725,0.6779152047768158,231
query_num_count,G_4_to_6,0.01620737504539431,0.01620737504539431,0.8064482396906748,231
query_num_count,G_6_to_8,-0.009435384698742775,0.009435384698742775,0.8865818787680348,231
query_num_count,G_2_to_8,-0.017407296629963567,0.017407296629963567,0.7924328687653104,231
query_is_comparison,G_2_to_4,-0.06687324571266091,0.06687324571266091,0.3115356678798262,231
query_is_comparison,G_4_to_6,-0.024872111539710015,0.024872111539710015,0.7068939547732256,231
query_is_comparison,G_6_to_8,-0.042602845437602906,0.042602845437602906,0.5193892068544064,231
query_is_comparison,G_2_to_8,-0.10935357108011232,0.10935357108011232,0.0973194670706688,231
query_is_how_why,G_2_to_4,-0.10439806642527727,0.10439806642527727,0.1135508157968134,231
query_is_how_why,G_4_to_6,0.023270202013906196,0.023270202013906196,0.7249841466638726,231
query_is_how_why,G_6_to_8,-0.055070787715578814,0.055070787715578814,0.40479093589525894,231
query_is_how_why,G_2_to_8,-0.11125755724502057,0.11125755724502057,0.09159626578834697,231
query_is_factoid,G_2_to_4,0.13289143487466154,0.13289143487466154,0.04361457066088293,231
query_is_factoid,G_4_to_6,-0.018484153135801273,0.018484153135801273,0.7799112647445046,231
query_is_factoid,G_6_to_8,0.062231432912337084,0.062231432912337084,0.34638826909498294,231
query_is_factoid,G_2_to_8,0.145425637660813,0.145425637660813,0.02710168456736596,231
query_is_what_which,G_2_to_4,0.0059685221219045684,0.0059685221219045684,0.9281104969013935,231
query_is_what_which,G_4_to_6,0.02798524455363413,0.02798524455363413,0.6722117872002138,231
query_is_what_which,G_6_to_8,0.06269215840758253,0.06269215840758253,0.3428226373312533,231
query_is_what_which,G_2_to_8,0.07187297222629542,0.07187297222629542,0.2766585801441106,231
query_is_numerical,G_2_to_4,-0.029843205780649452,0.029843205780649452,0.6518328509768226,231
query_is_numerical,G_4_to_6,-0.014906039725690837,0.014906039725690837,0.8217181175116727,231
query_is_numerical,G_6_to_8,-0.006372879224213748,0.006372879224213748,0.923254581376533,231
query_is_numerical,G_2_to_8,-0.04321973319574214,0.04321973319574214,0.5133533458820081,231
query_quote_count,G_2_to_4,0.02161576843757945,0.02161576843757945,0.743828828467996,231
query_quote_count,G_4_to_6,-0.0563238506130162,0.0563238506130162,0.39416903104301654,231
query_quote_count,G_6_to_8,-0.011148221643741626,0.011148221643741626,0.866170772185012,231
query_quote_count,G_2_to_8,-0.03531362620901685,0.03531362620901685,0.5933583797166203,231
query_capitalized_spans,G_2_to_4,0.07989871403473113,0.07989871403473113,0.22639301635669443,231
query_capitalized_spans,G_4_to_6,-0.09408348041724526,0.09408348041724526,0.15405562341494997,231
query_capitalized_spans,G_6_to_8,-0.008544400794997443,0.008544400794997443,0.8972298398569616,231
query_capitalized_spans,G_2_to_8,-0.013222221422887212,0.013222221422887212,0.8415752615027501,231
sem_sim_top1,G_2_to_4,0.04448407365959926,0.04448407365959926,0.501096917610124,231
sem_sim_top1,G_4_to_6,0.047696304644611824,0.047696304644611824,0.4706639170782349,231
sem_sim_top1,G_6_to_8,-0.04645753067593248,0.04645753067593248,0.48227860933597444,231
sem_sim_top1,G_2_to_8,0.046874743194430225,0.046874743194430225,0.47834964499372123,231
sem_sim_top2,G_2_to_4,0.024128097187045193,0.024128097187045193,0.7152763110581168,231
sem_sim_top2,G_4_to_6,0.02247139017384239,0.02247139017384239,0.7340630954474229,231
sem_sim_top2,G_6_to_8,-0.04877490144078258,0.04877490144078258,0.4606772738616905,231
sem_sim_top2,G_2_to_8,0.00629900231150382,0.00629900231150382,0.9241415608255791,231
sem_sim_max,G_2_to_4,0.013003814939978412,0.013003814939978412,0.844158546953458,231
sem_sim_max,G_4_to_6,0.060583320434645156,0.060583320434645156,0.3593344720376803,231
sem_sim_max,G_6_to_8,-0.05376572762273758,0.05376572762273758,0.4160324119961198,231
sem_sim_max,G_2_to_8,0.024628778654022004,0.024628778654022004,0.7096316131395172,231
sem_sim_mean_top10,G_2_to_4,0.032672698156029245,0.032672698156029245,0.6212919841153178,231
sem_sim_mean_top10,G_4_to_6,0.051574550626331025,0.051574550626331025,0.43531296383708434,231
sem_sim_mean_top10,G_6_to_8,-0.04967538106055824,0.04967538106055824,0.4524307688865343,231
sem_sim_mean_top10,G_2_to_8,0.037404651921180844,0.037404651921180844,0.5716551995821896,231
sem_sim_std_top10,G_2_to_4,-0.01562180254319458,0.01562180254319458,0.8133106542807468,231
sem_sim_std_top10,G_4_to_6,0.05521251015525151,0.05521251015525151,0.4035811309954566,231
sem_sim_std_top10,G_6_to_8,-0.04168870865762886,0.04168870865762886,0.5283999055654585,231
sem_sim_std_top10,G_2_to_8,0.003161947224018344,0.003161947224018344,0.96187814272807,231
sem_sim_gap_12,G_2_to_4,0.028107893917876013,0.028107893917876013,0.670858905692959,231
sem_sim_gap_12,G_4_to_6,0.03461806858999185,0.03461806858999185,0.6006598958533277,231
sem_sim_gap_12,G_6_to_8,0.0017228533710546968,0.0017228533710546968,0.9792229812176197,231
sem_sim_gap_12,G_2_to_8,0.054829512256327,0.054829512256327,0.40685551812000065,231
sem_sim_mean_top2,G_2_to_4,0.03712604150664203,0.03712604150664203,0.5745251906721173,231
sem_sim_mean_top2,G_4_to_6,0.03799330810792747,0.03799330810792747,0.5656137721866608,231
sem_sim_mean_top2,G_6_to_8,-0.051352884993794284,0.051352884993794284,0.4372915596700688,231
sem_sim_mean_top2,G_2_to_8,0.028916204348682827,0.028916204348682827,0.661969520131865,231
sem_sim_mean_top4,G_2_to_4,0.055341429611595334,0.055341429611595334,0.40248248845200063,231
sem_sim_mean_top4,G_4_to_6,0.04881885829395296,0.04881885829395296,0.46027279263130944,231
sem_sim_mean_top4,G_6_to_8,-0.0683575912454004,0.0683575912454004,0.3008931359905196,231
sem_sim_mean_top4,G_2_to_8,0.042280470397874935,0.042280470397874935,0.5225578593303136,231
sem_sim_mean_top6,G_2_to_4,0.04472413762674684,0.04472413762674684,0.49878727769462355,231
sem_sim_mean_top6,G_4_to_6,0.0631071100689117,0.0631071100689117,0.33963127920304204,231
sem_sim_mean_top6,G_6_to_8,-0.07399373375533999,0.07399373375533999,0.26269555409469864,231
sem_sim_mean_top6,G_2_to_8,0.04083719298636003,0.04083719298636003,0.5368639151517579,231
sem_sim_mean_top8,G_2_to_4,0.03178519250742994,0.03178519250742994,0.6308051580215753,231
sem_sim_mean_top8,G_4_to_6,0.056999762166820414,0.056999762166820414,0.3885097384788969,231
sem_sim_mean_top8,G_6_to_8,-0.05603730213476083,0.05603730213476083,0.3965831356506599,231
sem_sim_mean_top8,G_2_to_8,0.03672223643199059,0.03672223643199059,0.5786968058440893,231
sem_sim_saturation_ratio,G_2_to_4,0.09440356132099838,0.09440356132099838,0.15265319552211415,231
sem_sim_saturation_ratio,G_4_to_6,-0.00027885238861491234,0.00027885238861491234,0.9966367684000839,231
sem_sim_saturation_ratio,G_6_to_8,-0.0955157553798441,0.0955157553798441,0.14785512009006782,231
sem_sim_saturation_ratio,G_2_to_8,0.017349877712666613,0.017349877712666613,0.7931020586316785,231
passage_sim_mean,G_2_to_4,0.05763875674104563,0.05763875674104563,0.38320500392648443,231
passage_sim_mean,G_4_to_6,-0.04847688241846125,0.04847688241846125,0.463424779990623,231
passage_sim_mean,G_6_to_8,-0.05908809550754357,0.05908809550754357,0.37133746375431675,231
passage_sim_mean,G_2_to_8,-0.03003874596214771,0.03003874596214771,0.6497026971489965,231
passage_sim_median,G_2_to_4,0.054058479995032375,0.054058479995032375,0.4134949110782719,231
passage_sim_median,G_4_to_6,-0.07875204206360664,0.07875204206360664,0.2331487395304391,231
passage_sim_median,G_6_to_8,0.004205247763284243,0.004205247763284243,0.949314377573543,231
passage_sim_median,G_2_to_8,-0.014571371122057144,0.014571371122057144,0.8256562406247874,231
passage_sim_max,G_2_to_4,-0.05207765698740272,0.05207765698740272,0.4308413095885513,231
passage_sim_max,G_4_to_6,-0.011320595518572393,0.011320595518572393,0.8641213410750704,231
passage_sim_max,G_6_to_8,0.005951242159668282,0.005951242159668282,0.9283180721485771,231
passage_sim_max,G_2_to_8,-0.05141897517114784,0.05141897517114784,0.43670109879767444,231
passage_sim_min,G_2_to_4,-0.01761586680515538,0.01761586680515538,0.7900033647991973,231
passage_sim_min,G_4_to_6,0.04905193146387059,0.04905193146387059,0.45813140605942027,231
passage_sim_min,G_6_to_8,-0.17944990624808765,0.17944990624808765,0.006241014211571925,231
passage_sim_min,G_2_to_8,-0.09898739539162521,0.09898739539162521,0.1336136168680871,231
passage_sim_std,G_2_to_4,0.0211758962334102,0.0211758962334102,0.748865448131128,231
passage_sim_std,G_4_to_6,-0.09391034808942973,0.09391034808942973,0.15481824186817297,231
passage_sim_std,G_6_to_8,0.21367240493098216,0.21367240493098216,0.0010840872690780756,231
passage_sim_std,G_2_to_8,0.08857114119611702,0.08857114119611702,0.1797581316399278,231
passage_nearest_neighbor_mean,G_2_to_4,-0.006368496932364396,0.006368496932364396,0.9233071933235499,231
passage_nearest_neighbor_mean,G_4_to_6,-0.10208108832465221,0.10208108832465221,0.12183287944585057,231
passage_nearest_neighbor_mean,G_6_to_8,0.03589642440535279,0.03589642440535279,0.5872718134082237,231
passage_nearest_neighbor_mean,G_2_to_8,-0.06555499261327018,0.06555499261327018,0.3211915961401787,231
passage_nearest_neighbor_min,G_2_to_4,-0.07347573481116945,0.07347573481116945,0.2660605772187439,231
passage_nearest_neighbor_min,G_4_to_6,-0.06349515635828239,0.06349515635828239,0.336664030282539,231
passage_nearest_neighbor_min,G_6_to_8,5.760092415167393e-06,5.760092415167393e-06,0.9999305274669053,231
passage_nearest_neighbor_min,G_2_to_8,-0.11779777120995508,0.11779777120995508,0.07395605640807154,231
passage_diversity_score,G_2_to_4,-0.0576387567410456,0.0576387567410456,0.38320500392648443,231
passage_diversity_score,G_4_to_6,0.04847688241846123,0.04847688241846123,0.463424779990623,231
passage_diversity_score,G_6_to_8,0.05908809550754354,0.05908809550754354,0.37133746375431853,231
passage_diversity_score,G_2_to_8,0.03003874596214773,0.03003874596214773,0.6497026971489941,231
passage_cluster_count,G_2_to_4,-0.025726243421651022,0.025726243421651022,0.6973143759987115,231
passage_cluster_count,G_4_to_6,0.0764323093805896,0.0764323093805896,0.24724699736057978,231
passage_cluster_count,G_6_to_8,0.02972938974872249,0.02972938974872249,0.6530740295532083,231
passage_cluster_count,G_2_to_8,0.061213791637068936,0.061213791637068936,0.3543467610160498,231
passage_largest_cluster_frac,G_2_to_4,0.06238296961099723,0.06238296961099723,0.34521292060357966,231
passage_largest_cluster_frac,G_4_to_6,-0.0012047256636919376,0.0012047256636919376,0.985470589335788,231
passage_largest_cluster_frac,G_6_to_8,-0.08233834620485538,0.08233834620485538,0.21248409528712703,231
passage_largest_cluster_frac,G_2_to_8,-0.002673976572346557,0.002673976572346557,0.9677578635802455,231
lex_coverage_top1,G_2_to_4,0.01980872463268123,0.01980872463268123,0.7645870142350008,231
lex_coverage_top1,G_4_to_6,0.06328093198964171,0.06328093198964171,0.3383000722088115,231
lex_coverage_top1,G_6_to_8,-0.03975489521041587,0.03975489521041587,0.5477187375921241,231
lex_coverage_top1,G_2_to_8,0.04258595973819058,0.04258595973819058,0.5195549330266792,231
lex_coverage_top2,G_2_to_4,-0.02936141910788048,0.02936141910788048,0.6570933139116961,231
lex_coverage_top2,G_4_to_6,0.09190922958781053,0.09190922958781053,0.16384063532956333,231
lex_coverage_top2,G_6_to_8,-0.09719771011069792,0.09719771011069792,0.14081772846704374,231
lex_coverage_top2,G_2_to_8,-0.01693593385687971,0.01693593385687971,0.7979308263953364,231
lex_coverage_top4,G_2_to_4,0.030220049655303588,0.030220049655303588,0.6477301690531417,231
lex_coverage_top4,G_4_to_6,0.05237429959719275,0.05237429959719275,0.42821717746298166,231
lex_coverage_top4,G_6_to_8,-0.07985288323316747,0.07985288323316747,0.2266603421572378,231
lex_coverage_top4,G_2_to_8,0.015026360924446699,0.015026360924446699,0.820303354584584,231
lex_coverage_top6,G_2_to_4,0.04862471899844724,0.04862471899844724,0.46206070808703215,231
lex_coverage_top6,G_4_to_6,0.05781241006302946,0.05781241006302946,0.38177104028905706,231
lex_coverage_top6,G_6_to_8,-0.07258496936828701,0.07258496936828701,0.2719158392853702,231
lex_coverage_top6,G_2_to_8,0.0408719732283936,0.0408719732283936,0.5365168798079456,231
lex_coverage_top8,G_2_to_4,0.06370255567299941,0.06370255567299941,0.33508493636638725,231
lex_coverage_top8,G_4_to_6,0.06295953964941156,0.06295953964941156,0.340764055673996,231
lex_coverage_top8,G_6_to_8,-0.07213609763652641,0.07213609763652641,0.27489937047323465,231
lex_coverage_top8,G_2_to_8,0.05881297481438645,0.05881297481438645,0.3735726267571363,231
lex_coverage_top10,G_2_to_4,0.045286110053211176,0.045286110053211176,0.4934026355441112,231
lex_coverage_top10,G_4_to_6,0.0798684898671587,0.0798684898671587,0.22656928534999007,231
lex_coverage_top10,G_6_to_8,-0.07454383511579822,0.07454383511579822,0.25915407762039294,231
lex_coverage_top10,G_2_to_8,0.05486819810953261,0.05486819810953261,0.40652406571239025,231
lex_coverage_gain_1_to_4,G_2_to_4,0.003934928414753986,0.003934928414753986,0.9525685753983062,231
lex_coverage_gain_1_to_4,G_4_to_6,-0.026837689459673044,0.026837689459673044,0.6849204848572601,231
lex_coverage_gain_1_to_4,G_6_to_8,-0.025031350736427916,0.025031350736427916,0.7051044407764302,231
lex_coverage_gain_1_to_4,G_2_to_8,-0.03610222556598008,0.03610222556598008,0.5851293699679342,231
lex_missing_terms_top10,G_2_to_4,-0.0350685733990054,0.0350685733990054,0.5959261783230614,231
lex_missing_terms_top10,G_4_to_6,-0.053856824197659144,0.053856824197659144,0.41524183369228257,231
lex_missing_terms_top10,G_6_to_8,0.09467895784004139,0.09467895784004139,0.15145429388999193,231
lex_missing_terms_top10,G_2_to_8,-0.01029948894388584,0.01029948894388584,0.8762745253581796,231
evidence_high_sim_count,G_2_to_4,0.01865838806603471,0.01865838806603471,0.7778905021473288,231
evidence_high_sim_count,G_4_to_6,0.039326383093055486,0.039326383093055486,0.5520460590147042,231
evidence_high_sim_count,G_6_to_8,-0.13117395268244592,0.13117395268244592,0.04642930897136713,231
evidence_high_sim_count,G_2_to_8,-0.04153866064229224,0.04153866064229224,0.5298864580941003,231
evidence_length_mean,G_2_to_4,0.1423579309559445,0.1423579309559445,0.030545501319364197,231
evidence_length_mean,G_4_to_6,-0.04049017415401347,0.04049017415401347,0.5403325788849452,231
evidence_length_mean,G_6_to_8,-0.07155052946920565,0.07155052946920565,0.27882474918454003,231
evidence_length_mean,G_2_to_8,0.043028199305648065,0.043028199305648065,0.5152234936478827,231
evidence_length_std,G_2_to_4,-0.08322768956144345,0.08322768956144345,0.2075694769797339,231
evidence_length_std,G_4_to_6,0.10851749268431506,0.10851749268431506,0.09992074288290638,231
evidence_length_std,G_6_to_8,0.05098349608815087,0.05098349608815087,0.44060013812395665,231
evidence_length_std,G_2_to_8,0.05160337504410417,0.05160337504410417,0.4350560535783064,231
evidence_lexical_overlap_mean,G_2_to_4,0.10872639978370827,0.10872639978370827,0.09926566776875048,231
evidence_lexical_overlap_mean,G_4_to_6,-0.04730553040660627,0.04730553040660627,0.47431114839062616,231
evidence_lexical_overlap_mean,G_6_to_8,-0.17845889656798763,0.17845889656798763,0.006538238868074466,231
evidence_lexical_overlap_mean,G_2_to_8,-0.06635708778327533,0.06635708778327533,0.31529352633854235,231
evidence_unique_word_count,G_2_to_4,0.12765311556077927,0.12765311556077927,0.05267588906205369,231
evidence_unique_word_count,G_4_to_6,-0.004727094586254832,0.004727094586254832,0.9430346271560417,231
evidence_unique_word_count,G_6_to_8,-0.034198229129221394,0.034198229129221394,0.6050865288122699,231
evidence_unique_word_count,G_2_to_8,0.08551850786453014,0.08551850786453014,0.1952886167471833,231
evidence_query_cluster_span,G_2_to_4,-0.005901364777756909,0.005901364777756909,0.928917250466274,231
evidence_query_cluster_span,G_4_to_6,0.10222936153681549,0.10222936153681549,0.12128919967979077,231
evidence_query_cluster_span,G_6_to_8,-0.05812166255762487,0.05812166255762487,0.37922546107151983,231
evidence_query_cluster_span,G_2_to_8,0.03943790320650405,0.03943790320650405,0.5509182715480833,231
