question_id,paper_id,oracle_k,G_2_to_4,G_4_to_6,G_6_to_8,G_2_to_8,G_2_to_5,G_5_to_8
1000,293,4,0.6,0.0,0.0,0.6,0.6,0.0
1001,293,6,0.0,0.45709999999999995,-0.18329999999999996,0.27380000000000004,0.0,0.27380000000000004
1002,293,5,0.0,0.010499999999999982,0.0,0.010499999999999982,0.010499999999999982,0.0
1003,293,2,0.0,0.0,0.0,0.0,0.0,0.0
1004,294,5,0.4571,-0.012699999999999989,-0.4444,0.0,0.8889,-0.8889
1005,294,8,0.0,0.08330000000000004,0.25,0.33330000000000004,0.08330000000000004,0.25
1013,298,2,0.0,0.0,0.0,0.0,0.0,0.0
1028,304,4,1.0,-1.0,1.0,1.0,0.0,1.0
1029,304,2,0.0,0.0,0.0,0.0,0.0,0.0
1030,304,4,0.06670000000000004,-0.4,0.4,0.06670000000000004,0.0,0.06670000000000004
104,28,2,0.0,0.0,0.0,0.0,0.0,0.0
105,28,4,0.2906,0.0,0.0,0.2906,0.2906,0.0
1065,317,2,-0.05559999999999998,0.0,0.0,-0.05559999999999998,-0.05559999999999998,0.0
1066,317,4,0.125,0.0,-0.058300000000000005,0.0667,0.125,-0.058300000000000005
1067,317,4,1.0,0.0,0.0,1.0,1.0,0.0
1107,332,4,1.0,0.0,0.0,1.0,1.0,0.0
1108,332,4,0.1666,0.0,0.0,0.1666,0.1666,0.0
1109,332,2,0.0,0.0,0.0,0.0,0.0,0.0
1110,332,2,-1.0,1.0,0.0,0.0,0.0,0.0
1132,340,8,0.0,0.25,0.3547,0.6047,0.0,0.6047
1133,340,2,0.0,0.0,0.0,0.0,0.0,0.0
1134,340,2,0.0,0.0,-0.33330000000000004,-0.33330000000000004,0.0,-0.33330000000000004
1135,340,2,0.0,0.0,0.0,0.0,0.0,0.0
1158,351,2,0.0,-0.6,0.0,-0.6,-0.6,0.0
1159,351,2,0.0,0.0,0.0,0.0,0.0,0.0
116,33,6,0.0,0.5,0.0,0.5,0.0,0.5
1160,351,2,0.0,0.0,0.0,0.0,0.0,0.0
1161,351,2,0.0,0.0,0.0,0.0,0.0,0.0
117,33,8,-0.0267,-0.0121,0.355,0.31620000000000004,-0.02210000000000001,0.33830000000000005
118,33,2,0.0,0.0,0.0,0.0,0.0,0.0
1187,361,2,0.0,0.0,0.0,0.0,0.0,0.0
1188,361,2,0.0,0.0,0.0,0.0,0.0,0.0
1213,372,2,0.0,0.0,0.0,0.0,0.0,0.0
1214,372,2,0.0,0.0,0.0,0.0,0.0,0.0
1215,372,8,0.0,0.0,0.5424,0.5424,0.0,0.5424
1233,379,2,0.0,-0.19440000000000002,-0.25,-0.4444,0.0,-0.4444
1234,379,4,0.2778,-0.16670000000000001,0.06670000000000004,0.1778,0.11109999999999998,0.06670000000000004
1235,379,2,0.0,-0.10470000000000002,0.0,-0.10470000000000002,-0.10470000000000002,0.0
125,36,2,0.0,0.0,0.0,0.0,0.0,0.0
126,36,5,0.033,0.1838,-0.1515,0.0653,0.21150000000000002,-0.14620000000000002
1264,388,2,0.0,0.0,0.0,0.0,0.0,0.0
1265,388,2,0.0,0.0,0.0,0.0,0.0,0.0
1266,388,5,0.2222,0.1778,0.0,0.4,0.4,0.0
1267,388,2,0.0,0.0,0.0,0.0,0.0,0.0
127,36,6,0.07140000000000002,0.3571,-0.3571,0.07140000000000002,0.1169,-0.045499999999999985
1282,394,6,0.1209,0.7035,-0.7035,0.1209,0.1209,0.0
1283,394,2,0.0,0.0,0.0,0.0,0.0,0.0
1313,404,4,0.8,0.0,0.0,0.8,0.8,0.0
1314,404,2,0.0,0.0,0.0,0.0,0.0,0.0
1315,404,4,0.2609,-0.04660000000000003,0.04660000000000003,0.2609,0.1176,0.14330000000000004
1316,404,2,-0.10219999999999999,0.0,-0.0645,-0.1667,-0.10219999999999999,-0.0645
1317,404,4,0.05719999999999997,-0.17959999999999998,0.0,-0.12240000000000001,-0.11900000000000002,-0.0033999999999999864
1364,419,4,0.7741,0.0,0.0,0.7741,0.7741,0.0
1365,419,6,-0.069,1.0,-0.17390000000000005,0.7570999999999999,-0.069,0.8261
1366,419,4,0.19469999999999998,-0.3,0.1111,0.0058,-0.1053,0.1111
1367,419,6,0.07579999999999999,0.14910000000000004,0.0,0.22490000000000004,0.07579999999999999,0.14910000000000004
1377,423,5,0.0,0.19560000000000002,0.0,0.19560000000000002,0.19560000000000002,0.0
1378,423,2,0.0,0.0,0.0,0.0,0.0,0.0
1379,423,8,-0.0010000000000000009,-0.0769,0.1481,0.07020000000000001,-0.0779,0.1481
1400,431,2,-0.2069,0.0,0.0,-0.2069,-0.2069,0.0
1401,431,2,-0.0563,0.0,0.0,-0.0563,-0.0563,0.0
1402,431,8,-0.0305,0.0,0.05049999999999999,0.01999999999999999,-0.0305,0.05049999999999999
1403,431,5,0.0,0.18180000000000007,0.0,0.18180000000000007,0.18180000000000007,0.0
1419,438,2,0.0,0.0,0.0,0.0,0.0,0.0
1420,438,8,-0.3,0.875,0.03410000000000002,0.6091,-0.2259,0.835
1459,454,2,-1.0,0.0,0.0,-1.0,-1.0,0.0
1460,454,2,0.0,0.0,0.0,0.0,0.0,0.0
1493,467,6,0.0,0.9091,0.0,0.9091,0.0,0.9091
1494,467,2,0.0,-1.0,1.0,0.0,0.0,0.0
1495,467,2,0.0,0.0,0.0,0.0,0.0,0.0
1496,467,2,0.0,0.0,0.0,0.0,0.0,0.0
1497,467,4,0.09999999999999998,0.0,0.0,0.09999999999999998,0.09999999999999998,0.0
1502,469,2,0.0,0.0,0.0,0.0,0.0,0.0
1503,469,2,0.0,0.0,0.0,0.0,0.0,0.0
1504,470,2,0.0,0.0,0.0,0.0,0.0,0.0
1505,470,2,0.0,0.0,0.0,0.0,0.0,0.0
153,45,2,0.0,0.0,0.0,0.0,0.0,0.0
154,45,6,0.0,0.2857,-0.2857,0.0,0.0,0.0
155,45,2,-0.006699999999999984,-0.031,0.0,-0.037699999999999984,-0.006699999999999984,-0.031
156,45,8,0.0,0.3077,0.22560000000000002,0.5333,0.3077,0.22560000000000002
1586,505,2,0.0,0.0,0.0,0.0,0.0,0.0
1587,505,2,0.0,0.0,0.0,0.0,0.0,0.0
1632,520,6,0.0,0.2222,0.0,0.2222,0.1333,0.0889
1663,535,4,1.0,0.0,0.0,1.0,0.0,1.0
1670,538,8,0.0,0.0,0.2667,0.2667,0.0,0.2667
1682,542,6,0.0,0.8889,0.0,0.8889,0.0,0.8889
1683,542,6,0.0625,0.4638,-0.4618,0.0645,0.4348,-0.3703
1704,549,2,0.0,0.0,0.0,0.0,0.0,0.0
1705,549,2,0.0,0.0,0.0,0.0,0.0,0.0
171,49,8,0.08380000000000001,0.43779999999999997,0.013000000000000012,0.5346,0.13,0.4046
172,49,2,0.0,0.0,-1.0,-1.0,0.0,-1.0
173,49,2,0.0,0.0,0.0,0.0,0.0,0.0
174,49,8,0.0,0.0833,0.0596,0.1429,0.0,0.1429
1757,572,2,0.0,0.0,0.0,0.0,0.0,0.0
1763,575,2,0.0,0.0,0.0,0.0,0.0,0.0
1779,583,2,-0.4444,0.2857,0.0,-0.1587,-0.4444,0.2857
1799,590,2,0.0,0.0,0.0,0.0,0.0,0.0
1800,591,2,0.0,0.0,0.0,0.0,0.0,0.0
1801,591,6,0.0,0.2857,-0.2857,0.0,0.0,0.0
1807,594,2,0.0,0.0,0.0,0.0,0.0,0.0
1808,595,2,0.0,0.0,0.0,0.0,0.0,0.0
1809,595,6,0.0,0.2,0.0,0.2,0.0,0.2
1810,595,5,0.069,0.8147,-0.8147,0.069,0.8837,-0.8147
1828,604,2,0.0,0.0,0.0,0.0,0.0,0.0
1829,604,2,0.0,0.0,0.0,0.0,0.0,0.0
1830,604,4,0.23810000000000003,0.0,0.0,0.23810000000000003,0.23810000000000003,0.0
1871,621,2,0.0,-0.0625,0.0,-0.0625,-0.0625,0.0
1909,637,5,0.0,0.1379,0.02210000000000001,0.16,0.16,0.0
1910,637,4,0.05440000000000002,-0.1395,0.0,-0.0851,-0.0851,0.0
1911,637,2,-0.2,0.0,0.0,-0.2,-0.2,0.0
1912,638,8,0.0,0.0,0.5,0.5,0.0,0.5
1917,640,2,0.0,0.0,0.0,0.0,0.0,0.0
1918,640,2,0.0,0.0,0.0,0.0,0.0,0.0
1919,640,2,-0.35,0.044399999999999995,-0.11110000000000003,-0.4167,-0.5,0.08329999999999999
1920,640,2,0.0,0.0,0.0,0.0,0.0,0.0
1926,643,4,0.19230000000000003,0.0,0.0,0.19230000000000003,0.19230000000000003,0.0
1934,647,4,1.0,0.0,0.0,1.0,1.0,0.0
1958,660,4,1.0,0.0,0.0,1.0,1.0,0.0
1964,665,2,0.0,0.0,0.0,0.0,0.0,0.0
1965,665,4,1.0,0.0,-1.0,0.0,1.0,-1.0
1984,676,6,0.0,0.7468,0.0,0.7468,0.0,0.7468
2014,687,2,-0.2632,0.0,0.2162,-0.046999999999999986,-0.2632,0.2162
2015,687,2,0.0,0.0,0.0,0.0,0.0,0.0
2023,692,6,0.0,0.23439999999999994,-0.16089999999999993,0.07350000000000001,0.053800000000000014,0.019699999999999995
2027,695,2,0.0,0.0,0.0,0.0,0.0,0.0
2028,695,2,0.0,0.0,0.0,0.0,0.0,0.0
2029,695,4,0.6957,-0.6957,0.0,0.0,0.6957,-0.6957
2030,695,4,1.0,-1.0,0.0,0.0,0.0,0.0
2031,696,2,0.0,0.0,0.0,0.0,0.0,0.0
2032,696,2,0.0,-0.10160000000000002,0.0,-0.10160000000000002,0.0,-0.10160000000000002
2059,715,4,0.16669999999999996,0.0,0.0,0.16669999999999996,0.16669999999999996,0.0
2069,720,5,0.0,0.2222,-0.2222,0.0,0.2222,-0.2222
2100,735,4,1.0,-1.0,0.0,0.0,0.0,0.0
2101,735,2,0.0,0.0,0.0,0.0,0.0,0.0
2102,735,2,0.0,0.0,0.0,0.0,0.0,0.0
2158,772,5,0.0,0.8889,0.0,0.8889,0.8889,0.0
2159,772,2,0.0,0.0,0.0,0.0,0.0,0.0
2160,772,4,0.1442,-0.05489999999999995,-0.1261000000000001,-0.036800000000000055,-0.036800000000000055,0.0
2161,772,2,0.0,0.0050000000000000044,0.0,0.0050000000000000044,0.0050000000000000044,0.0
2190,790,8,0.4615,0.0,0.4274,0.8889,0.4615,0.4274
2191,791,2,-0.43640000000000007,0.0,0.0,-0.43640000000000007,-0.43640000000000007,0.0
2192,791,8,0.125,-0.125,0.8,0.8,0.125,0.675
2196,794,2,0.0,0.0,0.0,0.0,0.0,0.0
2201,798,2,-0.1684,-0.6316,0.6316,-0.1684,-0.1684,0.0
2202,799,2,0.0,0.0,0.0,0.0,0.0,0.0
2239,821,2,0.0,0.0,0.0,0.0,0.0,0.0
2240,821,2,0.0,0.0,0.0,0.0,0.0,0.0
2262,837,8,0.1818,0.0,0.4849,0.6667,0.1818,0.4849
2293,867,2,0.007000000000000006,-0.033299999999999996,0.0,-0.02629999999999999,-0.12629999999999997,0.09999999999999998
283,78,8,0.0,0.0,0.05879999999999996,0.05879999999999996,0.0,0.05879999999999996
284,78,2,0.0,0.0,0.0,0.0,0.0,0.0
285,78,2,0.0,0.0,0.0,0.0,0.0,0.0
340,92,2,0.0,0.0,0.0,0.0,0.0,0.0
341,92,2,0.0,0.0,0.0,0.0,0.0,0.0
342,92,2,0.0,0.0,0.0,0.0,0.0,0.0
343,92,5,-0.003500000000000003,0.1444,-0.03520000000000001,0.10569999999999999,0.1934,-0.0877
344,92,4,1.0,0.0,0.0,1.0,1.0,0.0
345,92,2,0.0,0.0,0.0,0.0,0.0,0.0
346,92,2,0.0,0.0,0.0,0.0,0.0,0.0
347,92,2,0.0,0.0,0.0,0.0,0.0,0.0
348,92,2,0.0,0.0,0.0,0.0,0.0,0.0
398,105,2,-0.3391,0.0,-0.0832,-0.4223,-0.3391,-0.0832
399,105,2,0.0,0.0,0.0,0.0,0.0,0.0
400,105,2,0.0,0.0,0.0,0.0,0.0,0.0
401,105,2,-0.07779999999999998,0.005099999999999993,0.0,-0.07269999999999999,-0.07779999999999998,0.005099999999999993
402,105,2,-0.3333,0.2,0.13329999999999997,0.0,-0.3333,0.3333
403,105,5,0.3333,-0.047599999999999976,0.11430000000000001,0.4,0.6667,-0.26669999999999994
404,105,2,0.0,0.0,0.0,0.0,0.0,0.0
405,105,2,0.0,0.0,0.0,0.0,0.0,0.0
406,105,8,0.0,0.0,0.3333,0.3333,0.0,0.3333
418,110,2,0.0,0.0,0.0,0.0,0.0,0.0
419,110,4,0.2471,-0.33909999999999996,0.03909999999999997,-0.0529,-0.09199999999999997,0.03909999999999997
420,110,8,0.1446,-0.0504,0.49039999999999995,0.5845999999999999,0.07830000000000001,0.5063
421,110,2,0.0,0.0,-0.16,-0.16,0.0,-0.16
422,110,8,-0.021099999999999952,0.09999999999999998,0.09999999999999998,0.1789,0.07890000000000003,0.09999999999999998
478,129,2,0.0,0.0,0.0,0.0,0.0,0.0
479,129,2,0.0,0.0,0.0,0.0,0.0,0.0
480,129,6,0.0,0.125,-0.125,0.0,0.0,0.0
481,129,2,0.0,0.0,0.0,0.0,0.0,0.0
545,150,4,0.0797,-0.08669999999999999,-0.08,-0.087,0.0797,-0.1667
546,150,2,0.0,0.0,0.0,0.0,0.0,0.0
547,150,2,0.0,0.0,0.0,0.0,0.0,0.0
548,150,2,0.0,0.0,0.0,0.0,0.0,0.0
549,150,2,0.0,0.0,0.0,0.0,0.0,0.0
550,150,4,0.19999999999999996,0.0,0.0,0.19999999999999996,0.19999999999999996,0.0
551,150,2,-0.0526,0.0526,0.0,0.0,0.0,0.0
556,152,4,0.1491,-0.1021,0.07830000000000001,0.12530000000000002,0.1234,0.0019000000000000128
557,152,2,0.0,0.0,0.0,0.0,0.0,0.0
558,152,2,0.0,0.0,0.0,0.0,0.0,0.0
559,152,8,0.0,0.0,0.087,0.087,0.0,0.087
631,173,2,0.0,0.0,0.0,0.0,0.0,0.0
632,173,8,0.0,0.0,1.0,1.0,0.0,1.0
636,175,2,0.0,0.0,0.0,0.0,0.0,0.0
637,175,2,0.0,0.0,0.0,0.0,0.0,0.0
638,175,8,0.0,0.0,0.2353,0.2353,0.0,0.2353
639,175,5,0.0,0.0,0.0,0.0,0.4167,-0.4167
677,186,2,0.0,0.0,0.0,0.0,0.0,0.0
721,199,4,0.050000000000000044,-0.1846000000000001,-0.25179999999999997,-0.3864,0.0,-0.3864
722,199,2,0.0,0.0,0.0,0.0,0.0,0.0
723,199,5,0.0,0.0,0.0,0.0,0.1176,-0.1176
732,203,2,0.0,0.0,0.0,0.0,0.0,0.0
733,203,4,0.119,0.0,0.0,0.119,0.119,0.0
734,203,2,-0.037000000000000005,0.031200000000000006,0.0,-0.0058,-0.0058,0.0
735,203,2,-0.08659999999999998,0.08659999999999998,-0.0948,-0.0948,-0.08659999999999998,-0.008200000000000013
736,203,4,0.5714,-0.5714,0.0,0.0,0.5714,-0.5714
737,203,4,0.119,0.0,0.0,0.119,0.119,0.0
738,203,2,0.0,0.0,0.0,0.0,0.0,0.0
818,234,4,0.36369999999999997,-0.40109999999999996,0.0,-0.03739999999999999,-0.03739999999999999,0.0
819,234,6,0.04040000000000002,0.0635,-0.03570000000000001,0.06820000000000001,0.04040000000000002,0.02779999999999999
877,252,5,0.0,0.4211,-0.20679999999999998,0.2143,0.4444,-0.23010000000000003
878,252,5,0.0,0.0,0.0,0.0,0.381,-0.381
879,252,4,0.2581,0.0,0.0,0.2581,0.2581,0.0
880,252,2,0.0,0.0,0.0,0.0,0.0,0.0
883,254,6,0.0,0.33330000000000004,-0.33330000000000004,0.0,0.0,0.0
884,254,2,0.0,-0.11109999999999998,0.0,-0.11109999999999998,-0.11109999999999998,0.0
897,259,6,0.0,0.6316,-0.3239000000000001,0.3077,0.0,0.3077
90,24,2,-0.1176,0.0,0.0,-0.1176,0.0,-0.1176
91,24,2,0.0,0.0,0.0,0.0,0.0,0.0
916,266,4,0.5,-0.05559999999999998,0.05559999999999998,0.5,0.5,0.0
917,266,8,0.0,0.0,0.33330000000000004,0.33330000000000004,0.0,0.33330000000000004
918,266,2,-0.43520000000000003,0.0,0.0,-0.43520000000000003,-0.439,0.003799999999999998
919,266,2,0.0,0.0,0.0,0.0,0.0,0.0
92,24,2,-0.33330000000000004,0.0,0.0,-0.33330000000000004,0.0,-0.33330000000000004
920,266,2,-1.0,0.0,0.0,-1.0,-1.0,0.0
93,24,2,0.0,0.0,0.0,0.0,0.0,0.0
94,24,2,0.0,0.0,0.0,0.0,0.0,0.0
95,24,2,0.0,0.0,0.0,0.0,0.0,0.0
951,276,4,0.1072,0.009500000000000008,0.0,0.11670000000000001,0.0906,0.026100000000000012
964,282,5,-0.0223,0.15450000000000003,0.0,0.1322,0.1322,0.0
965,282,2,0.0,0.0,0.0,0.0,0.0,0.0
966,282,2,0.0,0.0,0.0,0.0,0.0,0.0
