question_id,passage_rank,layer,attention_type,raw_attention_mass,length_normalized_attention,passage_token_count
1912,1,0,query_to_passage,1.774177,0.00067485,239
1912,1,0,answer_to_passage,1.422932,0.00059537,239
1912,2,0,query_to_passage,0.62492,0.00067632,84
1912,2,0,answer_to_passage,0.515775,0.00061402,84
1912,3,0,query_to_passage,0.043969,0.00079943,5
1912,3,0,answer_to_passage,0.031037,0.00062073,5
1912,4,0,query_to_passage,0.047946,0.00087175,5
1912,4,0,answer_to_passage,0.0317,0.00063401,5
1912,5,0,query_to_passage,0.049891,0.00090711,5
1912,5,0,answer_to_passage,0.034826,0.00069651,5
1912,6,0,query_to_passage,0.052633,0.00095696,5
1912,6,0,answer_to_passage,0.03593,0.0007186,5
1912,7,0,query_to_passage,0.053112,0.00096568,5
1912,7,0,answer_to_passage,0.038357,0.00076714,5
1912,8,0,query_to_passage,0.057347,0.00104268,5
1912,8,0,answer_to_passage,0.041725,0.00083451,5
1912,9,0,query_to_passage,0.06304,0.00114619,5
1912,9,0,answer_to_passage,0.041662,0.00083323,5
1912,10,0,query_to_passage,0.083038,0.00125815,6
1912,10,0,answer_to_passage,0.057468,0.00095781,6
1912,1,4,query_to_passage,0.560886,0.00021335,239
1912,1,4,answer_to_passage,0.385914,0.00016147,239
1912,2,4,query_to_passage,0.13333,0.0001443,84
1912,2,4,answer_to_passage,0.13065,0.00015554,84
1912,3,4,query_to_passage,0.013021,0.00023675,5
1912,3,4,answer_to_passage,0.008535,0.00017069,5
1912,4,4,query_to_passage,0.006146,0.00011174,5
1912,4,4,answer_to_passage,0.004304,8.608e-05,5
1912,5,4,query_to_passage,0.004573,8.314e-05,5
1912,5,4,answer_to_passage,0.002921,5.842e-05,5
1912,6,4,query_to_passage,0.003661,6.657e-05,5
1912,6,4,answer_to_passage,0.00226,4.521e-05,5
1912,7,4,query_to_passage,0.003399,6.179e-05,5
1912,7,4,answer_to_passage,0.00206,4.12e-05,5
1912,8,4,query_to_passage,0.003409,6.198e-05,5
1912,8,4,answer_to_passage,0.001945,3.89e-05,5
1912,9,4,query_to_passage,0.004454,8.097e-05,5
1912,9,4,answer_to_passage,0.002373,4.746e-05,5
1912,10,4,query_to_passage,0.008494,0.00012869,6
1912,10,4,answer_to_passage,0.003427,5.712e-05,6
1912,1,8,query_to_passage,0.710759,0.00027035,239
1912,1,8,answer_to_passage,0.439864,0.00018404,239
1912,2,8,query_to_passage,0.235451,0.00025482,84
1912,2,8,answer_to_passage,0.119719,0.00014252,84
1912,3,8,query_to_passage,0.044165,0.000803,5
1912,3,8,answer_to_passage,0.009024,0.00018048,5
1912,4,8,query_to_passage,0.025796,0.00046903,5
1912,4,8,answer_to_passage,0.006498,0.00012997,5
1912,5,8,query_to_passage,0.017867,0.00032486,5
1912,5,8,answer_to_passage,0.003453,6.906e-05,5
1912,6,8,query_to_passage,0.016626,0.00030228,5
1912,6,8,answer_to_passage,0.002748,5.496e-05,5
1912,7,8,query_to_passage,0.010982,0.00019967,5
1912,7,8,answer_to_passage,0.002254,4.508e-05,5
1912,8,8,query_to_passage,0.009944,0.00018079,5
1912,8,8,answer_to_passage,0.002282,4.565e-05,5
1912,9,8,query_to_passage,0.01173,0.00021328,5
1912,9,8,answer_to_passage,0.002327,4.653e-05,5
1912,10,8,query_to_passage,0.022989,0.00034832,6
1912,10,8,answer_to_passage,0.003305,5.508e-05,6
1912,1,16,query_to_passage,1.803784,0.00068611,239
1912,1,16,answer_to_passage,0.83366,0.00034881,239
1912,2,16,query_to_passage,0.627004,0.00067858,84
1912,2,16,answer_to_passage,0.190528,0.00022682,84
1912,3,16,query_to_passage,0.142837,0.00259704,5
1912,3,16,answer_to_passage,0.011379,0.00022757,5
1912,4,16,query_to_passage,0.10199,0.00185437,5
1912,4,16,answer_to_passage,0.017988,0.00035975,5
1912,5,16,query_to_passage,0.09174,0.00166801,5
1912,5,16,answer_to_passage,0.007212,0.00014424,5
1912,6,16,query_to_passage,0.058144,0.00105717,5
1912,6,16,answer_to_passage,0.006764,0.00013529,5
1912,7,16,query_to_passage,0.033451,0.00060819,5
1912,7,16,answer_to_passage,0.01205,0.000241,5
1912,8,16,query_to_passage,0.023716,0.0004312,5
1912,8,16,answer_to_passage,0.003918,7.837e-05,5
1912,9,16,query_to_passage,0.028008,0.00050923,5
1912,9,16,answer_to_passage,0.003761,7.522e-05,5
1912,10,16,query_to_passage,0.059463,0.00090095,6
1912,10,16,answer_to_passage,0.006136,0.00010227,6
1912,1,24,query_to_passage,1.602499,0.00060955,239
1912,1,24,answer_to_passage,0.251397,0.00010519,239
1912,2,24,query_to_passage,0.356936,0.00038629,84
1912,2,24,answer_to_passage,0.085473,0.00010175,84
1912,3,24,query_to_passage,0.048438,0.0008807,5
1912,3,24,answer_to_passage,0.009325,0.00018651,5
1912,4,24,query_to_passage,0.056013,0.00101842,5
1912,4,24,answer_to_passage,0.008467,0.00016933,5
1912,5,24,query_to_passage,0.031532,0.00057331,5
1912,5,24,answer_to_passage,0.005873,0.00011747,5
1912,6,24,query_to_passage,0.043056,0.00078283,5
1912,6,24,answer_to_passage,0.003839,7.679e-05,5
1912,7,24,query_to_passage,0.024769,0.00045034,5
1912,7,24,answer_to_passage,0.01011,0.0002022,5
1912,8,24,query_to_passage,0.011478,0.0002087,5
1912,8,24,answer_to_passage,0.002134,4.268e-05,5
1912,9,24,query_to_passage,0.017248,0.00031361,5
1912,9,24,answer_to_passage,0.002785,5.571e-05,5
1912,10,24,query_to_passage,0.033811,0.00051229,6
1912,10,24,answer_to_passage,0.0047,7.833e-05,6
1912,1,31,query_to_passage,2.841483,0.00108082,239
1912,1,31,answer_to_passage,1.136168,0.00047538,239
1912,2,31,query_to_passage,0.825197,0.00089307,84
1912,2,31,answer_to_passage,0.460071,0.0005477,84
1912,3,31,query_to_passage,0.130708,0.00237651,5
1912,3,31,answer_to_passage,0.043702,0.00087403,5
1912,4,31,query_to_passage,0.149629,0.00272053,5
1912,4,31,answer_to_passage,0.049343,0.00098687,5
1912,5,31,query_to_passage,0.102953,0.00187187,5
1912,5,31,answer_to_passage,0.051868,0.00103736,5
1912,6,31,query_to_passage,0.119087,0.00216523,5
1912,6,31,answer_to_passage,0.033902,0.00067803,5
1912,7,31,query_to_passage,0.051819,0.00094216,5
1912,7,31,answer_to_passage,0.044058,0.00088117,5
1912,8,31,query_to_passage,0.04266,0.00077563,5
1912,8,31,answer_to_passage,0.019114,0.00038228,5
1912,9,31,query_to_passage,0.051101,0.0009291,5
1912,9,31,answer_to_passage,0.027013,0.00054025,5
1912,10,31,query_to_passage,0.090531,0.00137168,6
1912,10,31,answer_to_passage,0.04394,0.00073233,6
2201,1,0,query_to_passage,0.589727,0.00017551,210
2201,1,0,answer_to_passage,0.486532,0.00017822,210
2201,2,0,query_to_passage,0.25306,0.00018829,84
2201,2,0,answer_to_passage,0.204204,0.000187,84
2201,3,0,query_to_passage,0.5995,0.0001581,237
2201,3,0,answer_to_passage,0.486263,0.00015783,237
2201,4,0,query_to_passage,0.717113,0.00017107,262
2201,4,0,answer_to_passage,0.583174,0.00017122,262
2201,5,0,query_to_passage,0.666461,0.00016529,252
2201,5,0,answer_to_passage,0.544365,0.00016617,252
2201,6,0,query_to_passage,0.587087,0.00018346,200
2201,6,0,answer_to_passage,0.481067,0.00018503,200
2201,7,0,query_to_passage,0.802052,0.00019814,253
2201,7,0,answer_to_passage,0.644599,0.00019599,253
2201,8,0,query_to_passage,0.96392,0.00023533,256
2201,8,0,answer_to_passage,0.78125,0.00023475,256
2201,9,0,query_to_passage,0.851372,0.00022264,239
2201,9,0,answer_to_passage,0.686419,0.00022093,239
2201,10,0,query_to_passage,1.517596,0.00035,271
2201,10,0,answer_to_passage,1.125077,0.00031935,271
2201,1,4,query_to_passage,0.187293,5.574e-05,210
2201,1,4,answer_to_passage,0.247033,9.049e-05,210
2201,2,4,query_to_passage,0.080829,6.014e-05,84
2201,2,4,answer_to_passage,0.087821,8.042e-05,84
2201,3,4,query_to_passage,0.173949,4.587e-05,237
2201,3,4,answer_to_passage,0.208684,6.773e-05,237
2201,4,4,query_to_passage,0.160097,3.819e-05,262
2201,4,4,answer_to_passage,0.192026,5.638e-05,262
2201,5,4,query_to_passage,0.132406,3.284e-05,252
2201,5,4,answer_to_passage,0.155409,4.744e-05,252
2201,6,4,query_to_passage,0.080279,2.509e-05,200
2201,6,4,answer_to_passage,0.088554,3.406e-05,200
2201,7,4,query_to_passage,0.136432,3.37e-05,253
2201,7,4,answer_to_passage,0.15969,4.855e-05,253
2201,8,4,query_to_passage,0.125715,3.069e-05,256
2201,8,4,answer_to_passage,0.139201,4.183e-05,256
2201,9,4,query_to_passage,0.231453,6.053e-05,239
2201,9,4,answer_to_passage,0.201894,6.498e-05,239
2201,10,4,query_to_passage,0.307945,7.102e-05,271
2201,10,4,answer_to_passage,0.250876,7.121e-05,271
2201,1,8,query_to_passage,0.290594,8.649e-05,210
2201,1,8,answer_to_passage,0.205746,7.536e-05,210
2201,2,8,query_to_passage,0.128775,9.581e-05,84
2201,2,8,answer_to_passage,0.060273,5.519e-05,84
2201,3,8,query_to_passage,0.231462,6.104e-05,237
2201,3,8,answer_to_passage,0.148461,4.819e-05,237
2201,4,8,query_to_passage,0.22827,5.445e-05,262
2201,4,8,answer_to_passage,0.144711,4.249e-05,262
2201,5,8,query_to_passage,0.159257,3.95e-05,252
2201,5,8,answer_to_passage,0.117592,3.589e-05,252
2201,6,8,query_to_passage,0.106735,3.335e-05,200
2201,6,8,answer_to_passage,0.086918,3.343e-05,200
2201,7,8,query_to_passage,0.166266,4.107e-05,253
2201,7,8,answer_to_passage,0.146142,4.443e-05,253
2201,8,8,query_to_passage,0.240444,5.87e-05,256
2201,8,8,answer_to_passage,0.198664,5.969e-05,256
2201,9,8,query_to_passage,0.296272,7.748e-05,239
2201,9,8,answer_to_passage,0.201195,6.476e-05,239
2201,10,8,query_to_passage,0.497036,0.00011463,271
2201,10,8,answer_to_passage,0.378594,0.00010746,271
2201,1,16,query_to_passage,1.143581,0.00034035,210
2201,1,16,answer_to_passage,2.233804,0.00081824,210
2201,2,16,query_to_passage,0.382023,0.00028424,84
2201,2,16,answer_to_passage,0.147817,0.00013536,84
2201,3,16,query_to_passage,0.77031,0.00020314,237
2201,3,16,answer_to_passage,0.253776,8.237e-05,237
2201,4,16,query_to_passage,0.8642,0.00020615,262
2201,4,16,answer_to_passage,0.440627,0.00012937,262
2201,5,16,query_to_passage,0.378828,9.396e-05,252
2201,5,16,answer_to_passage,0.164558,5.023e-05,252
2201,6,16,query_to_passage,0.470854,0.00014714,200
2201,6,16,answer_to_passage,0.182921,7.035e-05,200
2201,7,16,query_to_passage,0.519063,0.00012823,253
2201,7,16,answer_to_passage,0.506652,0.00015404,253
2201,8,16,query_to_passage,0.434525,0.00010609,256
2201,8,16,answer_to_passage,0.349705,0.00010508,256
2201,9,16,query_to_passage,0.407174,0.00010648,239
2201,9,16,answer_to_passage,0.073972,2.381e-05,239
2201,10,16,query_to_passage,0.602511,0.00013896,271
2201,10,16,answer_to_passage,0.374003,0.00010616,271
2201,1,24,query_to_passage,0.987939,0.00029403,210
2201,1,24,answer_to_passage,1.781051,0.0006524,210
2201,2,24,query_to_passage,0.340574,0.0002534,84
2201,2,24,answer_to_passage,0.097776,8.954e-05,84
2201,3,24,query_to_passage,0.639282,0.00016859,237
2201,3,24,answer_to_passage,0.170172,5.523e-05,237
2201,4,24,query_to_passage,0.716223,0.00017085,262
2201,4,24,answer_to_passage,0.288456,8.469e-05,262
2201,5,24,query_to_passage,0.342338,8.491e-05,252
2201,5,24,answer_to_passage,0.125608,3.834e-05,252
2201,6,24,query_to_passage,0.320447,0.00010014,200
2201,6,24,answer_to_passage,0.143411,5.516e-05,200
2201,7,24,query_to_passage,0.311894,7.705e-05,253
2201,7,24,answer_to_passage,0.172551,5.246e-05,253
2201,8,24,query_to_passage,0.276658,6.754e-05,256
2201,8,24,answer_to_passage,0.120462,3.62e-05,256
2201,9,24,query_to_passage,0.276917,7.242e-05,239
2201,9,24,answer_to_passage,0.071283,2.294e-05,239
2201,10,24,query_to_passage,0.395186,9.114e-05,271
2201,10,24,answer_to_passage,0.220391,6.256e-05,271
2201,1,31,query_to_passage,1.191854,0.00035472,210
2201,1,31,answer_to_passage,1.635258,0.000599,210
2201,2,31,query_to_passage,0.524523,0.00039027,84
2201,2,31,answer_to_passage,0.23222,0.00021266,84
2201,3,31,query_to_passage,1.063909,0.00028057,237
2201,3,31,answer_to_passage,0.437387,0.00014196,237
2201,4,31,query_to_passage,1.220904,0.00029125,262
2201,4,31,answer_to_passage,0.67555,0.00019834,262
2201,5,31,query_to_passage,0.703379,0.00017445,252
2201,5,31,answer_to_passage,0.375943,0.00011476,252
2201,6,31,query_to_passage,0.567447,0.00017733,200
2201,6,31,answer_to_passage,0.282346,0.00010859,200
2201,7,31,query_to_passage,0.810943,0.00020033,253
2201,7,31,answer_to_passage,0.59448,0.00018075,253
2201,8,31,query_to_passage,0.764838,0.00018673,256
2201,8,31,answer_to_passage,0.349516,0.00010502,256
2201,9,31,query_to_passage,0.620651,0.0001623,239
2201,9,31,answer_to_passage,0.209728,6.75e-05,239
2201,10,31,query_to_passage,0.791798,0.00018261,271
2201,10,31,answer_to_passage,0.460643,0.00013075,271
883,1,0,query_to_passage,0.355081,0.00018379,276
883,1,0,answer_to_passage,0.370042,0.00019153,276
883,2,0,query_to_passage,0.337679,0.00019067,253
883,2,0,answer_to_passage,0.350917,0.00019815,253
883,3,0,query_to_passage,0.199997,0.00017108,167
883,3,0,answer_to_passage,0.210921,0.00018043,167
883,4,0,query_to_passage,0.094554,0.00017773,76
883,4,0,answer_to_passage,0.094966,0.00017851,76
883,5,0,query_to_passage,0.355144,0.00019665,258
883,5,0,answer_to_passage,0.359758,0.0001992,258
883,6,0,query_to_passage,0.124426,0.00021416,83
883,6,0,answer_to_passage,0.126047,0.00021695,83
883,7,0,query_to_passage,0.402446,0.00022198,259
883,7,0,answer_to_passage,0.412462,0.0002275,259
883,8,0,query_to_passage,0.271551,0.00026212,148
883,8,0,answer_to_passage,0.278733,0.00026905,148
883,9,0,query_to_passage,0.321252,0.00026838,171
883,9,0,answer_to_passage,0.326735,0.00027296,171
883,10,0,query_to_passage,0.571332,0.00038866,210
883,10,0,answer_to_passage,0.532839,0.00036248,210
883,1,4,query_to_passage,0.097536,5.048e-05,276
883,1,4,answer_to_passage,0.137816,7.133e-05,276
883,2,4,query_to_passage,0.067809,3.829e-05,253
883,2,4,answer_to_passage,0.069308,3.914e-05,253
883,3,4,query_to_passage,0.036912,3.158e-05,167
883,3,4,answer_to_passage,0.090701,7.759e-05,167
883,4,4,query_to_passage,0.027585,5.185e-05,76
883,4,4,answer_to_passage,0.03206,6.026e-05,76
883,5,4,query_to_passage,0.05876,3.254e-05,258
883,5,4,answer_to_passage,0.072574,4.018e-05,258
883,6,4,query_to_passage,0.013927,2.397e-05,83
883,6,4,answer_to_passage,0.020281,3.491e-05,83
883,7,4,query_to_passage,0.053453,2.948e-05,259
883,7,4,answer_to_passage,0.075244,4.15e-05,259
883,8,4,query_to_passage,0.035241,3.402e-05,148
883,8,4,answer_to_passage,0.040923,3.95e-05,148
883,9,4,query_to_passage,0.047553,3.973e-05,171
883,9,4,answer_to_passage,0.058125,4.856e-05,171
883,10,4,query_to_passage,0.062952,4.282e-05,210
883,10,4,answer_to_passage,0.060927,4.145e-05,210
883,1,8,query_to_passage,0.127005,6.574e-05,276
883,1,8,answer_to_passage,0.227442,0.00011772,276
883,2,8,query_to_passage,0.102286,5.776e-05,253
883,2,8,answer_to_passage,0.11483,6.484e-05,253
883,3,8,query_to_passage,0.061847,5.291e-05,167
883,3,8,answer_to_passage,0.110112,9.419e-05,167
883,4,8,query_to_passage,0.034559,6.496e-05,76
883,4,8,answer_to_passage,0.054613,0.00010266,76
883,5,8,query_to_passage,0.064085,3.548e-05,258
883,5,8,answer_to_passage,0.112511,6.23e-05,258
883,6,8,query_to_passage,0.030328,5.22e-05,83
883,6,8,answer_to_passage,0.034984,6.021e-05,83
883,7,8,query_to_passage,0.082878,4.571e-05,259
883,7,8,answer_to_passage,0.161488,8.907e-05,259
883,8,8,query_to_passage,0.054036,5.216e-05,148
883,8,8,answer_to_passage,0.060053,5.797e-05,148
883,9,8,query_to_passage,0.072655,6.07e-05,171
883,9,8,answer_to_passage,0.092007,7.686e-05,171
883,10,8,query_to_passage,0.123994,8.435e-05,210
883,10,8,answer_to_passage,0.111305,7.572e-05,210
883,1,16,query_to_passage,0.779072,0.00040325,276
883,1,16,answer_to_passage,0.772504,0.00039985,276
883,2,16,query_to_passage,0.427212,0.00024123,253
883,2,16,answer_to_passage,0.175772,9.925e-05,253
883,3,16,query_to_passage,0.219501,0.00018777,167
883,3,16,answer_to_passage,0.826915,0.00070737,167
883,4,16,query_to_passage,0.143563,0.00026986,76
883,4,16,answer_to_passage,0.196216,0.00036883,76
883,5,16,query_to_passage,0.171094,9.474e-05,258
883,5,16,answer_to_passage,0.1605,8.887e-05,258
883,6,16,query_to_passage,0.087622,0.00015081,83
883,6,16,answer_to_passage,0.062452,0.00010749,83
883,7,16,query_to_passage,0.27453,0.00015142,259
883,7,16,answer_to_passage,0.372513,0.00020547,259
883,8,16,query_to_passage,0.134382,0.00012971,148
883,8,16,answer_to_passage,0.088463,8.539e-05,148
883,9,16,query_to_passage,0.136381,0.00011394,171
883,9,16,answer_to_passage,0.066204,5.531e-05,171
883,10,16,query_to_passage,0.30785,0.00020942,210
883,10,16,answer_to_passage,0.05609,3.816e-05,210
883,1,24,query_to_passage,0.698436,0.00036151,276
883,1,24,answer_to_passage,0.674217,0.00034897,276
883,2,24,query_to_passage,0.376831,0.00021278,253
883,2,24,answer_to_passage,0.192979,0.00010897,253
883,3,24,query_to_passage,0.225126,0.00019258,167
883,3,24,answer_to_passage,0.454188,0.00038853,167
883,4,24,query_to_passage,0.101827,0.0001914,76
883,4,24,answer_to_passage,0.081573,0.00015333,76
883,5,24,query_to_passage,0.166731,9.232e-05,258
883,5,24,answer_to_passage,0.146983,8.139e-05,258
883,6,24,query_to_passage,0.080353,0.0001383,83
883,6,24,answer_to_passage,0.025688,4.421e-05,83
883,7,24,query_to_passage,0.193681,0.00010683,259
883,7,24,answer_to_passage,0.120225,6.631e-05,259
883,8,24,query_to_passage,0.104437,0.00010081,148
883,8,24,answer_to_passage,0.065845,6.356e-05,148
883,9,24,query_to_passage,0.088721,7.412e-05,171
883,9,24,answer_to_passage,0.054735,4.573e-05,171
883,10,24,query_to_passage,0.118864,8.086e-05,210
883,10,24,answer_to_passage,0.070673,4.808e-05,210
883,1,31,query_to_passage,0.861038,0.00044567,276
883,1,31,answer_to_passage,0.868479,0.00044952,276
883,2,31,query_to_passage,0.730326,0.00041238,253
883,2,31,answer_to_passage,0.317828,0.00017946,253
883,3,31,query_to_passage,0.30725,0.00026283,167
883,3,31,answer_to_passage,0.783567,0.00067029,167
883,4,31,query_to_passage,0.152063,0.00028583,76
883,4,31,answer_to_passage,0.158612,0.00029814,76
883,5,31,query_to_passage,0.328881,0.0001821,258
883,5,31,answer_to_passage,0.244373,0.00013531,258
883,6,31,query_to_passage,0.163284,0.00028104,83
883,6,31,answer_to_passage,0.075948,0.00013072,83
883,7,31,query_to_passage,0.451853,0.00024923,259
883,7,31,answer_to_passage,0.339507,0.00018726,259
883,8,31,query_to_passage,0.284926,0.00027502,148
883,8,31,answer_to_passage,0.173128,0.00016711,148
883,9,31,query_to_passage,0.204721,0.00017103,171
883,9,31,answer_to_passage,0.13076,0.00010924,171
883,10,31,query_to_passage,0.361676,0.00024604,210
883,10,31,answer_to_passage,0.171069,0.00011637,210
105,1,0,query_to_passage,0.049932,0.00014185,32
105,1,0,answer_to_passage,0.091918,0.00014362,32
105,2,0,query_to_passage,0.343057,0.00016949,184
105,2,0,answer_to_passage,0.647988,0.00017608,184
105,3,0,query_to_passage,0.612776,0.00020786,268
105,3,0,answer_to_passage,1.149823,0.00021452,268
105,4,0,query_to_passage,0.456825,0.00017376,239
105,4,0,answer_to_passage,0.865538,0.00018107,239
105,5,0,query_to_passage,0.21785,0.00018004,110
105,5,0,answer_to_passage,0.407707,0.00018532,110
105,6,0,query_to_passage,0.253975,0.00019402,119
105,6,0,answer_to_passage,0.474402,0.00019933,119
105,7,0,query_to_passage,0.501786,0.00019329,236
105,7,0,answer_to_passage,0.912745,0.00019338,236
105,8,0,query_to_passage,0.61317,0.00021522,259
105,8,0,answer_to_passage,1.164018,0.00022471,259
105,9,0,query_to_passage,0.622818,0.00022831,248
105,9,0,answer_to_passage,1.157492,0.00023337,248
105,10,0,query_to_passage,1.041071,0.00036262,261
105,10,0,answer_to_passage,1.763015,0.00033774,261
105,1,4,query_to_passage,0.085369,0.00024252,32
105,1,4,answer_to_passage,0.097237,0.00015193,32
105,2,4,query_to_passage,0.202303,9.995e-05,184
105,2,4,answer_to_passage,0.295349,8.026e-05,184
105,3,4,query_to_passage,0.146295,4.963e-05,268
105,3,4,answer_to_passage,0.687739,0.00012831,268
105,4,4,query_to_passage,0.095064,3.616e-05,239
105,4,4,answer_to_passage,0.197112,4.124e-05,239
105,5,4,query_to_passage,0.065281,5.395e-05,110
105,5,4,answer_to_passage,0.110583,5.026e-05,110
105,6,4,query_to_passage,0.063691,4.866e-05,119
105,6,4,answer_to_passage,0.177359,7.452e-05,119
105,7,4,query_to_passage,0.078604,3.028e-05,236
105,7,4,answer_to_passage,0.196185,4.156e-05,236
105,8,4,query_to_passage,0.078789,2.765e-05,259
105,8,4,answer_to_passage,0.197942,3.821e-05,259
105,9,4,query_to_passage,0.098772,3.621e-05,248
105,9,4,answer_to_passage,0.197648,3.985e-05,248
105,10,4,query_to_passage,0.154432,5.379e-05,261
105,10,4,answer_to_passage,0.258949,4.961e-05,261
105,1,8,query_to_passage,0.135975,0.00038629,32
105,1,8,answer_to_passage,0.100481,0.000157,32
105,2,8,query_to_passage,0.21605,0.00010674,184
105,2,8,answer_to_passage,0.286479,7.785e-05,184
105,3,8,query_to_passage,0.188958,6.41e-05,268
105,3,8,answer_to_passage,0.503736,9.398e-05,268
105,4,8,query_to_passage,0.155291,5.907e-05,239
105,4,8,answer_to_passage,0.238506,4.99e-05,239
105,5,8,query_to_passage,0.104331,8.622e-05,110
105,5,8,answer_to_passage,0.104972,4.771e-05,110
105,6,8,query_to_passage,0.096223,7.351e-05,119
105,6,8,answer_to_passage,0.142073,5.969e-05,119
105,7,8,query_to_passage,0.116861,4.502e-05,236
105,7,8,answer_to_passage,0.227269,4.815e-05,236
105,8,8,query_to_passage,0.175397,6.156e-05,259
105,8,8,answer_to_passage,0.343009,6.622e-05,259
105,9,8,query_to_passage,0.264945,9.712e-05,248
105,9,8,answer_to_passage,0.286214,5.77e-05,248
105,10,8,query_to_passage,0.310064,0.000108,261
105,10,8,answer_to_passage,0.477247,9.143e-05,261
105,1,16,query_to_passage,0.559332,0.00158901,32
105,1,16,answer_to_passage,0.361993,0.00056561,32
105,2,16,query_to_passage,0.490024,0.00024211,184
105,2,16,answer_to_passage,0.288907,7.851e-05,184
105,3,16,query_to_passage,0.91785,0.00031135,268
105,3,16,answer_to_passage,3.53457,0.00065943,268
105,4,16,query_to_passage,0.390633,0.00014859,239
105,4,16,answer_to_passage,0.375517,7.856e-05,239
105,5,16,query_to_passage,0.302657,0.00025013,110
105,5,16,answer_to_passage,0.12676,5.762e-05,110
105,6,16,query_to_passage,0.193759,0.00014802,119
105,6,16,answer_to_passage,0.308939,0.00012981,119
105,7,16,query_to_passage,0.130771,5.037e-05,236
105,7,16,answer_to_passage,0.20493,4.342e-05,236
105,8,16,query_to_passage,0.299699,0.00010519,259
105,8,16,answer_to_passage,0.322719,6.23e-05,259
105,9,16,query_to_passage,0.377492,0.00013838,248
105,9,16,answer_to_passage,0.498087,0.00010042,248
105,10,16,query_to_passage,0.25846,9.002e-05,261
105,10,16,answer_to_passage,0.226734,4.344e-05,261
105,1,24,query_to_passage,0.503506,0.00143041,32
105,1,24,answer_to_passage,0.392729,0.00061364,32
105,2,24,query_to_passage,0.435317,0.00021508,184
105,2,24,answer_to_passage,0.278476,7.567e-05,184
105,3,24,query_to_passage,0.807897,0.00027405,268
105,3,24,answer_to_passage,2.75663,0.0005143,268
105,4,24,query_to_passage,0.239329,9.103e-05,239
105,4,24,answer_to_passage,0.323177,6.761e-05,239
105,5,24,query_to_passage,0.180505,0.00014918,110
105,5,24,answer_to_passage,0.077514,3.523e-05,110
105,6,24,query_to_passage,0.121157,9.256e-05,119
105,6,24,answer_to_passage,0.151739,6.376e-05,119
105,7,24,query_to_passage,0.175061,6.743e-05,236
105,7,24,answer_to_passage,0.283695,6.01e-05,236
105,8,24,query_to_passage,0.243902,8.561e-05,259
105,8,24,answer_to_passage,0.260305,5.025e-05,259
105,9,24,query_to_passage,0.204567,7.499e-05,248
105,9,24,answer_to_passage,0.191568,3.862e-05,248
105,10,24,query_to_passage,0.144856,5.046e-05,261
105,10,24,answer_to_passage,0.221545,4.244e-05,261
105,1,31,query_to_passage,0.543847,0.00154502,32
105,1,31,answer_to_passage,0.494578,0.00077278,32
105,2,31,query_to_passage,0.79249,0.00039155,184
105,2,31,answer_to_passage,0.600901,0.00016329,184
105,3,31,query_to_passage,1.122274,0.00038069,268
105,3,31,answer_to_passage,4.025835,0.00075109,268
105,4,31,query_to_passage,0.515386,0.00019604,239
105,4,31,answer_to_passage,0.636215,0.0001331,239
105,5,31,query_to_passage,0.437859,0.00036187,110
105,5,31,answer_to_passage,0.212018,9.637e-05,110
105,6,31,query_to_passage,0.376011,0.00028725,119
105,6,31,answer_to_passage,0.441517,0.00018551,119
105,7,31,query_to_passage,0.383922,0.00014789,236
105,7,31,answer_to_passage,0.707432,0.00014988,236
105,8,31,query_to_passage,0.53178,0.00018665,259
105,8,31,answer_to_passage,0.906216,0.00017495,259
105,9,31,query_to_passage,0.626621,0.0002297,248
105,9,31,answer_to_passage,0.607694,0.00012252,248
105,10,31,query_to_passage,0.46168,0.00016081,261
105,10,31,answer_to_passage,0.690624,0.0001323,261
2102,1,0,query_to_passage,0.506761,0.00016395,281
2102,1,0,answer_to_passage,0.909541,0.00014713,281
2102,2,0,query_to_passage,0.403862,0.00016919,217
2102,2,0,answer_to_passage,0.718388,0.00015048,217
2102,3,0,query_to_passage,0.426656,0.0001821,213
2102,3,0,answer_to_passage,0.755614,0.00016125,213
2102,4,0,query_to_passage,0.350829,0.00018543,172
2102,4,0,answer_to_passage,0.633929,0.00016753,172
2102,5,0,query_to_passage,0.618686,0.00021065,267
2102,5,0,answer_to_passage,1.095417,0.00018649,267
2102,6,0,query_to_passage,0.348153,0.00019906,159
2102,6,0,answer_to_passage,0.625304,0.00017876,159
2102,7,0,query_to_passage,0.401888,0.00019749,185
2102,7,0,answer_to_passage,0.709978,0.00017444,185
2102,8,0,query_to_passage,0.526001,0.00019598,244
2102,8,0,answer_to_passage,0.920732,0.00017152,244
2102,9,0,query_to_passage,0.559227,0.00021913,232
2102,9,0,answer_to_passage,0.992651,0.00019448,232
2102,10,0,query_to_passage,1.072299,0.00037065,263
2102,10,0,answer_to_passage,1.741974,0.00030107,263
2102,1,4,query_to_passage,0.153871,4.978e-05,281
2102,1,4,answer_to_passage,0.388638,6.287e-05,281
2102,2,4,query_to_passage,0.126189,5.287e-05,217
2102,2,4,answer_to_passage,0.273008,5.719e-05,217
2102,3,4,query_to_passage,0.056723,2.421e-05,213
2102,3,4,answer_to_passage,0.149869,3.198e-05,213
2102,4,4,query_to_passage,0.052247,2.761e-05,172
2102,4,4,answer_to_passage,0.148934,3.936e-05,172
2102,5,4,query_to_passage,0.085793,2.921e-05,267
2102,5,4,answer_to_passage,0.223205,3.8e-05,267
2102,6,4,query_to_passage,0.043799,2.504e-05,159
2102,6,4,answer_to_passage,0.132933,3.8e-05,159
2102,7,4,query_to_passage,0.036812,1.809e-05,185
2102,7,4,answer_to_passage,0.119808,2.944e-05,185
2102,8,4,query_to_passage,0.042935,1.6e-05,244
2102,8,4,answer_to_passage,0.147673,2.751e-05,244
2102,9,4,query_to_passage,0.07013,2.748e-05,232
2102,9,4,answer_to_passage,0.248099,4.861e-05,232
2102,10,4,query_to_passage,0.131099,4.532e-05,263
2102,10,4,answer_to_passage,0.39002,6.741e-05,263
2102,1,8,query_to_passage,0.272458,8.815e-05,281
2102,1,8,answer_to_passage,0.415486,6.721e-05,281
2102,2,8,query_to_passage,0.211668,8.868e-05,217
2102,2,8,answer_to_passage,0.317069,6.642e-05,217
2102,3,8,query_to_passage,0.10521,4.49e-05,213
2102,3,8,answer_to_passage,0.16636,3.55e-05,213
2102,4,8,query_to_passage,0.139685,7.383e-05,172
2102,4,8,answer_to_passage,0.260808,6.892e-05,172
2102,5,8,query_to_passage,0.119172,4.058e-05,267
2102,5,8,answer_to_passage,0.193562,3.295e-05,267
2102,6,8,query_to_passage,0.088696,5.071e-05,159
2102,6,8,answer_to_passage,0.107854,3.083e-05,159
2102,7,8,query_to_passage,0.08689,4.27e-05,185
2102,7,8,answer_to_passage,0.147376,3.621e-05,185
2102,8,8,query_to_passage,0.129423,4.822e-05,244
2102,8,8,answer_to_passage,0.207625,3.868e-05,244
2102,9,8,query_to_passage,0.14239,5.58e-05,232
2102,9,8,answer_to_passage,0.251585,4.929e-05,232
2102,10,8,query_to_passage,0.241972,8.364e-05,263
2102,10,8,answer_to_passage,0.461821,7.982e-05,263
2102,1,16,query_to_passage,0.743346,0.00024049,281
2102,1,16,answer_to_passage,0.575923,9.316e-05,281
2102,2,16,query_to_passage,0.634933,0.000266,217
2102,2,16,answer_to_passage,0.953151,0.00019965,217
2102,3,16,query_to_passage,0.389801,0.00016637,213
2102,3,16,answer_to_passage,0.652747,0.0001393,213
2102,4,16,query_to_passage,0.456991,0.00024154,172
2102,4,16,answer_to_passage,1.1568,0.00030571,172
2102,5,16,query_to_passage,0.423235,0.0001441,267
2102,5,16,answer_to_passage,0.830393,0.00014137,267
2102,6,16,query_to_passage,0.260112,0.00014872,159
2102,6,16,answer_to_passage,0.361544,0.00010336,159
2102,7,16,query_to_passage,0.270566,0.00013296,185
2102,7,16,answer_to_passage,0.733333,0.00018018,185
2102,8,16,query_to_passage,0.287603,0.00010715,244
2102,8,16,answer_to_passage,0.574129,0.00010695,244
2102,9,16,query_to_passage,0.313139,0.0001227,232
2102,9,16,answer_to_passage,1.102693,0.00021604,232
2102,10,16,query_to_passage,0.448036,0.00015487,263
2102,10,16,answer_to_passage,1.354055,0.00023402,263
2102,1,24,query_to_passage,0.913812,0.00029564,281
2102,1,24,answer_to_passage,0.681547,0.00011025,281
2102,2,24,query_to_passage,0.513451,0.0002151,217
2102,2,24,answer_to_passage,0.571903,0.0001198,217
2102,3,24,query_to_passage,0.257272,0.0001098,213
2102,3,24,answer_to_passage,0.339337,7.242e-05,213
2102,4,24,query_to_passage,0.265003,0.00014006,172
2102,4,24,answer_to_passage,0.575813,0.00015217,172
2102,5,24,query_to_passage,0.305637,0.00010406,267
2102,5,24,answer_to_passage,0.438844,7.471e-05,267
2102,6,24,query_to_passage,0.222608,0.00012728,159
2102,6,24,answer_to_passage,0.229076,6.549e-05,159
2102,7,24,query_to_passage,0.138015,6.782e-05,185
2102,7,24,answer_to_passage,0.254686,6.258e-05,185
2102,8,24,query_to_passage,0.211409,7.877e-05,244
2102,8,24,answer_to_passage,0.268932,5.01e-05,244
2102,9,24,query_to_passage,0.242193,9.49e-05,232
2102,9,24,answer_to_passage,0.579409,0.00011352,232
2102,10,24,query_to_passage,0.228386,7.894e-05,263
2102,10,24,answer_to_passage,0.531583,9.187e-05,263
2102,1,31,query_to_passage,1.31162,0.00042434,281
2102,1,31,answer_to_passage,1.027022,0.00016613,281
2102,2,31,query_to_passage,0.889024,0.00037244,217
2102,2,31,answer_to_passage,1.322505,0.00027702,217
2102,3,31,query_to_passage,0.492773,0.00021032,213
2102,3,31,answer_to_passage,0.716645,0.00015293,213
2102,4,31,query_to_passage,0.565122,0.00029869,172
2102,4,31,answer_to_passage,1.046637,0.0002766,172
2102,5,31,query_to_passage,0.601053,0.00020465,267
2102,5,31,answer_to_passage,0.863448,0.00014699,267
2102,6,31,query_to_passage,0.309711,0.00017708,159
2102,6,31,answer_to_passage,0.443843,0.00012688,159
2102,7,31,query_to_passage,0.322814,0.00015863,185
2102,7,31,answer_to_passage,0.841998,0.00020688,185
2102,8,31,query_to_passage,0.506665,0.00018877,244
2102,8,31,answer_to_passage,0.803768,0.00014973,244
2102,9,31,query_to_passage,0.469627,0.00018402,232
2102,9,31,answer_to_passage,0.913789,0.00017903,232
2102,10,31,query_to_passage,0.575784,0.00019903,263
2102,10,31,answer_to_passage,1.216518,0.00021025,263
735,1,0,query_to_passage,0.6887,0.00018962,227
735,1,0,answer_to_passage,1.311628,0.00018639,227
735,2,0,query_to_passage,0.626017,0.00019369,202
735,2,0,answer_to_passage,1.163388,0.00018579,202
735,3,0,query_to_passage,0.720149,0.00018676,241
735,3,0,answer_to_passage,1.360776,0.00018214,241
735,4,0,query_to_passage,0.867881,0.00021697,250
735,4,0,answer_to_passage,1.648355,0.00021269,250
735,5,0,query_to_passage,0.858185,0.00020629,260
735,5,0,answer_to_passage,1.612507,0.00020006,260
735,6,0,query_to_passage,0.331013,0.00022487,92
735,6,0,answer_to_passage,0.630888,0.00022121,92
735,7,0,query_to_passage,0.578121,0.00022443,161
735,7,0,answer_to_passage,1.069918,0.00021437,161
735,8,0,query_to_passage,0.678658,0.00021977,193
735,8,0,answer_to_passage,1.273314,0.00021282,193
735,9,0,query_to_passage,1.060154,0.00025194,263
735,9,0,answer_to_passage,1.989481,0.00024402,263
735,10,0,query_to_passage,1.376923,0.00039296,219
735,10,0,answer_to_passage,2.243376,0.00033044,219
735,1,4,query_to_passage,0.318727,8.776e-05,227
735,1,4,answer_to_passage,0.534219,7.592e-05,227
735,2,4,query_to_passage,0.192346,5.951e-05,202
735,2,4,answer_to_passage,0.380199,6.072e-05,202
735,3,4,query_to_passage,0.154128,3.997e-05,241
735,3,4,answer_to_passage,0.305966,4.095e-05,241
735,4,4,query_to_passage,0.171477,4.287e-05,250
735,4,4,answer_to_passage,0.310693,4.009e-05,250
735,5,4,query_to_passage,0.190861,4.588e-05,260
735,5,4,answer_to_passage,0.350146,4.344e-05,260
735,6,4,query_to_passage,0.067524,4.587e-05,92
735,6,4,answer_to_passage,0.151586,5.315e-05,92
735,7,4,query_to_passage,0.087702,3.405e-05,161
735,7,4,answer_to_passage,0.167289,3.352e-05,161
735,8,4,query_to_passage,0.103268,3.344e-05,193
735,8,4,answer_to_passage,0.212675,3.555e-05,193
735,9,4,query_to_passage,0.145365,3.454e-05,263
735,9,4,answer_to_passage,0.326634,4.006e-05,263
735,10,4,query_to_passage,0.209543,5.98e-05,219
735,10,4,answer_to_passage,0.417423,6.149e-05,219
735,1,8,query_to_passage,0.406008,0.00011179,227
735,1,8,answer_to_passage,0.611897,8.695e-05,227
735,2,8,query_to_passage,0.228946,7.084e-05,202
735,2,8,answer_to_passage,0.36163,5.775e-05,202
735,3,8,query_to_passage,0.234538,6.082e-05,241
735,3,8,answer_to_passage,0.353339,4.729e-05,241
735,4,8,query_to_passage,0.270575,6.764e-05,250
735,4,8,answer_to_passage,0.409966,5.29e-05,250
735,5,8,query_to_passage,0.203492,4.892e-05,260
735,5,8,answer_to_passage,0.288274,3.577e-05,260
735,6,8,query_to_passage,0.15032,0.00010212,92
735,6,8,answer_to_passage,0.212308,7.444e-05,92
735,7,8,query_to_passage,0.154457,5.996e-05,161
735,7,8,answer_to_passage,0.190071,3.808e-05,161
735,8,8,query_to_passage,0.21214,6.87e-05,193
735,8,8,answer_to_passage,0.299859,5.012e-05,193
735,9,8,query_to_passage,0.281501,6.69e-05,263
735,9,8,answer_to_passage,0.380134,4.663e-05,263
735,10,8,query_to_passage,0.53458,0.00015256,219
735,10,8,answer_to_passage,0.676259,9.961e-05,219
735,1,16,query_to_passage,1.688139,0.0004648,227
735,1,16,answer_to_passage,1.343434,0.00019091,227
735,2,16,query_to_passage,0.774237,0.00023955,202
735,2,16,answer_to_passage,1.455337,0.00023241,202
735,3,16,query_to_passage,0.442599,0.00011478,241
735,3,16,answer_to_passage,0.548941,7.348e-05,241
735,4,16,query_to_passage,1.268093,0.00031702,250
735,4,16,answer_to_passage,3.451292,0.00044533,250
735,5,16,query_to_passage,0.398801,9.587e-05,260
735,5,16,answer_to_passage,0.672701,8.346e-05,260
735,6,16,query_to_passage,0.382211,0.00025965,92
735,6,16,answer_to_passage,0.855205,0.00029986,92
735,7,16,query_to_passage,0.351976,0.00013664,161
735,7,16,answer_to_passage,0.463845,9.294e-05,161
735,8,16,query_to_passage,0.478353,0.00015491,193
735,8,16,answer_to_passage,0.76361,0.00012763,193
735,9,16,query_to_passage,0.514713,0.00012232,263
735,9,16,answer_to_passage,1.16876,0.00014335,263
735,10,16,query_to_passage,0.681186,0.0001944,219
735,10,16,answer_to_passage,1.617445,0.00023824,219
735,1,24,query_to_passage,1.39219,0.00038331,227
735,1,24,answer_to_passage,1.348075,0.00019157,227
735,2,24,query_to_passage,0.660265,0.00020429,202
735,2,24,answer_to_passage,1.651748,0.00026377,202
735,3,24,query_to_passage,0.416395,0.00010799,241
735,3,24,answer_to_passage,0.700007,9.37e-05,241
735,4,24,query_to_passage,0.879644,0.00021991,250
735,4,24,answer_to_passage,1.43875,0.00018565,250
735,5,24,query_to_passage,0.371671,8.934e-05,260
735,5,24,answer_to_passage,0.766652,9.512e-05,260
735,6,24,query_to_passage,0.218843,0.00014867,92
735,6,24,answer_to_passage,0.62431,0.0002189,92
735,7,24,query_to_passage,0.199388,7.74e-05,161
735,7,24,answer_to_passage,0.374122,7.496e-05,161
735,8,24,query_to_passage,0.25211,8.164e-05,193
735,8,24,answer_to_passage,0.51215,8.56e-05,193
735,9,24,query_to_passage,0.337652,8.024e-05,263
735,9,24,answer_to_passage,0.740263,9.08e-05,263
735,10,24,query_to_passage,0.373803,0.00010668,219
735,10,24,answer_to_passage,0.964176,0.00014202,219
735,1,31,query_to_passage,1.680371,0.00046266,227
735,1,31,answer_to_passage,1.724579,0.00024507,227
735,2,31,query_to_passage,1.300043,0.00040224,202
735,2,31,answer_to_passage,2.568573,0.00041018,202
735,3,31,query_to_passage,0.700267,0.0001816,241
735,3,31,answer_to_passage,1.078206,0.00014432,241
735,4,31,query_to_passage,1.293194,0.0003233,250
735,4,31,answer_to_passage,1.965911,0.00025367,250
735,5,31,query_to_passage,0.935761,0.00022494,260
735,5,31,answer_to_passage,1.603687,0.00019897,260
735,6,31,query_to_passage,0.467543,0.00031762,92
735,6,31,answer_to_passage,0.777369,0.00027257,92
735,7,31,query_to_passage,0.422531,0.00016403,161
735,7,31,answer_to_passage,0.656955,0.00013163,161
735,8,31,query_to_passage,0.620718,0.00020101,193
735,8,31,answer_to_passage,0.967577,0.00016172,193
735,9,31,query_to_passage,0.88142,0.00020946,263
735,9,31,answer_to_passage,1.630471,0.00019998,263
735,10,31,query_to_passage,0.903705,0.00025791,219
735,10,31,answer_to_passage,2.213514,0.00032604,219
1670,1,0,query_to_passage,0.698113,0.00015727,193
1670,1,0,answer_to_passage,0.215818,0.00015975,193
1670,2,0,query_to_passage,0.920976,0.00015703,255
1670,2,0,answer_to_passage,0.279606,0.00015664,255
1670,3,0,query_to_passage,1.024652,0.00017679,252
1670,3,0,answer_to_passage,0.313822,0.0001779,252
1670,4,0,query_to_passage,1.048216,0.00016817,271
1670,4,0,answer_to_passage,0.317224,0.00016722,271
1670,5,0,query_to_passage,0.87372,0.00015075,252
1670,5,0,answer_to_passage,0.272471,0.00015446,252
1670,6,0,query_to_passage,1.148339,0.00020978,238
1670,6,0,answer_to_passage,0.34988,0.00021001,238
1670,7,0,query_to_passage,1.086555,0.00018382,257
1670,7,0,answer_to_passage,0.337353,0.00018752,257
1670,8,0,query_to_passage,1.057974,0.00023469,196
1670,8,0,answer_to_passage,0.318707,0.00023229,196
1670,9,0,query_to_passage,1.094734,0.00024662,193
1670,9,0,answer_to_passage,0.332037,0.00024577,193
1670,10,0,query_to_passage,1.968577,0.0003383,253
1670,10,0,answer_to_passage,0.55078,0.000311,253
1670,1,4,query_to_passage,0.477612,0.00010759,193
1670,1,4,answer_to_passage,0.102808,7.61e-05,193
1670,2,4,query_to_passage,0.281401,4.798e-05,255
1670,2,4,answer_to_passage,0.093575,5.242e-05,255
1670,3,4,query_to_passage,0.265504,4.581e-05,252
1670,3,4,answer_to_passage,0.068718,3.896e-05,252
1670,4,4,query_to_passage,0.220495,3.538e-05,271
1670,4,4,answer_to_passage,0.069821,3.681e-05,271
1670,5,4,query_to_passage,0.158896,2.741e-05,252
1670,5,4,answer_to_passage,0.074208,4.207e-05,252
1670,6,4,query_to_passage,0.149758,2.736e-05,238
1670,6,4,answer_to_passage,0.057259,3.437e-05,238
1670,7,4,query_to_passage,0.118228,2e-05,257
1670,7,4,answer_to_passage,0.04241,2.357e-05,257
1670,8,4,query_to_passage,0.159008,3.527e-05,196
1670,8,4,answer_to_passage,0.053544,3.903e-05,196
1670,9,4,query_to_passage,0.186039,4.191e-05,193
1670,9,4,answer_to_passage,0.074954,5.548e-05,193
1670,10,4,query_to_passage,0.337766,5.805e-05,253
1670,10,4,answer_to_passage,0.149162,8.422e-05,253
1670,1,8,query_to_passage,0.472325,0.0001064,193
1670,1,8,answer_to_passage,0.082123,6.079e-05,193
1670,2,8,query_to_passage,0.388188,6.619e-05,255
1670,2,8,answer_to_passage,0.089969,5.04e-05,255
1670,3,8,query_to_passage,0.384333,6.631e-05,252
1670,3,8,answer_to_passage,0.080265,4.55e-05,252
1670,4,8,query_to_passage,0.396694,6.364e-05,271
1670,4,8,answer_to_passage,0.06997,3.688e-05,271
1670,5,8,query_to_passage,0.217941,3.76e-05,252
1670,5,8,answer_to_passage,0.087483,4.959e-05,252
1670,6,8,query_to_passage,0.290211,5.302e-05,238
1670,6,8,answer_to_passage,0.101262,6.078e-05,238
1670,7,8,query_to_passage,0.170007,2.876e-05,257
1670,7,8,answer_to_passage,0.059983,3.334e-05,257
1670,8,8,query_to_passage,0.327066,7.255e-05,196
1670,8,8,answer_to_passage,0.080869,5.894e-05,196
1670,9,8,query_to_passage,0.319146,7.19e-05,193
1670,9,8,answer_to_passage,0.07752,5.738e-05,193
1670,10,8,query_to_passage,0.594564,0.00010218,253
1670,10,8,answer_to_passage,0.149853,8.461e-05,253
1670,1,16,query_to_passage,1.889655,0.00042569,193
1670,1,16,answer_to_passage,0.271868,0.00020123,193
1670,2,16,query_to_passage,1.484922,0.00025318,255
1670,2,16,answer_to_passage,0.493174,0.00027629,255
1670,3,16,query_to_passage,1.508176,0.00026021,252
1670,3,16,answer_to_passage,0.365455,0.00020717,252
1670,4,16,query_to_passage,0.775238,0.00012438,271
1670,4,16,answer_to_passage,0.104367,5.502e-05,271
1670,5,16,query_to_passage,0.49686,8.572e-05,252
1670,5,16,answer_to_passage,0.2112,0.00011973,252
1670,6,16,query_to_passage,0.7589,0.00013864,238
1670,6,16,answer_to_passage,0.617674,0.00037075,238
1670,7,16,query_to_passage,0.442881,7.492e-05,257
1670,7,16,answer_to_passage,0.107845,5.995e-05,257
1670,8,16,query_to_passage,0.931033,0.00020653,196
1670,8,16,answer_to_passage,0.253036,0.00018443,196
1670,9,16,query_to_passage,0.854314,0.00019246,193
1670,9,16,answer_to_passage,0.149668,0.00011078,193
1670,10,16,query_to_passage,0.843005,0.00014487,253
1670,10,16,answer_to_passage,0.263476,0.00014877,253
1670,1,24,query_to_passage,1.383873,0.00031175,193
1670,1,24,answer_to_passage,0.289889,0.00021457,193
1670,2,24,query_to_passage,1.173549,0.00020009,255
1670,2,24,answer_to_passage,0.50134,0.00028086,255
1670,3,24,query_to_passage,0.94797,0.00016356,252
1670,3,24,answer_to_passage,0.332559,0.00018853,252
1670,4,24,query_to_passage,0.539707,8.659e-05,271
1670,4,24,answer_to_passage,0.082142,4.33e-05,271
1670,5,24,query_to_passage,0.334372,5.769e-05,252
1670,5,24,answer_to_passage,0.142774,8.094e-05,252
1670,6,24,query_to_passage,0.546974,9.992e-05,238
1670,6,24,answer_to_passage,0.274619,0.00016484,238
1670,7,24,query_to_passage,0.272589,4.612e-05,257
1670,7,24,answer_to_passage,0.07292,4.053e-05,257
1670,8,24,query_to_passage,0.383227,8.501e-05,196
1670,8,24,answer_to_passage,0.081696,5.955e-05,196
1670,9,24,query_to_passage,0.46021,0.00010367,193
1670,9,24,answer_to_passage,0.101574,7.518e-05,193
1670,10,24,query_to_passage,0.512079,8.8e-05,253
1670,10,24,answer_to_passage,0.121343,6.852e-05,253
1670,1,31,query_to_passage,2.127539,0.00047928,193
1670,1,31,answer_to_passage,0.429146,0.00031765,193
1670,2,31,query_to_passage,1.852905,0.00031593,255
1670,2,31,answer_to_passage,0.557278,0.0003122,255
1670,3,31,query_to_passage,1.327417,0.00022902,252
1670,3,31,answer_to_passage,0.375921,0.00021311,252
1670,4,31,query_to_passage,1.149268,0.00018438,271
1670,4,31,answer_to_passage,0.217283,0.00011454,271
1670,5,31,query_to_passage,0.83377,0.00014385,252
1670,5,31,answer_to_passage,0.294353,0.00016687,252
1670,6,31,query_to_passage,0.959476,0.00017528,238
1670,6,31,answer_to_passage,0.49838,0.00029915,238
1670,7,31,query_to_passage,0.648095,0.00010964,257
1670,7,31,answer_to_passage,0.20515,0.00011404,257
1670,8,31,query_to_passage,1.092488,0.00024234,196
1670,8,31,answer_to_passage,0.229268,0.00016711,196
1670,9,31,query_to_passage,1.060328,0.00023887,193
1670,9,31,answer_to_passage,0.222686,0.00016483,193
1670,10,31,query_to_passage,1.359357,0.00023361,253
1670,10,31,answer_to_passage,0.371312,0.00020966,253
1379,1,0,query_to_passage,0.47019,0.00014073,257
1379,1,0,answer_to_passage,6.994427,0.00014476,257
1379,2,0,query_to_passage,0.459973,0.00014325,247
1379,2,0,answer_to_passage,6.382212,0.00013744,247
1379,3,0,query_to_passage,0.560001,0.00016317,264
1379,3,0,answer_to_passage,7.864829,0.00015846,264
1379,4,0,query_to_passage,0.519332,0.00015424,259
1379,4,0,answer_to_passage,7.596704,0.00015602,259
1379,5,0,query_to_passage,0.658247,0.00019035,266
1379,5,0,answer_to_passage,9.228734,0.00018455,266
1379,6,0,query_to_passage,0.191508,0.00018886,78
1379,6,0,answer_to_passage,2.809965,0.00019162,78
1379,7,0,query_to_passage,0.660583,0.00018278,278
1379,7,0,answer_to_passage,9.041109,0.00017299,278
1379,8,0,query_to_passage,0.696945,0.00021882,245
1379,8,0,answer_to_passage,9.772289,0.00021216,245
1379,9,0,query_to_passage,0.349403,0.00021502,125
1379,9,0,answer_to_passage,4.649428,0.00019785,125
1379,10,0,query_to_passage,1.240658,0.00040439,236
1379,10,0,answer_to_passage,13.234724,0.00029829,236
1379,1,4,query_to_passage,0.197133,5.9e-05,257
1379,1,4,answer_to_passage,2.169257,4.49e-05,257
1379,2,4,query_to_passage,0.111172,3.462e-05,247
1379,2,4,answer_to_passage,1.255342,2.703e-05,247
1379,3,4,query_to_passage,0.136298,3.971e-05,264
1379,3,4,answer_to_passage,1.67821,3.381e-05,264
1379,4,4,query_to_passage,0.104027,3.09e-05,259
1379,4,4,answer_to_passage,1.457255,2.993e-05,259
1379,5,4,query_to_passage,0.079507,2.299e-05,266
1379,5,4,answer_to_passage,1.676082,3.352e-05,266
1379,6,4,query_to_passage,0.029722,2.931e-05,78
1379,6,4,answer_to_passage,0.395024,2.694e-05,78
1379,7,4,query_to_passage,0.125378,3.469e-05,278
1379,7,4,answer_to_passage,2.043708,3.91e-05,278
1379,8,4,query_to_passage,0.094896,2.979e-05,245
1379,8,4,answer_to_passage,2.985613,6.482e-05,245
1379,9,4,query_to_passage,0.080566,4.958e-05,125
1379,9,4,answer_to_passage,1.430729,6.088e-05,125
1379,10,4,query_to_passage,0.282304,9.202e-05,236
1379,10,4,answer_to_passage,6.926218,0.00015611,236
1379,1,8,query_to_passage,0.275125,8.235e-05,257
1379,1,8,answer_to_passage,2.300117,4.761e-05,257
1379,2,8,query_to_passage,0.164617,5.127e-05,247
1379,2,8,answer_to_passage,1.518456,3.27e-05,247
1379,3,8,query_to_passage,0.215669,6.284e-05,264
1379,3,8,answer_to_passage,1.480938,2.984e-05,264
1379,4,8,query_to_passage,0.210889,6.263e-05,259
1379,4,8,answer_to_passage,1.858191,3.816e-05,259
1379,5,8,query_to_passage,0.127592,3.69e-05,266
1379,5,8,answer_to_passage,1.59376,3.187e-05,266
1379,6,8,query_to_passage,0.093047,9.176e-05,78
1379,6,8,answer_to_passage,0.442355,3.017e-05,78
1379,7,8,query_to_passage,0.212221,5.872e-05,278
1379,7,8,answer_to_passage,1.812776,3.468e-05,278
1379,8,8,query_to_passage,0.209257,6.57e-05,245
1379,8,8,answer_to_passage,4.115061,8.934e-05,245
1379,9,8,query_to_passage,0.186495,0.00011477,125
1379,9,8,answer_to_passage,1.857529,7.904e-05,125
1379,10,8,query_to_passage,0.407605,0.00013286,236
1379,10,8,answer_to_passage,10.042286,0.00022634,236
1379,1,16,query_to_passage,0.553958,0.00016581,257
1379,1,16,answer_to_passage,1.409677,2.918e-05,257
1379,2,16,query_to_passage,0.348697,0.00010859,247
1379,2,16,answer_to_passage,1.052512,2.267e-05,247
1379,3,16,query_to_passage,0.589706,0.00017183,264
1379,3,16,answer_to_passage,1.238286,2.495e-05,264
1379,4,16,query_to_passage,0.523816,0.00015557,259
1379,4,16,answer_to_passage,2.278253,4.679e-05,259
1379,5,16,query_to_passage,0.46654,0.00013492,266
1379,5,16,answer_to_passage,3.462222,6.923e-05,266
1379,6,16,query_to_passage,0.260733,0.00025713,78
1379,6,16,answer_to_passage,0.580311,3.957e-05,78
1379,7,16,query_to_passage,0.600438,0.00016614,278
1379,7,16,answer_to_passage,2.159218,4.131e-05,278
1379,8,16,query_to_passage,0.684093,0.00021479,245
1379,8,16,answer_to_passage,7.205102,0.00015643,245
1379,9,16,query_to_passage,0.426331,0.00026236,125
1379,9,16,answer_to_passage,1.569508,6.679e-05,125
1379,10,16,query_to_passage,0.720823,0.00023495,236
1379,10,16,answer_to_passage,34.446014,0.00077637,236
1379,1,24,query_to_passage,0.479506,0.00014352,257
1379,1,24,answer_to_passage,2.069773,4.284e-05,257
1379,2,24,query_to_passage,0.326428,0.00010166,247
1379,2,24,answer_to_passage,1.702061,3.665e-05,247
1379,3,24,query_to_passage,0.505351,0.00014725,264
1379,3,24,answer_to_passage,1.296909,2.613e-05,264
1379,4,24,query_to_passage,0.517293,0.00015364,259
1379,4,24,answer_to_passage,2.031579,4.172e-05,259
1379,5,24,query_to_passage,0.394409,0.00011406,266
1379,5,24,answer_to_passage,2.91266,5.824e-05,266
1379,6,24,query_to_passage,0.121114,0.00011944,78
1379,6,24,answer_to_passage,0.51963,3.544e-05,78
1379,7,24,query_to_passage,0.306301,8.475e-05,278
1379,7,24,answer_to_passage,1.611452,3.083e-05,278
1379,8,24,query_to_passage,0.518349,0.00016275,245
1379,8,24,answer_to_passage,7.821031,0.0001698,245
1379,9,24,query_to_passage,0.215869,0.00013284,125
1379,9,24,answer_to_passage,1.384227,5.89e-05,125
1379,10,24,query_to_passage,0.616264,0.00020087,236
1379,10,24,answer_to_passage,18.007805,0.00040587,236
1379,1,31,query_to_passage,1.057847,0.00031663,257
1379,1,31,answer_to_passage,6.44848,0.00013346,257
1379,2,31,query_to_passage,0.607723,0.00018926,247
1379,2,31,answer_to_passage,4.899331,0.00010551,247
1379,3,31,query_to_passage,0.877004,0.00025554,264
1379,3,31,answer_to_passage,4.294364,8.652e-05,264
1379,4,31,query_to_passage,0.893751,0.00026544,259
1379,4,31,answer_to_passage,5.157631,0.00010592,259
1379,5,31,query_to_passage,0.593277,0.00017157,266
1379,5,31,answer_to_passage,8.118928,0.00016235,266
1379,6,31,query_to_passage,0.302736,0.00029856,78
1379,6,31,answer_to_passage,1.691826,0.00011537,78
1379,7,31,query_to_passage,0.786974,0.00021776,278
1379,7,31,answer_to_passage,5.801283,0.000111,278
1379,8,31,query_to_passage,1.01213,0.00031778,245
1379,8,31,answer_to_passage,17.277332,0.0003751,245
1379,9,31,query_to_passage,0.440614,0.00027115,125
1379,9,31,answer_to_passage,3.865733,0.0001645,125
1379,10,31,query_to_passage,0.943385,0.00030749,236
1379,10,31,answer_to_passage,29.131582,0.00065659,236
1504,1,0,query_to_passage,0.278124,0.00019517,95
1504,1,0,answer_to_passage,0.814002,0.00021421,95
1504,2,0,query_to_passage,0.5892,0.00017381,226
1504,2,0,answer_to_passage,1.674201,0.0001852,226
1504,3,0,query_to_passage,0.480671,0.0001885,170
1504,3,0,answer_to_passage,1.378037,0.00020265,170
1504,4,0,query_to_passage,0.386875,0.00015921,162
1504,4,0,answer_to_passage,1.122853,0.00017328,162
1504,5,0,query_to_passage,0.634108,0.00017762,238
1504,5,0,answer_to_passage,1.801325,0.00018921,238
1504,6,0,query_to_passage,0.858377,0.0002218,258
1504,6,0,answer_to_passage,2.495475,0.00024181,258
1504,7,0,query_to_passage,0.66223,0.00022875,193
1504,7,0,answer_to_passage,1.844469,0.00023892,193
1504,8,0,query_to_passage,0.506828,0.00021521,157
1504,8,0,answer_to_passage,1.447115,0.00023043,157
1504,9,0,query_to_passage,0.773059,0.0002231,231
1504,9,0,answer_to_passage,2.124686,0.00022994,231
1504,10,0,query_to_passage,1.21807,0.0003708,219
1504,10,0,answer_to_passage,2.872654,0.00032793,219
1504,1,4,query_to_passage,0.100047,7.021e-05,95
1504,1,4,answer_to_passage,0.191995,5.052e-05,95
1504,2,4,query_to_passage,0.132385,3.905e-05,226
1504,2,4,answer_to_passage,0.330669,3.658e-05,226
1504,3,4,query_to_passage,0.082865,3.25e-05,170
1504,3,4,answer_to_passage,0.183973,2.705e-05,170
1504,4,4,query_to_passage,0.059317,2.441e-05,162
1504,4,4,answer_to_passage,0.151049,2.331e-05,162
1504,5,4,query_to_passage,0.08709,2.439e-05,238
1504,5,4,answer_to_passage,0.227082,2.385e-05,238
1504,6,4,query_to_passage,0.113963,2.945e-05,258
1504,6,4,answer_to_passage,0.267855,2.595e-05,258
1504,7,4,query_to_passage,0.078978,2.728e-05,193
1504,7,4,answer_to_passage,0.216322,2.802e-05,193
1504,8,4,query_to_passage,0.096034,4.078e-05,157
1504,8,4,answer_to_passage,0.209052,3.329e-05,157
1504,9,4,query_to_passage,0.155306,4.482e-05,231
1504,9,4,answer_to_passage,0.359375,3.889e-05,231
1504,10,4,query_to_passage,0.440546,0.00013411,219
1504,10,4,answer_to_passage,0.691159,7.89e-05,219
1504,1,8,query_to_passage,0.162129,0.00011377,95
1504,1,8,answer_to_passage,0.269927,7.103e-05,95
1504,2,8,query_to_passage,0.174381,5.144e-05,226
1504,2,8,answer_to_passage,0.464719,5.141e-05,226
1504,3,8,query_to_passage,0.216746,8.5e-05,170
1504,3,8,answer_to_passage,0.369578,5.435e-05,170
1504,4,8,query_to_passage,0.161481,6.645e-05,162
1504,4,8,answer_to_passage,0.269787,4.163e-05,162
1504,5,8,query_to_passage,0.161,4.51e-05,238
1504,5,8,answer_to_passage,0.398965,4.191e-05,238
1504,6,8,query_to_passage,0.195014,5.039e-05,258
1504,6,8,answer_to_passage,0.346027,3.353e-05,258
1504,7,8,query_to_passage,0.161935,5.594e-05,193
1504,7,8,answer_to_passage,0.391,5.065e-05,193
1504,8,8,query_to_passage,0.158893,6.747e-05,157
1504,8,8,answer_to_passage,0.457793,7.29e-05,157
1504,9,8,query_to_passage,0.180906,5.221e-05,231
1504,9,8,answer_to_passage,0.468242,5.068e-05,231
1504,10,8,query_to_passage,0.711441,0.00021657,219
1504,10,8,answer_to_passage,1.012395,0.00011557,219
1504,1,16,query_to_passage,0.292994,0.00020561,95
1504,1,16,answer_to_passage,0.262966,6.92e-05,95
1504,2,16,query_to_passage,0.586088,0.00017289,226
1504,2,16,answer_to_passage,1.144486,0.0001266,226
1504,3,16,query_to_passage,0.551762,0.00021638,170
1504,3,16,answer_to_passage,0.790702,0.00011628,170
1504,4,16,query_to_passage,0.5914,0.00024337,162
1504,4,16,answer_to_passage,0.420429,6.488e-05,162
1504,5,16,query_to_passage,0.587274,0.0001645,238
1504,5,16,answer_to_passage,0.631906,6.638e-05,238
1504,6,16,query_to_passage,0.567206,0.00014656,258
1504,6,16,answer_to_passage,1.031322,9.993e-05,258
1504,7,16,query_to_passage,0.389769,0.00013464,193
1504,7,16,answer_to_passage,2.02473,0.00026227,193
1504,8,16,query_to_passage,0.733744,0.00031157,157
1504,8,16,answer_to_passage,1.325848,0.00021112,157
1504,9,16,query_to_passage,0.606376,0.000175,231
1504,9,16,answer_to_passage,0.713389,7.721e-05,231
1504,10,16,query_to_passage,1.137777,0.00034636,219
1504,10,16,answer_to_passage,0.84967,9.699e-05,219
1504,1,24,query_to_passage,0.362538,0.00025441,95
1504,1,24,answer_to_passage,0.420468,0.00011065,95
1504,2,24,query_to_passage,0.68566,0.00020226,226
1504,2,24,answer_to_passage,1.380479,0.00015271,226
1504,3,24,query_to_passage,0.600075,0.00023532,170
1504,3,24,answer_to_passage,1.201754,0.00017673,170
1504,4,24,query_to_passage,0.467932,0.00019256,162
1504,4,24,answer_to_passage,0.605874,9.35e-05,162
1504,5,24,query_to_passage,0.493289,0.00013818,238
1504,5,24,answer_to_passage,0.613366,6.443e-05,238
1504,6,24,query_to_passage,0.550422,0.00014223,258
1504,6,24,answer_to_passage,0.848478,8.222e-05,258
1504,7,24,query_to_passage,0.340035,0.00011746,193
1504,7,24,answer_to_passage,1.230063,0.00015933,193
1504,8,24,query_to_passage,0.388515,0.00016497,157
1504,8,24,answer_to_passage,0.832234,0.00013252,157
1504,9,24,query_to_passage,0.439864,0.00012694,231
1504,9,24,answer_to_passage,0.641828,6.946e-05,231
1504,10,24,query_to_passage,0.601178,0.00018301,219
1504,10,24,answer_to_passage,0.58189,6.643e-05,219
1504,1,31,query_to_passage,0.53329,0.00037424,95
1504,1,31,answer_to_passage,0.857203,0.00022558,95
1504,2,31,query_to_passage,1.001625,0.00029546,226
1504,2,31,answer_to_passage,2.203952,0.0002438,226
1504,3,31,query_to_passage,0.872841,0.00034229,170
1504,3,31,answer_to_passage,1.419436,0.00020874,170
1504,4,31,query_to_passage,0.726641,0.00029903,162
1504,4,31,answer_to_passage,0.963101,0.00014863,162
1504,5,31,query_to_passage,0.881601,0.00024695,238
1504,5,31,answer_to_passage,1.493888,0.00015692,238
1504,6,31,query_to_passage,0.94696,0.00024469,258
1504,6,31,answer_to_passage,1.572165,0.00015234,258
1504,7,31,query_to_passage,0.727014,0.00025113,193
1504,7,31,answer_to_passage,2.401451,0.00031107,193
1504,8,31,query_to_passage,0.860149,0.00036524,157
1504,8,31,answer_to_passage,1.727262,0.00027504,157
1504,9,31,query_to_passage,1.00004,0.00028861,231
1504,9,31,answer_to_passage,1.218147,0.00013183,231
1504,10,31,query_to_passage,1.16207,0.00035375,219
1504,10,31,answer_to_passage,1.3989,0.00015969,219
880,1,0,query_to_passage,0.581232,0.00015985,202
880,1,0,answer_to_passage,0.033375,0.00016523,202
880,2,0,query_to_passage,0.853448,0.00017692,268
880,2,0,answer_to_passage,0.048899,0.00018246,268
880,3,0,query_to_passage,0.748916,0.00015353,271
880,3,0,answer_to_passage,0.044819,0.00016539,271
880,4,0,query_to_passage,0.38506,0.00019447,110
880,4,0,answer_to_passage,0.021724,0.00019749,110
880,5,0,query_to_passage,1.019066,0.00019726,287
880,5,0,answer_to_passage,0.059355,0.00020681,287
880,6,0,query_to_passage,1.065554,0.00021925,270
880,6,0,answer_to_passage,0.060729,0.00022492,270
880,7,0,query_to_passage,0.75664,0.0002402,175
880,7,0,answer_to_passage,0.042932,0.00024532,175
880,8,0,query_to_passage,0.97841,0.00021742,250
880,8,0,answer_to_passage,0.056028,0.00022411,250
880,9,0,query_to_passage,1.476091,0.00030945,265
880,9,0,answer_to_passage,0.081018,0.00030573,265
880,10,0,query_to_passage,0.590495,0.00065611,50
880,10,0,answer_to_passage,0.02695,0.00053901,50
880,1,4,query_to_passage,0.221655,6.096e-05,202
880,1,4,answer_to_passage,0.012573,6.224e-05,202
880,2,4,query_to_passage,0.217828,4.516e-05,268
880,2,4,answer_to_passage,0.018447,6.883e-05,268
880,3,4,query_to_passage,0.124738,2.557e-05,271
880,3,4,answer_to_passage,0.010793,3.983e-05,271
880,4,4,query_to_passage,0.063312,3.198e-05,110
880,4,4,answer_to_passage,0.004482,4.075e-05,110
880,5,4,query_to_passage,0.126778,2.454e-05,287
880,5,4,answer_to_passage,0.011077,3.86e-05,287
880,6,4,query_to_passage,0.17127,3.524e-05,270
880,6,4,answer_to_passage,0.011029,4.085e-05,270
880,7,4,query_to_passage,0.146456,4.649e-05,175
880,7,4,answer_to_passage,0.010109,5.776e-05,175
880,8,4,query_to_passage,0.1607,3.571e-05,250
880,8,4,answer_to_passage,0.008867,3.547e-05,250
880,9,4,query_to_passage,0.246256,5.163e-05,265
880,9,4,answer_to_passage,0.016087,6.071e-05,265
880,10,4,query_to_passage,0.172167,0.0001913,50
880,10,4,answer_to_passage,0.013509,0.00027017,50
880,1,8,query_to_passage,0.330002,9.076e-05,202
880,1,8,answer_to_passage,0.008363,4.14e-05,202
880,2,8,query_to_passage,0.319263,6.618e-05,268
880,2,8,answer_to_passage,0.008979,3.351e-05,268
880,3,8,query_to_passage,0.251124,5.148e-05,271
880,3,8,answer_to_passage,0.007595,2.803e-05,271
880,4,8,query_to_passage,0.111892,5.651e-05,110
880,4,8,answer_to_passage,0.003656,3.324e-05,110
880,5,8,query_to_passage,0.175379,3.395e-05,287
880,5,8,answer_to_passage,0.005254,1.831e-05,287
880,6,8,query_to_passage,0.295067,6.071e-05,270
880,6,8,answer_to_passage,0.007654,2.835e-05,270
880,7,8,query_to_passage,0.311548,9.89e-05,175
880,7,8,answer_to_passage,0.009006,5.146e-05,175
880,8,8,query_to_passage,0.297137,6.603e-05,250
880,8,8,answer_to_passage,0.007003,2.801e-05,250
880,9,8,query_to_passage,0.387609,8.126e-05,265
880,9,8,answer_to_passage,0.009351,3.529e-05,265
880,10,8,query_to_passage,0.354406,0.00039378,50
880,10,8,answer_to_passage,0.011814,0.00023629,50
880,1,16,query_to_passage,0.939891,0.0002585,202
880,1,16,answer_to_passage,0.02738,0.00013554,202
880,2,16,query_to_passage,1.497139,0.00031035,268
880,2,16,answer_to_passage,0.036924,0.00013778,268
880,3,16,query_to_passage,0.753702,0.00015451,271
880,3,16,answer_to_passage,0.010583,3.905e-05,271
880,4,16,query_to_passage,0.440426,0.00022244,110
880,4,16,answer_to_passage,0.002137,1.943e-05,110
880,5,16,query_to_passage,1.402381,0.00027146,287
880,5,16,answer_to_passage,0.016216,5.65e-05,287
880,6,16,query_to_passage,0.767449,0.00015791,270
880,6,16,answer_to_passage,0.009244,3.424e-05,270
880,7,16,query_to_passage,0.657984,0.00020888,175
880,7,16,answer_to_passage,0.010011,5.721e-05,175
880,8,16,query_to_passage,0.880068,0.00019557,250
880,8,16,answer_to_passage,0.012698,5.079e-05,250
880,9,16,query_to_passage,0.702795,0.00014734,265
880,9,16,answer_to_passage,0.012715,4.798e-05,265
880,10,16,query_to_passage,0.364912,0.00040546,50
880,10,16,answer_to_passage,0.012515,0.00025029,50
880,1,24,query_to_passage,0.772497,0.00021246,202
880,1,24,answer_to_passage,0.028722,0.00014219,202
880,2,24,query_to_passage,1.093977,0.00022678,268
880,2,24,answer_to_passage,0.042326,0.00015793,268
880,3,24,query_to_passage,0.715156,0.00014661,271
880,3,24,answer_to_passage,0.020196,7.453e-05,271
880,4,24,query_to_passage,0.270013,0.00013637,110
880,4,24,answer_to_passage,0.010183,9.257e-05,110
880,5,24,query_to_passage,0.76235,0.00014757,287
880,5,24,answer_to_passage,0.023774,8.283e-05,287
880,6,24,query_to_passage,0.543375,0.00011181,270
880,6,24,answer_to_passage,0.022754,8.427e-05,270
880,7,24,query_to_passage,0.305895,9.711e-05,175
880,7,24,answer_to_passage,0.014823,8.47e-05,175
880,8,24,query_to_passage,0.534501,0.00011878,250
880,8,24,answer_to_passage,0.015397,6.159e-05,250
880,9,24,query_to_passage,0.394904,8.279e-05,265
880,9,24,answer_to_passage,0.014158,5.343e-05,265
880,10,24,query_to_passage,0.175829,0.00019537,50
880,10,24,answer_to_passage,0.01404,0.00028081,50
880,1,31,query_to_passage,1.041747,0.00028651,202
880,1,31,answer_to_passage,0.038312,0.00018966,202
880,2,31,query_to_passage,1.793329,0.00037175,268
880,2,31,answer_to_passage,0.06409,0.00023914,268
880,3,31,query_to_passage,1.267584,0.00025986,271
880,3,31,answer_to_passage,0.040983,0.00015123,271
880,4,31,query_to_passage,0.547483,0.00027651,110
880,4,31,answer_to_passage,0.022434,0.00020395,110
880,5,31,query_to_passage,1.30989,0.00025356,287
880,5,31,answer_to_passage,0.05694,0.0001984,287
880,6,31,query_to_passage,1.073793,0.00022095,270
880,6,31,answer_to_passage,0.030468,0.00011284,270
880,7,31,query_to_passage,0.69354,0.00022017,175
880,7,31,answer_to_passage,0.029567,0.00016896,175
880,8,31,query_to_passage,1.295038,0.00028779,250
880,8,31,answer_to_passage,0.033587,0.00013435,250
880,9,31,query_to_passage,0.988977,0.00020733,265
880,9,31,answer_to_passage,0.029926,0.00011293,265
880,10,31,query_to_passage,0.523966,0.00058218,50
880,10,31,answer_to_passage,0.01985,0.000397,50
