model_name,model_family,feature_count,calibrated,roc_auc,pr_auc,balanced_acc,precision,recall,f1,brier_score,policy_f1_t050,mean_k_t050,context_tokens_t050,token_reduction_t050,regret_t050,zero_regret_pct_t050,false_expansion_pct_t050,false_stop_pct_t050,tuned_threshold,policy_f1_tuned,mean_k_tuned,context_tokens_tuned,token_reduction_tuned,regret_tuned,false_expansion_pct_tuned,false_stop_pct_tuned
"Balanced Logistic Regression (5 feats, Baseline)",logistic_regression,5,False,0.6503,0.3199,0.6448,0.3053,0.6444,0.4143,0.2307,0.3842,4.82,1115.9,36.54,0.1053,69.7,28.57,6.93,0.53,0.37,4.68,1087.3,38.17,0.1195,24.24,9.52
Balanced Logistic Regression (2 feats: BM25+Lex),logistic_regression,2,False,0.6639,0.3664,0.6145,0.2812,0.6,0.383,0.2289,0.38,4.83,1117.7,36.44,0.1095,67.97,29.87,7.79,0.5700000000000001,0.3703,4.58,1065.9,39.39,0.1192,19.48,9.96
Shallow Decision Tree (5 feats),decision_tree,5,False,0.5197,0.2093,0.5219,0.2162,0.3556,0.2689,0.2817,0.3671,4.64,1078.4,38.67,0.1224,64.5,25.11,12.55,0.57,0.3696,4.61,1071.3,39.08,0.1199,23.81,12.99
Random Forest (5 feats),random_forest,5,False,0.6363,0.2962,0.6192,0.2976,0.5556,0.3876,0.2223,0.3717,4.73,1096.3,37.66,0.1178,67.97,25.54,8.66,0.51,0.3707,4.68,1085.6,38.27,0.1188,23.38,9.09
XGBoost (5 feats),xgboost,5,False,0.6265,0.287,0.6151,0.3231,0.4667,0.3818,0.2073,0.3725,4.56,1062.3,39.59,0.117,66.67,19.05,10.39,0.42000000000000004,0.382,4.82,1115.9,36.54,0.1075,29.87,8.23
XGBoost (2 feats: BM25+Lex),xgboost,2,False,0.6335,0.3293,0.6023,0.2875,0.5111,0.368,0.2192,0.378,4.69,1089.1,38.06,0.1115,67.53,24.68,9.52,0.45999999999999996,0.3689,4.89,1130.3,35.73,0.1206,33.33,8.23
LightGBM (5 feats),lightgbm,5,False,0.5803,0.2825,0.5616,0.2444,0.4889,0.3259,0.2289,0.3632,4.78,1107.0,37.05,0.1263,65.8,29.44,9.96,0.5,0.3632,4.78,1107.0,37.05,0.1263,29.44,9.96
HistGradientBoosting (5 feats),hist_gradient_boosting,5,False,0.613,0.298,0.597,0.2805,0.5111,0.3622,0.2242,0.3716,4.71,1092.7,37.86,0.1179,66.67,25.54,9.52,0.45999999999999996,0.3721,4.9,1132.0,35.62,0.1174,33.33,7.79
"Small MLP (5->8->1, 5 feats)",mlp,5,False,0.5755,0.2616,0.5606,0.2533,0.4222,0.3167,0.2496,0.3638,4.65,1080.2,38.57,0.1257,65.8,24.24,11.26,0.5399999999999999,0.361,4.57,1064.1,39.49,0.1285,21.21,12.12
"Calibrated Logistic Regression (Platt, 5 feats)",logistic_regression,5,True,0.5838,0.251,0.5,0.0,0.0,0.0,0.1554,0.3596,4.0,946.1,46.2,0.1299,63.64,0.0,19.48,0.53,0.3596,4.0,946.1,46.2,0.1299,0.0,19.48
"Calibrated Random Forest (Platt, 5 feats)",random_forest,5,True,0.5998,0.2513,0.5,0.0,0.0,0.0,0.1548,0.3596,4.0,946.1,46.2,0.1299,63.64,0.0,19.48,0.51,0.3596,4.0,946.1,46.2,0.1299,0.0,19.48
"Calibrated XGBoost (Platt, 5 feats)",xgboost,5,True,0.5688,0.235,0.5,0.0,0.0,0.0,0.1564,0.3596,4.0,946.1,46.2,0.1299,63.64,0.0,19.48,0.42000000000000004,0.3596,4.0,946.1,46.2,0.1299,0.0,19.48
